waktu_utc,sensor,muka_air_sensor_m,harmonik_v1_m,simpangan_sensor_m,simpangan_model_m,galat_simpangan_m
2026-09-18T06:00:00+00:00,prs,1.177,-0.153009,-0.237983,-0.157009,0.080974
2026-09-18T06:01:00+00:00,prs,1.187,-0.15223,-0.227983,-0.15623,0.071753
2026-09-18T06:02:00+00:00,prs,1.177,-0.151441,-0.237983,-0.155441,0.082542
2026-09-18T06:03:00+00:00,prs,1.215,-0.150643,-0.199983,-0.154643,0.04534
2026-09-18T06:04:00+00:00,prs,1.164,-0.149836,-0.250983,-0.153836,0.097147
2026-09-18T06:05:00+00:00,prs,1.188,-0.14902,-0.226983,-0.15302,0.073963
2026-09-18T06:06:00+00:00,prs,1.153,-0.148195,-0.261983,-0.152195,0.109788
2026-09-18T06:07:00+00:00,prs,1.155,-0.147361,-0.259983,-0.15136,0.108622
2026-09-18T06:08:00+00:00,prs,1.186,-0.146518,-0.228983,-0.150517,0.078466
2026-09-18T06:09:00+00:00,prs,1.163,-0.145666,-0.251983,-0.149666,0.102317
2026-09-18T06:10:00+00:00,prs,1.161,-0.144805,-0.253983,-0.148805,0.105178
2026-09-18T06:11:00+00:00,prs,1.202,-0.143936,-0.212983,-0.147936,0.065047
2026-09-18T06:12:00+00:00,prs,1.184,-0.143058,-0.230983,-0.147058,0.083925
2026-09-18T06:13:00+00:00,prs,1.167,-0.142172,-0.247983,-0.146172,0.101811
2026-09-18T06:14:00+00:00,prs,1.178,-0.141278,-0.236983,-0.145278,0.091705
2026-09-18T06:15:00+00:00,prs,1.185,-0.140375,-0.229983,-0.144375,0.085608
2026-09-18T06:16:00+00:00,prs,1.206,-0.139464,-0.208983,-0.143464,0.065519
2026-09-18T06:17:00+00:00,prs,1.181,-0.138545,-0.233983,-0.142545,0.091438
2026-09-18T06:18:00+00:00,prs,1.192,-0.137618,-0.222983,-0.141618,0.081365
2026-09-18T06:19:00+00:00,prs,1.21,-0.136683,-0.204983,-0.140683,0.0643
2026-09-18T06:20:00+00:00,prs,1.21,-0.13574,-0.204983,-0.13974,0.065243
2026-09-18T06:21:00+00:00,prs,1.187,-0.134789,-0.227983,-0.138789,0.089194
2026-09-18T06:22:00+00:00,prs,1.184,-0.133831,-0.230983,-0.137831,0.093152
2026-09-18T06:23:00+00:00,prs,1.213,-0.132865,-0.201983,-0.136865,0.065118
2026-09-18T06:24:00+00:00,prs,1.218,-0.131892,-0.196983,-0.135892,0.061091
2026-09-18T06:25:00+00:00,prs,1.198,-0.130911,-0.216983,-0.134911,0.082072
2026-09-18T06:26:00+00:00,prs,1.191,-0.129923,-0.223983,-0.133923,0.09006
2026-09-18T06:27:00+00:00,prs,1.194,-0.128928,-0.220983,-0.132928,0.088055
2026-09-18T06:28:00+00:00,prs,1.204,-0.127926,-0.210983,-0.131926,0.079057
2026-09-18T06:29:00+00:00,prs,1.189,-0.126916,-0.225983,-0.130916,0.095067
2026-09-18T06:30:00+00:00,prs,1.19,-0.1259,-0.224983,-0.1299,0.095083
2026-09-18T06:31:00+00:00,prs,1.2,-0.124877,-0.214983,-0.128877,0.086106
2026-09-18T06:32:00+00:00,prs,1.19,-0.123847,-0.224983,-0.127847,0.097136
2026-09-18T06:33:00+00:00,prs,1.193,-0.122811,-0.221983,-0.12681,0.095173
2026-09-18T06:34:00+00:00,prs,1.181,-0.121767,-0.233983,-0.125767,0.108216
2026-09-18T06:35:00+00:00,prs,1.202,-0.120718,-0.212983,-0.124718,0.088265
2026-09-18T06:36:00+00:00,prs,1.196,-0.119662,-0.218983,-0.123662,0.095321
2026-09-18T06:37:00+00:00,prs,1.212,-0.1186,-0.202983,-0.1226,0.080383
2026-09-18T06:38:00+00:00,prs,1.203,-0.117532,-0.211983,-0.121532,0.090451
2026-09-18T06:39:00+00:00,prs,1.207,-0.116457,-0.207983,-0.120457,0.087526
2026-09-18T06:40:00+00:00,prs,1.222,-0.115377,-0.192983,-0.119377,0.073606
2026-09-18T06:41:00+00:00,prs,1.236,-0.114291,-0.178983,-0.118291,0.060692
2026-09-18T06:42:00+00:00,prs,1.212,-0.113199,-0.202983,-0.117199,0.085784
2026-09-18T06:43:00+00:00,prs,1.229,-0.112101,-0.185983,-0.116101,0.069882
2026-09-18T06:44:00+00:00,prs,1.24,-0.110998,-0.174983,-0.114998,0.059985
2026-09-18T06:45:00+00:00,prs,1.225,-0.10989,-0.189983,-0.113889,0.076094
2026-09-18T06:46:00+00:00,prs,1.216,-0.108775,-0.198983,-0.112775,0.086208
2026-09-18T06:47:00+00:00,prs,1.222,-0.107656,-0.192983,-0.111656,0.081327
2026-09-18T06:48:00+00:00,prs,1.229,-0.106532,-0.185983,-0.110532,0.075451
2026-09-18T06:49:00+00:00,prs,1.2610000000000001,-0.105402,-0.153983,-0.109402,0.044581
2026-09-18T06:50:00+00:00,prs,1.255,-0.104268,-0.159983,-0.108268,0.051715
2026-09-18T06:51:00+00:00,prs,1.234,-0.103128,-0.180983,-0.107128,0.073855
2026-09-18T06:52:00+00:00,prs,1.262,-0.101984,-0.152983,-0.105984,0.046999
2026-09-18T06:53:00+00:00,prs,1.26,-0.100835,-0.154983,-0.104835,0.050148
2026-09-18T06:54:00+00:00,prs,1.27,-0.099682,-0.144983,-0.103682,0.041301
2026-09-18T06:55:00+00:00,prs,1.244,-0.098524,-0.170983,-0.102524,0.068459
2026-09-18T06:56:00+00:00,prs,1.2610000000000001,-0.097362,-0.153983,-0.101362,0.052621
2026-09-18T06:57:00+00:00,prs,1.233,-0.096195,-0.181983,-0.100195,0.081788
2026-09-18T06:58:00+00:00,prs,1.274,-0.095025,-0.140983,-0.099025,0.041958
2026-09-18T06:59:00+00:00,prs,1.288,-0.09385,-0.126983,-0.09785,0.029133
2026-09-18T07:00:00+00:00,prs,1.2530000000000001,-0.092672,-0.161983,-0.096671,0.065311
2026-09-18T07:01:00+00:00,prs,1.263,-0.091489,-0.151983,-0.095489,0.056494
2026-09-18T07:02:00+00:00,prs,1.272,-0.090303,-0.142983,-0.094303,0.04868
2026-09-18T07:03:00+00:00,prs,1.274,-0.089113,-0.140983,-0.093113,0.04787
2026-09-18T07:04:00+00:00,prs,1.2770000000000001,-0.08792,-0.137983,-0.09192,0.046063
2026-09-18T07:05:00+00:00,prs,1.2730000000000001,-0.086723,-0.141983,-0.090723,0.05126
2026-09-18T07:06:00+00:00,prs,1.282,-0.085523,-0.132983,-0.089523,0.04346
2026-09-18T07:07:00+00:00,prs,1.271,-0.08432,-0.143983,-0.08832,0.055663
2026-09-18T07:08:00+00:00,prs,1.274,-0.083114,-0.140983,-0.087113,0.05387
2026-09-18T07:09:00+00:00,prs,1.289,-0.081904,-0.125983,-0.085904,0.040079
2026-09-18T07:10:00+00:00,prs,1.2610000000000001,-0.080692,-0.153983,-0.084692,0.069291
2026-09-18T07:11:00+00:00,prs,1.267,-0.079477,-0.147983,-0.083477,0.064506
2026-09-18T07:12:00+00:00,prs,1.275,-0.078259,-0.139983,-0.082259,0.057724
2026-09-18T07:13:00+00:00,prs,1.292,-0.077039,-0.122983,-0.081039,0.041944
2026-09-18T07:14:00+00:00,prs,1.2810000000000001,-0.075816,-0.133983,-0.079816,0.054167
2026-09-18T07:15:00+00:00,prs,1.276,-0.074591,-0.138983,-0.078591,0.060392
2026-09-18T07:16:00+00:00,prs,1.26,-0.073364,-0.154983,-0.077364,0.077619
2026-09-18T07:17:00+00:00,prs,1.266,-0.072134,-0.148983,-0.076134,0.072849
2026-09-18T07:18:00+00:00,prs,1.2810000000000001,-0.070903,-0.133983,-0.074903,0.05908
2026-09-18T07:19:00+00:00,prs,1.258,-0.069669,-0.156983,-0.073669,0.083314
2026-09-18T07:20:00+00:00,prs,1.311,-0.068434,-0.103983,-0.072434,0.031549
2026-09-18T07:21:00+00:00,prs,1.268,-0.067197,-0.146983,-0.071197,0.075786
2026-09-18T07:22:00+00:00,prs,1.267,-0.065958,-0.147983,-0.069958,0.078025
2026-09-18T07:23:00+00:00,prs,1.2530000000000001,-0.064718,-0.161983,-0.068718,0.093265
2026-09-18T07:24:00+00:00,prs,1.284,-0.063477,-0.130983,-0.067477,0.063506
2026-09-18T07:25:00+00:00,prs,1.263,-0.062234,-0.151983,-0.066234,0.085749
2026-09-18T07:26:00+00:00,prs,1.244,-0.06099,-0.170983,-0.06499,0.105993
2026-09-18T07:27:00+00:00,prs,1.279,-0.059745,-0.135983,-0.063745,0.072238
2026-09-18T07:28:00+00:00,prs,1.297,-0.058499,-0.117983,-0.062499,0.055484
2026-09-18T07:29:00+00:00,prs,1.25,-0.057252,-0.164983,-0.061252,0.103731
2026-09-18T07:30:00+00:00,prs,1.2770000000000001,-0.056005,-0.137983,-0.060004,0.077978
2026-09-18T07:31:00+00:00,prs,1.296,-0.054756,-0.118983,-0.058756,0.060227
2026-09-18T07:32:00+00:00,prs,1.297,-0.053508,-0.117983,-0.057507,0.060476
2026-09-18T07:33:00+00:00,prs,1.26,-0.052258,-0.154983,-0.056258,0.098725
2026-09-18T07:34:00+00:00,prs,1.298,-0.051009,-0.116983,-0.055009,0.061974
2026-09-18T07:35:00+00:00,prs,1.2389999999999999,-0.049759,-0.175983,-0.053759,0.122224
2026-09-18T07:36:00+00:00,prs,1.236,-0.048509,-0.178983,-0.052509,0.126474
2026-09-18T07:37:00+00:00,prs,1.241,-0.047259,-0.173983,-0.051259,0.122724
2026-09-18T07:38:00+00:00,prs,1.248,-0.046009,-0.166983,-0.050009,0.116974
2026-09-18T07:39:00+00:00,prs,1.275,-0.04476,-0.139983,-0.04876,0.091223
2026-09-18T07:40:00+00:00,prs,1.2690000000000001,-0.043511,-0.145983,-0.047511,0.098472
2026-09-18T07:41:00+00:00,prs,1.28,-0.042262,-0.134983,-0.046262,0.088721
2026-09-18T07:42:00+00:00,prs,1.3,-0.041014,-0.114983,-0.045013,0.06997
2026-09-18T07:43:00+00:00,prs,1.25,-0.039766,-0.164983,-0.043766,0.121217
2026-09-18T07:44:00+00:00,prs,1.2810000000000001,-0.038519,-0.133983,-0.042519,0.091464
2026-09-18T07:45:00+00:00,prs,1.321,-0.037273,-0.093983,-0.041273,0.05271
2026-09-18T07:46:00+00:00,prs,1.233,-0.036028,-0.181983,-0.040028,0.141955
2026-09-18T07:47:00+00:00,prs,1.214,-0.034784,-0.200983,-0.038784,0.162199
2026-09-18T07:48:00+00:00,prs,1.297,-0.033541,-0.117983,-0.037541,0.080442
2026-09-18T07:49:00+00:00,prs,1.221,-0.032299,-0.193983,-0.036299,0.157684
2026-09-18T07:50:00+00:00,prs,1.23,-0.031059,-0.184983,-0.035059,0.149924
2026-09-18T07:51:00+00:00,prs,1.314,-0.02982,-0.100983,-0.03382,0.067163
2026-09-18T07:52:00+00:00,prs,1.302,-0.028583,-0.112983,-0.032583,0.0804
2026-09-18T07:53:00+00:00,prs,1.256,-0.027348,-0.158983,-0.031348,0.127635
2026-09-18T07:54:00+00:00,prs,1.325,-0.026114,-0.089983,-0.030114,0.059869
2026-09-18T07:55:00+00:00,prs,1.289,-0.024882,-0.125983,-0.028882,0.097101
2026-09-18T07:56:00+00:00,prs,1.296,-0.023653,-0.118983,-0.027653,0.09133
2026-09-18T07:57:00+00:00,prs,1.3,-0.022425,-0.114983,-0.026425,0.088558
2026-09-18T07:58:00+00:00,prs,1.325,-0.0212,-0.089983,-0.0252,0.064783
2026-09-18T07:59:00+00:00,prs,1.274,-0.019977,-0.140983,-0.023977,0.117006
2026-09-18T08:00:00+00:00,prs,1.32,-0.018756,-0.094983,-0.022756,0.072227
2026-09-18T08:01:00+00:00,prs,1.342,-0.017538,-0.072983,-0.021538,0.051445
2026-09-18T08:02:00+00:00,prs,1.3559999999999999,-0.016322,-0.058983,-0.020322,0.038661
2026-09-18T08:03:00+00:00,prs,1.354,-0.01511,-0.060983,-0.019109,0.041873
2026-09-18T08:04:00+00:00,prs,1.363,-0.0139,-0.051983,-0.0179,0.034083
2026-09-18T08:05:00+00:00,prs,1.292,-0.012693,-0.122983,-0.016693,0.10629
2026-09-18T08:06:00+00:00,prs,1.315,-0.011489,-0.099983,-0.015489,0.084494
2026-09-18T08:07:00+00:00,prs,1.262,-0.010288,-0.152983,-0.014288,0.138695
2026-09-18T08:08:00+00:00,prs,1.287,-0.00909,-0.127983,-0.01309,0.114893
2026-09-18T08:09:00+00:00,prs,1.312,-0.007896,-0.102983,-0.011896,0.091087
2026-09-18T08:10:00+00:00,prs,1.306,-0.006705,-0.108983,-0.010705,0.098278
2026-09-18T08:11:00+00:00,prs,1.294,-0.005518,-0.120983,-0.009518,0.111465
2026-09-18T08:12:00+00:00,prs,1.193,-0.004334,-0.221983,-0.008334,0.213649
2026-09-18T08:13:00+00:00,prs,1.337,-0.003154,-0.077983,-0.007154,0.070829
2026-09-18T08:14:00+00:00,prs,1.263,-0.001978,-0.151983,-0.005978,0.146005
2026-09-18T08:15:00+00:00,prs,1.302,-0.000806,-0.112983,-0.004806,0.108177
2026-09-18T08:16:00+00:00,prs,1.317,0.000362,-0.097983,-0.003638,0.094345
2026-09-18T08:17:00+00:00,prs,1.26,0.001526,-0.154983,-0.002474,0.152509
2026-09-18T08:18:00+00:00,prs,1.359,0.002686,-0.055983,-0.001314,0.054669
2026-09-18T08:19:00+00:00,prs,1.32,0.003841,-0.094983,-0.000159,0.094824
2026-09-18T08:20:00+00:00,prs,1.346,0.004992,-0.068983,0.000992,0.069975
2026-09-18T08:21:00+00:00,prs,1.329,0.006138,-0.085983,0.002139,0.088122
2026-09-18T08:22:00+00:00,prs,1.299,0.00728,-0.115983,0.00328,0.119263
2026-09-18T08:23:00+00:00,prs,1.324,0.008417,-0.090983,0.004418,0.095401
2026-09-18T08:24:00+00:00,prs,1.357,0.00955,-0.057983,0.00555,0.063533
2026-09-18T08:25:00+00:00,prs,1.369,0.010677,-0.045983,0.006677,0.05266
2026-09-18T08:26:00+00:00,prs,1.362,0.0118,-0.052983,0.0078,0.060783
2026-09-18T08:27:00+00:00,prs,1.254,0.012917,-0.160983,0.008917,0.1699
2026-09-18T08:28:00+00:00,prs,1.408,0.014029,-0.006983,0.010029,0.017012
2026-09-18T08:29:00+00:00,prs,1.334,0.015136,-0.080983,0.011136,0.092119
2026-09-18T08:30:00+00:00,prs,1.283,0.016238,-0.131983,0.012238,0.144221
2026-09-18T08:31:00+00:00,prs,1.381,0.017334,-0.033983,0.013334,0.047317
2026-09-18T08:32:00+00:00,prs,1.3439999999999999,0.018424,-0.070983,0.014424,0.085407
2026-09-18T08:33:00+00:00,prs,1.333,0.019509,-0.081983,0.015509,0.097492
2026-09-18T08:34:00+00:00,prs,1.312,0.020588,-0.102983,0.016589,0.119571
2026-09-18T08:35:00+00:00,prs,1.37,0.021662,-0.044983,0.017662,0.062645
2026-09-18T08:36:00+00:00,prs,1.279,0.022729,-0.135983,0.018729,0.154712
2026-09-18T08:37:00+00:00,prs,1.306,0.023791,-0.108983,0.019791,0.128774
2026-09-18T08:38:00+00:00,prs,1.323,0.024846,-0.091983,0.020846,0.112829
2026-09-18T08:39:00+00:00,prs,1.423,0.025895,0.008017,0.021895,0.013878
2026-09-18T08:40:00+00:00,prs,1.306,0.026938,-0.108983,0.022938,0.131921
2026-09-18T08:41:00+00:00,prs,1.324,0.027975,-0.090983,0.023975,0.114958
2026-09-18T08:42:00+00:00,prs,1.304,0.029005,-0.110983,0.025005,0.135988
2026-09-18T08:43:00+00:00,prs,1.418,0.030029,0.003017,0.026029,0.023012
2026-09-18T08:44:00+00:00,prs,1.3519999999999999,0.031046,-0.062983,0.027046,0.090029
2026-09-18T08:45:00+00:00,prs,1.357,0.032056,-0.057983,0.028056,0.086039
2026-09-18T08:46:00+00:00,prs,1.3439999999999999,0.03306,-0.070983,0.02906,0.100043
2026-09-18T08:47:00+00:00,prs,1.354,0.034057,-0.060983,0.030057,0.09104
2026-09-18T08:48:00+00:00,prs,1.421,0.035046,0.006017,0.031046,0.025029
2026-09-18T08:49:00+00:00,prs,1.427,0.036029,0.012017,0.032029,0.020012
2026-09-18T08:50:00+00:00,prs,1.409,0.037005,-0.005983,0.033005,0.038988
2026-09-18T08:51:00+00:00,prs,1.359,0.037973,-0.055983,0.033973,0.089956
2026-09-18T08:52:00+00:00,prs,1.462,0.038935,0.047017,0.034935,-0.012082
2026-09-18T08:53:00+00:00,prs,1.395,0.039889,-0.019983,0.035889,0.055872
2026-09-18T08:54:00+00:00,prs,1.392,0.040835,-0.022983,0.036835,0.059818
2026-09-18T08:55:00+00:00,prs,1.314,0.041774,-0.100983,0.037774,0.138757
2026-09-18T08:56:00+00:00,prs,1.345,0.042706,-0.069983,0.038706,0.108689
2026-09-18T08:57:00+00:00,prs,1.337,0.043629,-0.077983,0.03963,0.117612
2026-09-18T08:58:00+00:00,prs,1.417,0.044546,0.002017,0.040546,0.038529
2026-09-18T08:59:00+00:00,prs,1.3940000000000001,0.045454,-0.020983,0.041454,0.062437
2026-09-18T09:00:00+00:00,prs,1.342,0.046354,-0.072983,0.042354,0.115337
2026-09-18T09:01:00+00:00,prs,1.4,0.047247,-0.014983,0.043247,0.05823
2026-09-18T09:02:00+00:00,prs,1.342,0.048131,-0.072983,0.044131,0.117114
2026-09-18T09:03:00+00:00,prs,1.375,0.049008,-0.039983,0.045008,0.084991
2026-09-18T09:04:00+00:00,prs,1.27,0.049876,-0.144983,0.045876,0.190859
2026-09-18T09:05:00+00:00,prs,1.317,0.050736,-0.097983,0.046736,0.144719
2026-09-18T09:06:00+00:00,prs,1.375,0.051587,-0.039983,0.047587,0.08757
2026-09-18T09:07:00+00:00,prs,1.373,0.052431,-0.041983,0.048431,0.090414
2026-09-18T09:08:00+00:00,prs,1.377,0.053265,-0.037983,0.049266,0.087249
2026-09-18T09:09:00+00:00,prs,1.395,0.054092,-0.019983,0.050092,0.070075
2026-09-18T09:10:00+00:00,prs,1.435,0.05491,0.020017,0.05091,0.030893
2026-09-18T09:11:00+00:00,prs,1.329,0.055719,-0.085983,0.051719,0.137702
2026-09-18T09:12:00+00:00,prs,1.48,0.056519,0.065017,0.052519,-0.012498
2026-09-18T09:13:00+00:00,prs,1.438,0.057311,0.023017,0.053311,0.030294
2026-09-18T09:14:00+00:00,prs,1.401,0.058093,-0.013983,0.054093,0.068076
2026-09-18T09:15:00+00:00,prs,1.379,0.058867,-0.035983,0.054867,0.09085
2026-09-18T09:16:00+00:00,prs,1.337,0.059632,-0.077983,0.055632,0.133615
2026-09-18T09:17:00+00:00,prs,1.455,0.060388,0.040017,0.056388,0.016371
2026-09-18T09:18:00+00:00,prs,1.455,0.061134,0.040017,0.057135,0.017117
2026-09-18T09:19:00+00:00,prs,1.456,0.061872,0.041017,0.057872,0.016855
2026-09-18T09:20:00+00:00,prs,1.329,0.0626,-0.085983,0.0586,0.144583
2026-09-18T09:21:00+00:00,prs,1.3940000000000001,0.063319,-0.020983,0.059319,0.080302
2026-09-18T09:22:00+00:00,prs,1.357,0.064029,-0.057983,0.060029,0.118012
2026-09-18T09:23:00+00:00,prs,1.354,0.064729,-0.060983,0.06073,0.121712
2026-09-18T09:24:00+00:00,prs,1.4,0.06542,-0.014983,0.06142,0.076403
2026-09-18T09:25:00+00:00,prs,1.367,0.066102,-0.047983,0.062102,0.110085
2026-09-18T09:26:00+00:00,prs,1.457,0.066773,0.042017,0.062773,0.020756
2026-09-18T09:27:00+00:00,prs,1.4689999999999999,0.067436,0.054017,0.063436,0.009419
2026-09-18T09:28:00+00:00,prs,1.449,0.068088,0.034017,0.064088,0.030071
2026-09-18T09:29:00+00:00,prs,1.395,0.068731,-0.019983,0.064731,0.084714
2026-09-18T09:30:00+00:00,prs,1.387,0.069364,-0.027983,0.065364,0.093347
2026-09-18T09:31:00+00:00,prs,1.321,0.069987,-0.093983,0.065987,0.15997
2026-09-18T09:32:00+00:00,prs,1.476,0.0706,0.061017,0.0666,0.005583
2026-09-18T09:33:00+00:00,prs,1.393,0.071204,-0.021983,0.067204,0.089187
2026-09-18T09:34:00+00:00,prs,1.286,0.071797,-0.128983,0.067797,0.19678
2026-09-18T09:35:00+00:00,prs,1.462,0.07238,0.047017,0.06838,0.021363
2026-09-18T09:36:00+00:00,prs,1.448,0.072953,0.033017,0.068954,0.035936
2026-09-18T09:37:00+00:00,prs,1.363,0.073517,-0.051983,0.069517,0.1215
2026-09-18T09:38:00+00:00,prs,1.377,0.074069,-0.037983,0.07007,0.108053
2026-09-18T09:39:00+00:00,prs,1.3639999999999999,0.074612,-0.050983,0.070612,0.121595
2026-09-18T09:40:00+00:00,prs,1.392,0.075145,-0.022983,0.071145,0.094128
2026-09-18T09:41:00+00:00,prs,1.462,0.075667,0.047017,0.071667,0.02465
2026-09-18T09:42:00+00:00,prs,1.426,0.076179,0.011017,0.072179,0.061162
2026-09-18T09:43:00+00:00,prs,1.375,0.07668,-0.039983,0.07268,0.112663
2026-09-18T09:44:00+00:00,prs,1.3719999999999999,0.077171,-0.042983,0.073171,0.116154
2026-09-18T09:45:00+00:00,prs,1.419,0.077652,0.004017,0.073652,0.069635
2026-09-18T09:46:00+00:00,prs,1.435,0.078122,0.020017,0.074122,0.054105
2026-09-18T09:47:00+00:00,prs,1.465,0.078581,0.050017,0.074581,0.024564
2026-09-18T09:48:00+00:00,prs,1.432,0.07903,0.017017,0.07503,0.058013
2026-09-18T09:49:00+00:00,prs,1.416,0.079468,0.001017,0.075469,0.074451
2026-09-18T09:50:00+00:00,prs,1.5779999999999998,0.079896,0.163017,0.075896,-0.087121
2026-09-18T09:51:00+00:00,prs,1.47,0.080313,0.055017,0.076313,0.021296
2026-09-18T09:52:00+00:00,prs,1.439,0.080719,0.024017,0.076719,0.052702
2026-09-18T09:53:00+00:00,prs,1.359,0.081115,-0.055983,0.077115,0.133098
2026-09-18T09:54:00+00:00,prs,1.332,0.081499,-0.082983,0.0775,0.160482
2026-09-18T09:55:00+00:00,prs,1.283,0.081873,-0.131983,0.077873,0.209856
2026-09-18T09:56:00+00:00,prs,1.448,0.082236,0.033017,0.078236,0.045219
2026-09-18T09:57:00+00:00,prs,1.464,0.082589,0.049017,0.078589,0.029572
2026-09-18T09:58:00+00:00,prs,1.501,0.08293,0.086017,0.07893,-0.007087
2026-09-18T09:59:00+00:00,prs,1.353,0.08326,-0.061983,0.07926,0.141243
2026-09-18T10:00:00+00:00,prs,1.462,0.083579,0.047017,0.07958,0.032563
2026-09-18T10:01:00+00:00,prs,1.367,0.083888,-0.047983,0.079888,0.127871
2026-09-18T10:03:00+00:00,prs,1.499,0.084472,0.084017,0.080472,-0.003545
2026-09-18T10:04:00+00:00,prs,1.444,0.084747,0.029017,0.080747,0.05173
2026-09-18T10:05:00+00:00,prs,1.392,0.085011,-0.022983,0.081011,0.103994
2026-09-18T10:06:00+00:00,prs,1.498,0.085264,0.083017,0.081264,-0.001753
2026-09-18T10:07:00+00:00,prs,1.579,0.085506,0.164017,0.081506,-0.082511
2026-09-18T10:08:00+00:00,prs,1.562,0.085737,0.147017,0.081737,-0.06528
2026-09-18T10:09:00+00:00,prs,1.4849999999999999,0.085957,0.070017,0.081957,0.01194
2026-09-18T10:10:00+00:00,prs,1.389,0.086165,-0.025983,0.082165,0.108148
2026-09-18T10:11:00+00:00,prs,1.244,0.086363,-0.170983,0.082363,0.253346
2026-09-18T10:12:00+00:00,prs,1.396,0.086549,-0.018983,0.082549,0.101532
2026-09-18T10:13:00+00:00,prs,1.506,0.086724,0.091017,0.082724,-0.008293
2026-09-18T10:14:00+00:00,prs,1.3719999999999999,0.086887,-0.042983,0.082888,0.12587
2026-09-18T10:15:00+00:00,prs,1.5230000000000001,0.08704,0.108017,0.08304,-0.024977
2026-09-18T10:16:00+00:00,prs,1.475,0.087181,0.060017,0.083181,0.023164
2026-09-18T10:17:00+00:00,prs,1.462,0.087311,0.047017,0.083311,0.036294
2026-09-18T10:18:00+00:00,prs,1.474,0.08743,0.059017,0.08343,0.024413
2026-09-18T10:19:00+00:00,prs,1.491,0.087537,0.076017,0.083537,0.00752
2026-09-18T10:20:00+00:00,prs,1.491,0.087633,0.076017,0.083633,0.007616
2026-09-18T10:21:00+00:00,prs,1.513,0.087718,0.098017,0.083718,-0.014299
2026-09-18T10:22:00+00:00,prs,1.35,0.087791,-0.064983,0.083791,0.148774
2026-09-18T10:23:00+00:00,prs,1.3940000000000001,0.087853,-0.020983,0.083853,0.104836
2026-09-18T10:24:00+00:00,prs,1.3860000000000001,0.087904,-0.028983,0.083904,0.112887
2026-09-18T10:25:00+00:00,prs,1.4729999999999999,0.087944,0.058017,0.083944,0.025927
2026-09-18T10:26:00+00:00,prs,1.403,0.087972,-0.011983,0.083972,0.095955
2026-09-18T10:27:00+00:00,prs,1.529,0.087989,0.114017,0.083989,-0.030028
2026-09-18T10:28:00+00:00,prs,1.33,0.087994,-0.084983,0.083994,0.168977
2026-09-18T10:29:00+00:00,prs,1.518,0.087988,0.103017,0.083988,-0.019029
2026-09-18T10:30:00+00:00,prs,1.587,0.087971,0.172017,0.083971,-0.088046
2026-09-18T10:31:00+00:00,prs,1.418,0.087943,0.003017,0.083943,0.080926
2026-09-18T10:32:00+00:00,prs,1.453,0.087903,0.038017,0.083903,0.045886
2026-09-18T10:33:00+00:00,prs,1.4969999999999999,0.087852,0.082017,0.083852,0.001835
2026-09-18T10:34:00+00:00,prs,1.345,0.087789,-0.069983,0.08379,0.153773
2026-09-18T10:35:00+00:00,prs,1.336,0.087716,-0.078983,0.083716,0.162699
2026-09-18T10:36:00+00:00,prs,1.403,0.087631,-0.011983,0.083631,0.095614
2026-09-18T10:37:00+00:00,prs,1.4889999999999999,0.087534,0.074017,0.083535,0.009517
2026-09-18T10:38:00+00:00,prs,1.391,0.087427,-0.023983,0.083427,0.10741
2026-09-18T10:39:00+00:00,prs,1.509,0.087308,0.094017,0.083308,-0.010709
2026-09-18T10:40:00+00:00,prs,1.524,0.087178,0.109017,0.083178,-0.025839
2026-09-18T10:41:00+00:00,prs,1.221,0.087036,-0.193983,0.083037,0.27702
2026-09-18T10:42:00+00:00,prs,1.351,0.086884,-0.063983,0.082884,0.146867
2026-09-18T10:43:00+00:00,prs,1.418,0.08672,0.003017,0.08272,0.079703
2026-09-18T10:44:00+00:00,prs,1.363,0.086545,-0.051983,0.082545,0.134528
2026-09-18T10:45:00+00:00,prs,1.439,0.086359,0.024017,0.082359,0.058342
2026-09-18T10:46:00+00:00,prs,1.433,0.086161,0.018017,0.082161,0.064144
2026-09-18T10:47:00+00:00,prs,1.451,0.085953,0.036017,0.081953,0.045936
2026-09-18T10:48:00+00:00,prs,1.445,0.085733,0.030017,0.081733,0.051716
2026-09-18T10:49:00+00:00,prs,1.526,0.085502,0.111017,0.081502,-0.029515
2026-09-18T10:50:00+00:00,prs,1.466,0.08526,0.051017,0.08126,0.030243
2026-09-18T10:51:00+00:00,prs,1.413,0.085007,-0.001983,0.081007,0.08299
2026-09-18T10:52:00+00:00,prs,1.533,0.084743,0.118017,0.080743,-0.037274
2026-09-18T10:53:00+00:00,prs,1.322,0.084468,-0.092983,0.080468,0.173451
2026-09-18T10:54:00+00:00,prs,1.5,0.084181,0.085017,0.080182,-0.004835
2026-09-18T10:55:00+00:00,prs,1.379,0.083884,-0.035983,0.079884,0.115867
2026-09-18T10:56:00+00:00,prs,1.449,0.083576,0.034017,0.079576,0.045559
2026-09-18T10:57:00+00:00,prs,1.509,0.083257,0.094017,0.079257,-0.01476
2026-09-18T10:58:00+00:00,prs,1.4889999999999999,0.082927,0.074017,0.078927,0.00491
2026-09-18T10:59:00+00:00,prs,1.416,0.082586,0.001017,0.078586,0.077569
2026-09-18T11:00:00+00:00,prs,1.449,0.082234,0.034017,0.078234,0.044217
2026-09-18T11:01:00+00:00,prs,1.53,0.081872,0.115017,0.077872,-0.037145
2026-09-18T11:02:00+00:00,prs,1.313,0.081498,-0.101983,0.077498,0.179481
2026-09-18T11:03:00+00:00,prs,1.502,0.081114,0.087017,0.077114,-0.009903
2026-09-18T11:04:00+00:00,prs,1.498,0.080719,0.083017,0.076719,-0.006298
2026-09-18T11:05:00+00:00,prs,1.5070000000000001,0.080314,0.092017,0.076314,-0.015703
2026-09-18T11:06:00+00:00,prs,1.563,0.079897,0.148017,0.075897,-0.07212
2026-09-18T11:07:00+00:00,prs,1.49,0.07947,0.075017,0.07547,0.000453
2026-09-18T11:08:00+00:00,prs,1.4,0.079033,-0.014983,0.075033,0.090016
2026-09-18T11:09:00+00:00,prs,1.285,0.078585,-0.129983,0.074585,0.204568
2026-09-18T11:10:00+00:00,prs,1.405,0.078126,-0.009983,0.074126,0.084109
2026-09-18T11:11:00+00:00,prs,1.517,0.077657,0.102017,0.073657,-0.02836
2026-09-18T11:12:00+00:00,prs,1.416,0.077177,0.001017,0.073177,0.07216
2026-09-18T11:13:00+00:00,prs,1.4,0.076687,-0.014983,0.072687,0.08767
2026-09-18T11:14:00+00:00,prs,1.409,0.076187,-0.005983,0.072187,0.07817
2026-09-18T11:15:00+00:00,prs,1.26,0.075676,-0.154983,0.071676,0.226659
2026-09-18T11:16:00+00:00,prs,1.51,0.075155,0.095017,0.071156,-0.023862
2026-09-18T11:17:00+00:00,prs,1.366,0.074624,-0.048983,0.070624,0.119607
2026-09-18T11:18:00+00:00,prs,1.439,0.074083,0.024017,0.070083,0.046066
2026-09-18T11:19:00+00:00,prs,1.375,0.073531,-0.039983,0.069531,0.109514
2026-09-18T11:20:00+00:00,prs,1.466,0.07297,0.051017,0.06897,0.017953
2026-09-18T11:21:00+00:00,prs,1.407,0.072398,-0.007983,0.068398,0.076381
2026-09-18T11:22:00+00:00,prs,1.424,0.071816,0.009017,0.067816,0.058799
2026-09-18T11:23:00+00:00,prs,1.321,0.071225,-0.093983,0.067225,0.161208
2026-09-18T11:24:00+00:00,prs,1.5230000000000001,0.070623,0.108017,0.066623,-0.041394
2026-09-18T11:25:00+00:00,prs,1.413,0.070012,-0.001983,0.066012,0.067995
2026-09-18T11:26:00+00:00,prs,1.393,0.06939,-0.021983,0.065391,0.087373
2026-09-18T11:27:00+00:00,prs,1.395,0.068759,-0.019983,0.06476,0.084742
2026-09-18T11:28:00+00:00,prs,1.3439999999999999,0.068119,-0.070983,0.064119,0.135102
2026-09-18T11:29:00+00:00,prs,1.5,0.067468,0.085017,0.063468,-0.021549
2026-09-18T11:30:00+00:00,prs,1.366,0.066808,-0.048983,0.062809,0.111791
2026-09-18T11:31:00+00:00,prs,1.311,0.066139,-0.103983,0.062139,0.166122
2026-09-18T11:32:00+00:00,prs,1.2810000000000001,0.06546,-0.133983,0.06146,0.195443
2026-09-18T11:33:00+00:00,prs,1.3940000000000001,0.064772,-0.020983,0.060772,0.081755
2026-09-18T11:34:00+00:00,prs,1.393,0.064074,-0.021983,0.060074,0.082057
2026-09-18T11:35:00+00:00,prs,1.412,0.063367,-0.002983,0.059367,0.06235
2026-09-18T11:36:00+00:00,prs,1.5190000000000001,0.06265,0.104017,0.05865,-0.045367
2026-09-18T11:37:00+00:00,prs,1.448,0.061925,0.033017,0.057925,0.024908
2026-09-18T11:38:00+00:00,prs,1.3,0.06119,-0.114983,0.05719,0.172173
2026-09-18T11:39:00+00:00,prs,1.3900000000000001,0.060446,-0.024983,0.056446,0.081429
2026-09-18T11:40:00+00:00,prs,1.376,0.059694,-0.038983,0.055694,0.094677
2026-09-18T11:41:00+00:00,prs,1.403,0.058932,-0.011983,0.054932,0.066915
2026-09-18T11:42:00+00:00,prs,1.5270000000000001,0.058161,0.112017,0.054161,-0.057856
2026-09-18T11:43:00+00:00,prs,1.369,0.057382,-0.045983,0.053382,0.099365
2026-09-18T11:44:00+00:00,prs,1.337,0.056594,-0.077983,0.052594,0.130577
2026-09-18T11:45:00+00:00,prs,1.461,0.055797,0.046017,0.051797,0.00578
2026-09-18T11:46:00+00:00,prs,1.3980000000000001,0.054991,-0.016983,0.050991,0.067974
2026-09-18T11:47:00+00:00,prs,1.5,0.054177,0.085017,0.050177,-0.03484
2026-09-18T11:48:00+00:00,prs,1.301,0.053355,-0.113983,0.049355,0.163338
2026-09-18T11:49:00+00:00,prs,1.321,0.052524,-0.093983,0.048524,0.142507
2026-09-18T11:50:00+00:00,prs,1.537,0.051684,0.122017,0.047684,-0.074333
2026-09-18T11:51:00+00:00,prs,1.437,0.050837,0.022017,0.046837,0.02482
2026-09-18T11:52:00+00:00,prs,1.343,0.049981,-0.071983,0.045981,0.117964
2026-09-18T11:53:00+00:00,prs,1.419,0.049117,0.004017,0.045117,0.0411
2026-09-18T11:54:00+00:00,prs,1.357,0.048245,-0.057983,0.044245,0.102228
2026-09-18T11:55:00+00:00,prs,1.576,0.047365,0.161017,0.043365,-0.117652
2026-09-18T11:56:00+00:00,prs,1.494,0.046477,0.079017,0.042477,-0.03654
2026-09-18T11:57:00+00:00,prs,1.397,0.045581,-0.017983,0.041581,0.059564
2026-09-18T11:58:00+00:00,prs,1.5,0.044678,0.085017,0.040678,-0.044339
2026-09-18T11:59:00+00:00,prs,1.44,0.043766,0.025017,0.039766,0.014749
2026-09-18T12:00:00+00:00,prs,1.404,0.042847,-0.010983,0.038848,0.04983
2026-09-18T12:01:00+00:00,prs,1.4,0.041921,-0.014983,0.037921,0.052904
2026-09-18T12:02:00+00:00,prs,1.24,0.040987,-0.174983,0.036987,0.21197
2026-09-18T12:03:00+00:00,prs,1.33,0.040046,-0.084983,0.036046,0.121029
2026-09-18T12:04:00+00:00,prs,1.425,0.039097,0.010017,0.035097,0.02508
2026-09-18T12:05:00+00:00,prs,1.532,0.038141,0.117017,0.034142,-0.082875
2026-09-18T12:06:00+00:00,prs,1.329,0.037179,-0.085983,0.033179,0.119162
2026-09-18T12:07:00+00:00,prs,1.446,0.036208,0.031017,0.032209,0.001191
2026-09-18T12:08:00+00:00,prs,1.495,0.035231,0.080017,0.031232,-0.048786
2026-09-18T12:09:00+00:00,prs,1.47,0.034247,0.055017,0.030248,-0.024769
2026-09-18T12:10:00+00:00,prs,1.42,0.033257,0.005017,0.029257,0.02424
2026-09-18T12:11:00+00:00,prs,1.389,0.032259,-0.025983,0.028259,0.054242
2026-09-18T12:12:00+00:00,prs,1.451,0.031255,0.036017,0.027255,-0.008762
2026-09-18T12:13:00+00:00,prs,1.282,0.030244,-0.132983,0.026244,0.159227
2026-09-18T12:14:00+00:00,prs,1.415,0.029227,1.7e-05,0.025227,0.02521
2026-09-18T12:15:00+00:00,prs,1.439,0.028203,0.024017,0.024204,0.000186
2026-09-18T12:16:00+00:00,prs,1.373,0.027173,-0.041983,0.023174,0.065157
2026-09-18T12:17:00+00:00,prs,1.336,0.026137,-0.078983,0.022137,0.10112
2026-09-18T12:18:00+00:00,prs,1.4060000000000001,0.025095,-0.008983,0.021095,0.030078
2026-09-18T12:19:00+00:00,prs,1.342,0.024047,-0.072983,0.020047,0.09303
2026-09-18T12:20:00+00:00,prs,1.361,0.022992,-0.053983,0.018992,0.072975
2026-09-18T12:21:00+00:00,prs,1.317,0.021932,-0.097983,0.017932,0.115915
2026-09-18T12:22:00+00:00,prs,1.407,0.020866,-0.007983,0.016866,0.024849
2026-09-18T12:23:00+00:00,prs,1.33,0.019794,-0.084983,0.015794,0.100777
2026-09-18T12:24:00+00:00,prs,1.3679999999999999,0.018717,-0.046983,0.014717,0.0617
2026-09-18T12:25:00+00:00,prs,1.403,0.017634,-0.011983,0.013634,0.025617
2026-09-18T12:26:00+00:00,prs,1.391,0.016546,-0.023983,0.012546,0.036529
2026-09-18T12:27:00+00:00,prs,1.325,0.015452,-0.089983,0.011452,0.101435
2026-09-18T12:28:00+00:00,prs,1.3940000000000001,0.014353,-0.020983,0.010353,0.031336
2026-09-18T12:29:00+00:00,prs,1.196,0.013249,-0.218983,0.009249,0.228232
2026-09-18T12:30:00+00:00,prs,1.331,0.01214,-0.083983,0.00814,0.092123
2026-09-18T12:31:00+00:00,prs,1.405,0.011026,-0.009983,0.007026,0.017009
2026-09-18T12:32:00+00:00,prs,1.373,0.009907,-0.041983,0.005907,0.04789
2026-09-18T12:33:00+00:00,prs,1.458,0.008783,0.043017,0.004783,-0.038234
2026-09-18T12:34:00+00:00,prs,1.324,0.007654,-0.090983,0.003654,0.094637
2026-09-18T12:35:00+00:00,prs,1.369,0.006521,-0.045983,0.002521,0.048504
2026-09-18T12:36:00+00:00,prs,1.361,0.005384,-0.053983,0.001384,0.055367
2026-09-18T12:37:00+00:00,prs,1.45,0.004242,0.035017,0.000242,-0.034775
2026-09-18T12:38:00+00:00,prs,1.401,0.003095,-0.013983,-0.000905,0.013078
2026-09-18T12:39:00+00:00,prs,1.3980000000000001,0.001945,-0.016983,-0.002055,0.014928
2026-09-18T12:40:00+00:00,prs,1.279,0.00079,-0.135983,-0.00321,0.132773
2026-09-18T12:41:00+00:00,prs,1.379,-0.000368,-0.035983,-0.004368,0.031615
2026-09-18T12:42:00+00:00,prs,1.313,-0.001531,-0.101983,-0.005531,0.096452
2026-09-18T12:43:00+00:00,prs,1.411,-0.002697,-0.003983,-0.006697,-0.002714
2026-09-18T12:44:00+00:00,prs,1.421,-0.003867,0.006017,-0.007867,-0.013884
2026-09-18T12:45:00+00:00,prs,1.341,-0.005041,-0.073983,-0.009041,0.064942
2026-09-18T12:46:00+00:00,prs,1.428,-0.006218,0.013017,-0.010218,-0.023235
2026-09-18T12:47:00+00:00,prs,1.3599999999999999,-0.007399,-0.054983,-0.011399,0.043584
2026-09-18T12:48:00+00:00,prs,1.212,-0.008583,-0.202983,-0.012583,0.1904
2026-09-18T12:49:00+00:00,prs,1.292,-0.00977,-0.122983,-0.01377,0.109213
2026-09-18T12:50:00+00:00,prs,1.395,-0.010961,-0.019983,-0.014961,0.005022
2026-09-18T12:51:00+00:00,prs,1.421,-0.012154,0.006017,-0.016154,-0.022171
2026-09-18T12:52:00+00:00,prs,1.304,-0.01335,-0.110983,-0.01735,0.093633
2026-09-18T12:53:00+00:00,prs,1.304,-0.01455,-0.110983,-0.018549,0.092433
2026-09-18T12:54:00+00:00,prs,1.331,-0.015751,-0.083983,-0.019751,0.064232
2026-09-18T12:55:00+00:00,prs,1.3860000000000001,-0.016956,-0.028983,-0.020956,0.008027
2026-09-18T12:56:00+00:00,prs,1.313,-0.018163,-0.101983,-0.022163,0.07982
2026-09-18T12:57:00+00:00,prs,1.286,-0.019372,-0.128983,-0.023372,0.105611
2026-09-18T12:58:00+00:00,prs,1.289,-0.020584,-0.125983,-0.024584,0.101399
2026-09-18T12:59:00+00:00,prs,1.326,-0.021798,-0.088983,-0.025798,0.063185
2026-09-18T13:00:00+00:00,prs,1.376,-0.023014,-0.038983,-0.027014,0.011969
2026-09-18T13:01:00+00:00,prs,1.3599999999999999,-0.024232,-0.054983,-0.028232,0.026751
2026-09-18T13:02:00+00:00,prs,1.318,-0.025452,-0.096983,-0.029452,0.067531
2026-09-18T13:03:00+00:00,prs,1.267,-0.026674,-0.147983,-0.030674,0.117309
2026-09-18T13:04:00+00:00,prs,1.349,-0.027897,-0.065983,-0.031897,0.034086
2026-09-18T13:05:00+00:00,prs,1.202,-0.029122,-0.212983,-0.033122,0.179861
2026-09-18T13:06:00+00:00,prs,1.395,-0.030349,-0.019983,-0.034349,-0.014366
2026-09-18T13:07:00+00:00,prs,1.309,-0.031577,-0.105983,-0.035577,0.070406
2026-09-18T13:08:00+00:00,prs,1.3780000000000001,-0.032806,-0.036983,-0.036806,0.000177
2026-09-18T13:09:00+00:00,prs,1.413,-0.034036,-0.001983,-0.038036,-0.036053
2026-09-18T13:10:00+00:00,prs,1.276,-0.035268,-0.138983,-0.039268,0.099715
2026-09-18T13:11:00+00:00,prs,1.279,-0.0365,-0.135983,-0.0405,0.095483
2026-09-18T13:12:00+00:00,prs,1.317,-0.037733,-0.097983,-0.041733,0.05625
2026-09-18T13:13:00+00:00,prs,1.177,-0.038967,-0.237983,-0.042967,0.195016
2026-09-18T13:14:00+00:00,prs,1.4060000000000001,-0.040202,-0.008983,-0.044202,-0.035219
2026-09-18T13:15:00+00:00,prs,1.411,-0.041437,-0.003983,-0.045437,-0.041454
2026-09-18T13:16:00+00:00,prs,1.211,-0.042673,-0.203983,-0.046672,0.15731
2026-09-18T13:17:00+00:00,prs,1.223,-0.043908,-0.191983,-0.047908,0.144075
2026-09-18T13:18:00+00:00,prs,1.157,-0.045145,-0.257983,-0.049145,0.208838
2026-09-18T13:19:00+00:00,prs,1.366,-0.046381,-0.048983,-0.050381,-0.001398
2026-09-18T13:20:00+00:00,prs,1.328,-0.047617,-0.086983,-0.051617,0.035366
2026-09-18T13:21:00+00:00,prs,1.284,-0.048853,-0.130983,-0.052853,0.07813
2026-09-18T13:22:00+00:00,prs,1.32,-0.050089,-0.094983,-0.054089,0.040894
2026-09-18T13:23:00+00:00,prs,1.24,-0.051325,-0.174983,-0.055325,0.119658
2026-09-18T13:24:00+00:00,prs,1.37,-0.05256,-0.044983,-0.05656,-0.011577
2026-09-18T13:25:00+00:00,prs,1.329,-0.053795,-0.085983,-0.057795,0.028188
2026-09-18T13:26:00+00:00,prs,1.325,-0.055029,-0.089983,-0.059029,0.030954
2026-09-18T13:27:00+00:00,prs,1.307,-0.056262,-0.107983,-0.060262,0.047721
2026-09-18T13:28:00+00:00,prs,1.294,-0.057495,-0.120983,-0.061495,0.059488
2026-09-18T13:29:00+00:00,prs,1.299,-0.058726,-0.115983,-0.062726,0.053257
2026-09-18T13:30:00+00:00,prs,1.401,-0.059957,-0.013983,-0.063957,-0.049974
2026-09-18T13:31:00+00:00,prs,1.232,-0.061186,-0.182983,-0.065186,0.117797
2026-09-18T13:32:00+00:00,prs,1.361,-0.062414,-0.053983,-0.066414,-0.012431
2026-09-18T13:33:00+00:00,prs,1.331,-0.063641,-0.083983,-0.067641,0.016342
2026-09-18T13:34:00+00:00,prs,1.357,-0.064866,-0.057983,-0.068866,-0.010883
2026-09-18T13:35:00+00:00,prs,1.313,-0.06609,-0.101983,-0.07009,0.031893
2026-09-18T13:36:00+00:00,prs,1.302,-0.067312,-0.112983,-0.071312,0.041671
2026-09-18T13:37:00+00:00,prs,1.316,-0.068532,-0.098983,-0.072532,0.026451
2026-09-18T13:38:00+00:00,prs,1.266,-0.06975,-0.148983,-0.07375,0.075233
2026-09-18T13:39:00+00:00,prs,1.326,-0.070967,-0.088983,-0.074967,0.014016
2026-09-18T13:40:00+00:00,prs,1.2650000000000001,-0.072181,-0.149983,-0.076181,0.073802
2026-09-18T13:41:00+00:00,prs,1.262,-0.073393,-0.152983,-0.077393,0.07559
2026-09-18T13:42:00+00:00,prs,1.335,-0.074602,-0.079983,-0.078602,0.001381
2026-09-18T13:43:00+00:00,prs,1.2389999999999999,-0.075809,-0.175983,-0.079809,0.096174
2026-09-18T13:44:00+00:00,prs,1.255,-0.077014,-0.159983,-0.081014,0.078969
2026-09-18T13:45:00+00:00,prs,1.264,-0.078216,-0.150983,-0.082216,0.068767
2026-09-18T13:46:00+00:00,prs,1.264,-0.079415,-0.150983,-0.083415,0.067568
2026-09-18T13:47:00+00:00,prs,1.371,-0.080612,-0.043983,-0.084612,-0.040629
2026-09-18T13:48:00+00:00,prs,1.228,-0.081805,-0.186983,-0.085805,0.101178
2026-09-18T13:49:00+00:00,prs,1.091,-0.082995,-0.323983,-0.086995,0.236988
2026-09-18T13:50:00+00:00,prs,1.355,-0.084183,-0.059983,-0.088182,-0.0282
2026-09-18T13:51:00+00:00,prs,1.304,-0.085366,-0.110983,-0.089366,0.021617
2026-09-18T13:52:00+00:00,prs,1.289,-0.086547,-0.125983,-0.090547,0.035436
2026-09-18T13:53:00+00:00,prs,1.227,-0.087724,-0.187983,-0.091724,0.096259
2026-09-18T13:54:00+00:00,prs,1.297,-0.088898,-0.117983,-0.092897,0.025085
2026-09-18T13:55:00+00:00,prs,1.25,-0.090067,-0.164983,-0.094067,0.070916
2026-09-18T13:56:00+00:00,prs,1.327,-0.091233,-0.087983,-0.095233,-0.00725
2026-09-18T13:57:00+00:00,prs,1.339,-0.092395,-0.075983,-0.096395,-0.020412
2026-09-18T13:58:00+00:00,prs,1.311,-0.093554,-0.103983,-0.097553,0.006429
2026-09-18T13:59:00+00:00,prs,1.315,-0.094708,-0.099983,-0.098707,0.001275
2026-09-18T14:00:00+00:00,prs,1.351,-0.095857,-0.063983,-0.099857,-0.035874
2026-09-18T14:01:00+00:00,prs,1.314,-0.097003,-0.100983,-0.101003,-2e-05
2026-09-18T14:02:00+00:00,prs,1.227,-0.098144,-0.187983,-0.102144,0.085839
2026-09-18T14:03:00+00:00,prs,1.292,-0.099281,-0.122983,-0.10328,0.019702
2026-09-18T14:04:00+00:00,prs,1.207,-0.100413,-0.207983,-0.104412,0.10357
2026-09-18T14:05:00+00:00,prs,1.2349999999999999,-0.10154,-0.179983,-0.10554,0.074443
2026-09-18T14:06:00+00:00,prs,1.2570000000000001,-0.102662,-0.157983,-0.106662,0.051321
2026-09-18T14:07:00+00:00,prs,1.341,-0.10378,-0.073983,-0.10778,-0.033797
2026-09-18T14:08:00+00:00,prs,1.242,-0.104892,-0.172983,-0.108892,0.064091
2026-09-18T14:09:00+00:00,prs,1.329,-0.106,-0.085983,-0.11,-0.024017
2026-09-18T14:10:00+00:00,prs,1.2429999999999999,-0.107102,-0.171983,-0.111102,0.060881
2026-09-18T14:11:00+00:00,prs,1.283,-0.108199,-0.131983,-0.112199,0.019784
2026-09-18T14:12:00+00:00,prs,1.212,-0.10929,-0.202983,-0.11329,0.089693
2026-09-18T14:13:00+00:00,prs,1.161,-0.110376,-0.253983,-0.114376,0.139607
2026-09-18T14:14:00+00:00,prs,1.22,-0.111457,-0.194983,-0.115457,0.079526
2026-09-18T14:15:00+00:00,prs,1.264,-0.112531,-0.150983,-0.116531,0.034452
2026-09-18T14:16:00+00:00,prs,1.271,-0.1136,-0.143983,-0.1176,0.026383
2026-09-18T14:17:00+00:00,prs,1.166,-0.114663,-0.248983,-0.118663,0.13032
2026-09-18T14:18:00+00:00,prs,1.224,-0.11572,-0.190983,-0.11972,0.071263
2026-09-18T14:19:00+00:00,prs,1.294,-0.116771,-0.120983,-0.120771,0.000212
2026-09-18T14:20:00+00:00,prs,1.262,-0.117816,-0.152983,-0.121816,0.031167
2026-09-18T14:21:00+00:00,prs,1.267,-0.118854,-0.147983,-0.122854,0.025129
2026-09-18T14:22:00+00:00,prs,1.2730000000000001,-0.119886,-0.141983,-0.123886,0.018097
2026-09-18T14:23:00+00:00,prs,1.211,-0.120912,-0.203983,-0.124912,0.079071
2026-09-18T14:24:00+00:00,prs,1.373,-0.121931,-0.041983,-0.125931,-0.083948
2026-09-18T14:25:00+00:00,prs,1.359,-0.122943,-0.055983,-0.126943,-0.07096
2026-09-18T14:26:00+00:00,prs,1.316,-0.123949,-0.098983,-0.127949,-0.028966
2026-09-18T14:27:00+00:00,prs,1.2389999999999999,-0.124948,-0.175983,-0.128948,0.047035
2026-09-18T14:28:00+00:00,prs,1.284,-0.125939,-0.130983,-0.129939,0.001044
2026-09-18T14:29:00+00:00,prs,1.212,-0.126924,-0.202983,-0.130924,0.072059
2026-09-18T14:30:00+00:00,prs,1.307,-0.127902,-0.107983,-0.131902,-0.023919
2026-09-18T14:31:00+00:00,prs,1.206,-0.128872,-0.208983,-0.132872,0.076111
2026-09-18T14:32:00+00:00,prs,1.204,-0.129836,-0.210983,-0.133835,0.077147
2026-09-18T14:33:00+00:00,prs,1.3,-0.130791,-0.114983,-0.134791,-0.019808
2026-09-18T14:34:00+00:00,prs,1.288,-0.13174,-0.126983,-0.135739,-0.008757
2026-09-18T14:35:00+00:00,prs,1.262,-0.13268,-0.152983,-0.13668,0.016303
2026-09-18T14:36:00+00:00,prs,1.171,-0.133613,-0.243983,-0.137613,0.10637
2026-09-18T14:37:00+00:00,prs,1.208,-0.134539,-0.206983,-0.138539,0.068444
2026-09-18T14:38:00+00:00,prs,1.203,-0.135456,-0.211983,-0.139456,0.072527
2026-09-18T14:39:00+00:00,prs,1.307,-0.136366,-0.107983,-0.140365,-0.032383
2026-09-18T14:40:00+00:00,prs,1.2349999999999999,-0.137267,-0.179983,-0.141267,0.038716
2026-09-18T14:41:00+00:00,prs,1.215,-0.138161,-0.199983,-0.14216,0.057822
2026-09-18T14:42:00+00:00,prs,1.168,-0.139046,-0.246983,-0.143046,0.103937
2026-09-18T14:43:00+00:00,prs,1.2389999999999999,-0.139923,-0.175983,-0.143923,0.03206
2026-09-18T14:44:00+00:00,prs,1.331,-0.140791,-0.083983,-0.144791,-0.060808
2026-09-18T14:45:00+00:00,prs,1.242,-0.141652,-0.172983,-0.145652,0.027331
2026-09-18T14:46:00+00:00,prs,1.383,-0.142503,-0.031983,-0.146503,-0.11452
2026-09-18T14:47:00+00:00,prs,1.324,-0.143346,-0.090983,-0.147346,-0.056363
2026-09-18T14:48:00+00:00,prs,1.189,-0.144181,-0.225983,-0.148181,0.077802
2026-09-18T14:49:00+00:00,prs,1.148,-0.145006,-0.266983,-0.149006,0.117977
2026-09-18T14:50:00+00:00,prs,1.287,-0.145823,-0.127983,-0.149823,-0.02184
2026-09-18T14:51:00+00:00,prs,1.26,-0.146631,-0.154983,-0.150631,0.004352
2026-09-18T14:52:00+00:00,prs,1.289,-0.14743,-0.125983,-0.15143,-0.025447
2026-09-18T14:53:00+00:00,prs,1.301,-0.14822,-0.113983,-0.15222,-0.038237
2026-09-18T14:54:00+00:00,prs,1.297,-0.149001,-0.117983,-0.153,-0.035018
2026-09-18T14:55:00+00:00,prs,1.331,-0.149772,-0.083983,-0.153772,-0.069789
2026-09-18T14:56:00+00:00,prs,1.236,-0.150534,-0.178983,-0.154534,0.024449
2026-09-18T14:57:00+00:00,prs,1.18,-0.151287,-0.234983,-0.155287,0.079696
2026-09-18T14:58:00+00:00,prs,1.324,-0.15203,-0.090983,-0.15603,-0.065047
2026-09-18T14:59:00+00:00,prs,1.287,-0.152764,-0.127983,-0.156764,-0.028781
2026-09-18T15:00:00+00:00,prs,1.3,-0.153488,-0.114983,-0.157488,-0.042505
2026-09-18T15:01:00+00:00,prs,1.324,-0.154202,-0.090983,-0.158202,-0.067219
2026-09-18T15:02:00+00:00,prs,1.236,-0.154907,-0.178983,-0.158907,0.020076
2026-09-18T15:03:00+00:00,prs,1.236,-0.155602,-0.178983,-0.159602,0.019381
2026-09-18T15:04:00+00:00,prs,1.238,-0.156287,-0.176983,-0.160287,0.016696
2026-09-18T15:05:00+00:00,prs,1.278,-0.156962,-0.136983,-0.160962,-0.023979
2026-09-18T15:06:00+00:00,prs,1.21,-0.157627,-0.204983,-0.161627,0.043356
2026-09-18T15:07:00+00:00,prs,1.339,-0.158281,-0.075983,-0.162281,-0.086298
2026-09-18T15:08:00+00:00,prs,1.317,-0.158926,-0.097983,-0.162926,-0.064943
2026-09-18T15:09:00+00:00,prs,1.342,-0.15956,-0.072983,-0.16356,-0.090577
2026-09-18T15:10:00+00:00,prs,1.171,-0.160184,-0.243983,-0.164184,0.079799
2026-09-18T15:11:00+00:00,prs,1.167,-0.160798,-0.247983,-0.164798,0.083185
2026-09-18T15:12:00+00:00,prs,1.299,-0.161401,-0.115983,-0.165401,-0.049418
2026-09-18T15:13:00+00:00,prs,1.2389999999999999,-0.161994,-0.175983,-0.165994,0.009989
2026-09-18T15:14:00+00:00,prs,1.304,-0.162576,-0.110983,-0.166576,-0.055593
2026-09-18T15:15:00+00:00,prs,1.208,-0.163148,-0.206983,-0.167148,0.039835
2026-09-18T15:16:00+00:00,prs,1.165,-0.163708,-0.249983,-0.167708,0.082275
2026-09-18T15:17:00+00:00,prs,1.193,-0.164258,-0.221983,-0.168258,0.053725
2026-09-18T15:18:00+00:00,prs,1.2810000000000001,-0.164798,-0.133983,-0.168798,-0.034815
2026-09-18T15:19:00+00:00,prs,1.337,-0.165326,-0.077983,-0.169326,-0.091343
2026-09-18T15:20:00+00:00,prs,1.106,-0.165843,-0.308983,-0.169843,0.13914
2026-09-18T15:21:00+00:00,prs,1.214,-0.16635,-0.200983,-0.17035,0.030633
2026-09-18T15:22:00+00:00,prs,1.216,-0.166845,-0.198983,-0.170845,0.028138
2026-09-18T15:23:00+00:00,prs,1.32,-0.167329,-0.094983,-0.171329,-0.076346
2026-09-18T15:24:00+00:00,prs,1.319,-0.167802,-0.095983,-0.171802,-0.075819
2026-09-18T15:25:00+00:00,prs,1.249,-0.168264,-0.165983,-0.172264,-0.006281
2026-09-18T15:26:00+00:00,prs,1.2570000000000001,-0.168714,-0.157983,-0.172714,-0.014731
2026-09-18T15:27:00+00:00,prs,1.28,-0.169153,-0.134983,-0.173153,-0.03817
2026-09-18T15:28:00+00:00,prs,1.17,-0.169581,-0.244983,-0.173581,0.071402
2026-09-18T15:29:00+00:00,prs,1.306,-0.169997,-0.108983,-0.173997,-0.065014
2026-09-18T15:30:00+00:00,prs,1.324,-0.170402,-0.090983,-0.174402,-0.083419
2026-09-18T15:31:00+00:00,prs,1.241,-0.170795,-0.173983,-0.174795,-0.000812
2026-09-18T15:32:00+00:00,prs,1.346,-0.171177,-0.068983,-0.175177,-0.106194
2026-09-18T15:33:00+00:00,prs,1.187,-0.171547,-0.227983,-0.175547,0.052436
2026-09-18T15:34:00+00:00,prs,1.291,-0.171905,-0.123983,-0.175905,-0.051922
2026-09-18T15:35:00+00:00,prs,1.251,-0.172252,-0.163983,-0.176252,-0.012269
2026-09-18T15:36:00+00:00,prs,1.226,-0.172587,-0.188983,-0.176586,0.012397
2026-09-18T15:37:00+00:00,prs,1.274,-0.172909,-0.140983,-0.176909,-0.035926
2026-09-18T15:38:00+00:00,prs,1.1179999999999999,-0.17322,-0.296983,-0.17722,0.119763
2026-09-18T15:39:00+00:00,prs,1.3559999999999999,-0.173519,-0.058983,-0.177519,-0.118536
2026-09-18T15:40:00+00:00,prs,1.263,-0.173807,-0.151983,-0.177806,-0.025824
2026-09-18T15:41:00+00:00,prs,1.37,-0.174082,-0.044983,-0.178082,-0.133099
2026-09-18T15:42:00+00:00,prs,1.2469999999999999,-0.174345,-0.167983,-0.178345,-0.010362
2026-09-18T15:43:00+00:00,prs,1.262,-0.174596,-0.152983,-0.178595,-0.025613
2026-09-18T15:44:00+00:00,prs,1.289,-0.174834,-0.125983,-0.178834,-0.052851
2026-09-18T15:45:00+00:00,prs,1.2389999999999999,-0.175061,-0.175983,-0.179061,-0.003078
2026-09-18T15:46:00+00:00,prs,1.229,-0.175275,-0.185983,-0.179275,0.006708
2026-09-18T15:47:00+00:00,prs,1.237,-0.175478,-0.177983,-0.179477,-0.001494
2026-09-18T15:48:00+00:00,prs,1.289,-0.175667,-0.125983,-0.179667,-0.053684
2026-09-18T15:49:00+00:00,prs,1.376,-0.175845,-0.038983,-0.179845,-0.140862
2026-09-18T15:50:00+00:00,prs,1.266,-0.17601,-0.148983,-0.18001,-0.031027
2026-09-18T15:51:00+00:00,prs,1.295,-0.176163,-0.119983,-0.180163,-0.06018
2026-09-18T15:52:00+00:00,prs,1.354,-0.176303,-0.060983,-0.180303,-0.11932
2026-09-18T15:53:00+00:00,prs,1.306,-0.176431,-0.108983,-0.180431,-0.071448
2026-09-18T15:54:00+00:00,prs,1.325,-0.176547,-0.089983,-0.180546,-0.090564
2026-09-18T15:55:00+00:00,prs,1.332,-0.176649,-0.082983,-0.180649,-0.097666
2026-09-18T15:56:00+00:00,prs,1.304,-0.17674,-0.110983,-0.18074,-0.069757
2026-09-18T15:57:00+00:00,prs,1.335,-0.176818,-0.079983,-0.180817,-0.100835
2026-09-18T15:58:00+00:00,prs,1.2770000000000001,-0.176883,-0.137983,-0.180883,-0.0429
2026-09-18T15:59:00+00:00,prs,1.371,-0.176935,-0.043983,-0.180935,-0.136952
2026-09-18T16:00:00+00:00,prs,1.342,-0.176975,-0.072983,-0.180975,-0.107992
2026-09-18T16:01:00+00:00,prs,1.354,-0.177002,-0.060983,-0.181002,-0.120019
2026-09-18T16:02:00+00:00,prs,1.397,-0.177017,-0.017983,-0.181017,-0.163034
2026-09-18T16:03:00+00:00,prs,1.397,-0.177019,-0.017983,-0.181019,-0.163036
2026-09-18T16:04:00+00:00,prs,1.421,-0.177008,0.006017,-0.181008,-0.187025
2026-09-18T16:05:00+00:00,prs,1.346,-0.176984,-0.068983,-0.180984,-0.112001
2026-09-18T16:06:00+00:00,prs,1.359,-0.176947,-0.055983,-0.180947,-0.124964
2026-09-18T16:07:00+00:00,prs,1.241,-0.176898,-0.173983,-0.180898,-0.006915
2026-09-18T16:08:00+00:00,prs,1.304,-0.176836,-0.110983,-0.180836,-0.069853
2026-09-18T16:09:00+00:00,prs,1.43,-0.176761,0.015017,-0.180761,-0.195778
2026-09-18T16:10:00+00:00,prs,1.409,-0.176673,-0.005983,-0.180673,-0.17469
2026-09-18T16:11:00+00:00,prs,1.425,-0.176572,0.010017,-0.180572,-0.190589
2026-09-18T16:12:00+00:00,prs,1.366,-0.176459,-0.048983,-0.180459,-0.131476
2026-09-18T16:13:00+00:00,prs,1.376,-0.176332,-0.038983,-0.180332,-0.141349
2026-09-18T16:14:00+00:00,prs,1.396,-0.176193,-0.018983,-0.180193,-0.16121
2026-09-18T16:15:00+00:00,prs,1.37,-0.17604,-0.044983,-0.18004,-0.135057
2026-09-18T16:16:00+00:00,prs,1.373,-0.175875,-0.041983,-0.179875,-0.137892
2026-09-18T16:17:00+00:00,prs,1.279,-0.175697,-0.135983,-0.179697,-0.043714
2026-09-18T16:18:00+00:00,prs,1.332,-0.175506,-0.082983,-0.179505,-0.096522
2026-09-18T16:19:00+00:00,prs,1.3900000000000001,-0.175301,-0.024983,-0.179301,-0.154318
2026-09-18T16:20:00+00:00,prs,1.3980000000000001,-0.175084,-0.016983,-0.179084,-0.162101
2026-09-18T16:21:00+00:00,prs,1.279,-0.174854,-0.135983,-0.178854,-0.042871
2026-09-18T16:22:00+00:00,prs,1.3519999999999999,-0.174611,-0.062983,-0.178611,-0.115628
2026-09-18T16:23:00+00:00,prs,1.367,-0.174355,-0.047983,-0.178355,-0.130372
2026-09-18T16:24:00+00:00,prs,1.248,-0.174086,-0.166983,-0.178086,-0.011103
2026-09-18T16:25:00+00:00,prs,1.289,-0.173804,-0.125983,-0.177804,-0.051821
2026-09-18T16:26:00+00:00,prs,1.351,-0.173509,-0.063983,-0.177509,-0.113526
2026-09-18T16:27:00+00:00,prs,1.338,-0.173201,-0.076983,-0.1772,-0.100218
2026-09-18T16:28:00+00:00,prs,1.298,-0.17288,-0.116983,-0.176879,-0.059896
2026-09-18T16:29:00+00:00,prs,1.298,-0.172545,-0.116983,-0.176545,-0.059562
2026-09-18T16:30:00+00:00,prs,1.3780000000000001,-0.172198,-0.036983,-0.176198,-0.139215
2026-09-18T16:31:00+00:00,prs,1.337,-0.171838,-0.077983,-0.175838,-0.097855
2026-09-18T16:32:00+00:00,prs,1.345,-0.171465,-0.069983,-0.175465,-0.105482
2026-09-18T16:33:00+00:00,prs,1.365,-0.171079,-0.049983,-0.175079,-0.125096
2026-09-18T16:34:00+00:00,prs,1.389,-0.170681,-0.025983,-0.17468,-0.148697
2026-09-18T16:35:00+00:00,prs,1.333,-0.170269,-0.081983,-0.174269,-0.092286
2026-09-18T16:36:00+00:00,prs,1.397,-0.169844,-0.017983,-0.173844,-0.155861
2026-09-18T16:37:00+00:00,prs,1.337,-0.169406,-0.077983,-0.173406,-0.095423
2026-09-18T16:38:00+00:00,prs,1.327,-0.168955,-0.087983,-0.172955,-0.084972
2026-09-18T16:39:00+00:00,prs,1.446,-0.168492,0.031017,-0.172492,-0.203509
2026-09-18T16:40:00+00:00,prs,1.335,-0.168015,-0.079983,-0.172015,-0.092032
2026-09-18T16:41:00+00:00,prs,1.366,-0.167526,-0.048983,-0.171525,-0.122543
2026-09-18T16:42:00+00:00,prs,1.35,-0.167023,-0.064983,-0.171023,-0.10604
2026-09-18T16:43:00+00:00,prs,1.3679999999999999,-0.166508,-0.046983,-0.170508,-0.123525
2026-09-18T16:44:00+00:00,prs,1.34,-0.16598,-0.074983,-0.16998,-0.094997
2026-09-18T16:45:00+00:00,prs,1.405,-0.165439,-0.009983,-0.169439,-0.159456
2026-09-18T16:46:00+00:00,prs,1.3780000000000001,-0.164885,-0.036983,-0.168885,-0.131902
2026-09-18T16:47:00+00:00,prs,1.297,-0.164319,-0.117983,-0.168319,-0.050336
2026-09-18T16:48:00+00:00,prs,1.413,-0.16374,-0.001983,-0.16774,-0.165757
2026-09-18T16:49:00+00:00,prs,1.419,-0.163148,0.004017,-0.167147,-0.171165
2026-09-18T16:50:00+00:00,prs,1.362,-0.162543,-0.052983,-0.166543,-0.11356
2026-09-18T16:51:00+00:00,prs,1.358,-0.161925,-0.056983,-0.165925,-0.108942
2026-09-18T16:52:00+00:00,prs,1.3820000000000001,-0.161295,-0.032983,-0.165295,-0.132312
2026-09-18T16:53:00+00:00,prs,1.389,-0.160652,-0.025983,-0.164652,-0.138669
2026-09-18T16:54:00+00:00,prs,1.454,-0.159997,0.039017,-0.163997,-0.203014
2026-09-18T16:55:00+00:00,prs,1.3599999999999999,-0.159329,-0.054983,-0.163329,-0.108346
2026-09-18T16:56:00+00:00,prs,1.396,-0.158648,-0.018983,-0.162648,-0.143665
2026-09-18T16:57:00+00:00,prs,1.3,-0.157955,-0.114983,-0.161955,-0.046972
2026-09-18T16:58:00+00:00,prs,1.379,-0.157249,-0.035983,-0.161249,-0.125266
2026-09-18T16:59:00+00:00,prs,1.3900000000000001,-0.156531,-0.024983,-0.160531,-0.135548
2026-09-18T17:00:00+00:00,prs,1.404,-0.1558,-0.010983,-0.1598,-0.148817
2026-09-18T17:01:00+00:00,prs,1.3599999999999999,-0.155057,-0.054983,-0.159057,-0.104074
2026-09-18T17:02:00+00:00,prs,1.404,-0.154301,-0.010983,-0.158301,-0.147318
2026-09-18T17:03:00+00:00,prs,1.383,-0.153533,-0.031983,-0.157533,-0.12555
2026-09-18T17:04:00+00:00,prs,1.436,-0.152753,0.021017,-0.156753,-0.17777
2026-09-18T17:05:00+00:00,prs,1.379,-0.15196,-0.035983,-0.15596,-0.119977
2026-09-18T17:06:00+00:00,prs,1.53,-0.151156,0.115017,-0.155156,-0.270173
2026-09-18T17:07:00+00:00,prs,1.5,-0.150339,0.085017,-0.154338,-0.239355
2026-09-18T17:08:00+00:00,prs,1.475,-0.149509,0.060017,-0.153509,-0.213526
2026-09-18T17:09:00+00:00,prs,1.385,-0.148668,-0.029983,-0.152668,-0.122685
2026-09-18T17:10:00+00:00,prs,1.425,-0.147814,0.010017,-0.151814,-0.161831
2026-09-18T17:11:00+00:00,prs,1.486,-0.146949,0.071017,-0.150949,-0.221966
2026-09-18T17:12:00+00:00,prs,1.379,-0.146071,-0.035983,-0.150071,-0.114088
2026-09-18T17:13:00+00:00,prs,1.463,-0.145182,0.048017,-0.149181,-0.197198
2026-09-18T17:14:00+00:00,prs,1.387,-0.14428,-0.027983,-0.14828,-0.120297
2026-09-18T17:15:00+00:00,prs,1.383,-0.143367,-0.031983,-0.147366,-0.115384
2026-09-18T17:16:00+00:00,prs,1.376,-0.142441,-0.038983,-0.146441,-0.107458
2026-09-18T17:17:00+00:00,prs,1.423,-0.141504,0.008017,-0.145504,-0.153521
2026-09-18T17:18:00+00:00,prs,1.457,-0.140555,0.042017,-0.144555,-0.186572
2026-09-18T17:19:00+00:00,prs,1.47,-0.139595,0.055017,-0.143595,-0.198612
2026-09-18T17:20:00+00:00,prs,1.494,-0.138623,0.079017,-0.142622,-0.22164
2026-09-18T17:21:00+00:00,prs,1.397,-0.137639,-0.017983,-0.141639,-0.123656
2026-09-18T17:22:00+00:00,prs,1.413,-0.136643,-0.001983,-0.140643,-0.13866
2026-09-18T17:23:00+00:00,prs,1.465,-0.135636,0.050017,-0.139636,-0.189653
2026-09-18T17:24:00+00:00,prs,1.449,-0.134618,0.034017,-0.138618,-0.172635
2026-09-18T17:25:00+00:00,prs,1.491,-0.133588,0.076017,-0.137588,-0.213605
2026-09-18T17:26:00+00:00,prs,1.418,-0.132547,0.003017,-0.136547,-0.139564
2026-09-18T17:27:00+00:00,prs,1.491,-0.131495,0.076017,-0.135495,-0.211512
2026-09-18T17:28:00+00:00,prs,1.424,-0.130431,0.009017,-0.134431,-0.143448
2026-09-18T17:29:00+00:00,prs,1.47,-0.129357,0.055017,-0.133356,-0.188374
2026-09-18T17:30:00+00:00,prs,1.478,-0.128271,0.063017,-0.132271,-0.195288
2026-09-18T17:31:00+00:00,prs,1.517,-0.127174,0.102017,-0.131174,-0.233191
2026-09-18T17:32:00+00:00,prs,1.476,-0.126066,0.061017,-0.130066,-0.191083
2026-09-18T17:33:00+00:00,prs,1.421,-0.124947,0.006017,-0.128947,-0.134964
2026-09-18T17:34:00+00:00,prs,1.399,-0.123817,-0.015983,-0.127817,-0.111834
2026-09-18T17:35:00+00:00,prs,1.475,-0.122676,0.060017,-0.126676,-0.186693
2026-09-18T17:36:00+00:00,prs,1.5230000000000001,-0.121525,0.108017,-0.125525,-0.233542
2026-09-18T17:37:00+00:00,prs,1.536,-0.120363,0.121017,-0.124363,-0.24538
2026-09-18T17:38:00+00:00,prs,1.528,-0.11919,0.113017,-0.12319,-0.236207
2026-09-18T17:39:00+00:00,prs,1.5110000000000001,-0.118007,0.096017,-0.122007,-0.218024
2026-09-18T17:40:00+00:00,prs,1.4689999999999999,-0.116813,0.054017,-0.120813,-0.17483
2026-09-18T17:41:00+00:00,prs,1.484,-0.115609,0.069017,-0.119609,-0.188626
2026-09-18T17:42:00+00:00,prs,1.495,-0.114394,0.080017,-0.118394,-0.198411
2026-09-18T17:43:00+00:00,prs,1.4769999999999999,-0.113169,0.062017,-0.117169,-0.179186
2026-09-18T17:44:00+00:00,prs,1.463,-0.111934,0.048017,-0.115934,-0.163951
2026-09-18T17:45:00+00:00,prs,1.536,-0.110689,0.121017,-0.114689,-0.235706
2026-09-18T17:46:00+00:00,prs,1.464,-0.109434,0.049017,-0.113433,-0.162451
2026-09-18T17:47:00+00:00,prs,1.517,-0.108168,0.102017,-0.112168,-0.214185
2026-09-18T17:48:00+00:00,prs,1.488,-0.106893,0.073017,-0.110893,-0.18391
2026-09-18T17:49:00+00:00,prs,1.512,-0.105608,0.097017,-0.109608,-0.206625
2026-09-18T17:50:00+00:00,prs,1.393,-0.104313,-0.021983,-0.108312,-0.08633
2026-09-18T17:51:00+00:00,prs,1.525,-0.103008,0.110017,-0.107008,-0.217025
2026-09-18T17:52:00+00:00,prs,1.4849999999999999,-0.101693,0.070017,-0.105693,-0.17571
2026-09-18T17:53:00+00:00,prs,1.463,-0.100369,0.048017,-0.104369,-0.152386
2026-09-18T17:54:00+00:00,prs,1.448,-0.099036,0.033017,-0.103036,-0.136053
2026-09-18T17:55:00+00:00,prs,1.552,-0.097693,0.137017,-0.101693,-0.23871
2026-09-18T17:56:00+00:00,prs,1.556,-0.096341,0.141017,-0.100341,-0.241358
2026-09-18T17:57:00+00:00,prs,1.488,-0.094979,0.073017,-0.098979,-0.171996
2026-09-18T17:58:00+00:00,prs,1.5390000000000001,-0.093609,0.124017,-0.097609,-0.221626
2026-09-18T17:59:00+00:00,prs,1.448,-0.092229,0.033017,-0.096229,-0.129246
2026-09-18T18:00:00+00:00,prs,1.5310000000000001,-0.09084,0.116017,-0.09484,-0.210857
2026-09-18T18:01:00+00:00,prs,1.5310000000000001,-0.089442,0.116017,-0.093442,-0.209459
2026-09-18T18:02:00+00:00,prs,1.56,-0.088036,0.145017,-0.092036,-0.237053
2026-09-18T18:03:00+00:00,prs,1.5030000000000001,-0.08662,0.088017,-0.09062,-0.178637
2026-09-18T18:04:00+00:00,prs,1.516,-0.085196,0.101017,-0.089196,-0.190213
2026-09-18T18:05:00+00:00,prs,1.542,-0.083763,0.127017,-0.087763,-0.21478
2026-09-18T18:06:00+00:00,prs,1.52,-0.082322,0.105017,-0.086322,-0.191339
2026-09-18T18:07:00+00:00,prs,1.501,-0.080872,0.086017,-0.084872,-0.170889
2026-09-18T18:08:00+00:00,prs,1.504,-0.079414,0.089017,-0.083414,-0.172431
2026-09-18T18:09:00+00:00,prs,1.593,-0.077948,0.178017,-0.081948,-0.259965
2026-09-18T18:10:00+00:00,prs,1.5270000000000001,-0.076474,0.112017,-0.080473,-0.192491
2026-09-18T18:11:00+00:00,prs,1.5390000000000001,-0.074991,0.124017,-0.078991,-0.203008
2026-09-18T18:12:00+00:00,prs,1.585,-0.0735,0.170017,-0.0775,-0.247517
2026-09-18T18:13:00+00:00,prs,1.575,-0.072002,0.160017,-0.076002,-0.236019
2026-09-18T18:14:00+00:00,prs,1.563,-0.070495,0.148017,-0.074495,-0.222512
2026-09-18T18:15:00+00:00,prs,1.611,-0.068981,0.196017,-0.072981,-0.268998
2026-09-18T18:16:00+00:00,prs,1.617,-0.06746,0.202017,-0.07146,-0.273477
2026-09-18T18:17:00+00:00,prs,1.514,-0.06593,0.099017,-0.06993,-0.168947
2026-09-18T18:18:00+00:00,prs,1.466,-0.064394,0.051017,-0.068394,-0.119411
2026-09-18T18:19:00+00:00,prs,1.557,-0.062849,0.142017,-0.066849,-0.208866
2026-09-18T18:20:00+00:00,prs,1.5739999999999998,-0.061298,0.159017,-0.065298,-0.224315
2026-09-18T18:21:00+00:00,prs,1.5819999999999999,-0.05974,0.167017,-0.063739,-0.230756
2026-09-18T18:22:00+00:00,prs,1.6099999999999999,-0.058174,0.195017,-0.062174,-0.257191
2026-09-18T18:23:00+00:00,prs,1.514,-0.056601,0.099017,-0.060601,-0.159618
2026-09-18T18:24:00+00:00,prs,1.509,-0.055022,0.094017,-0.059022,-0.153039
2026-09-18T18:25:00+00:00,prs,1.568,-0.053435,0.153017,-0.057435,-0.210452
2026-09-18T18:26:00+00:00,prs,1.51,-0.051842,0.095017,-0.055842,-0.150859
2026-09-18T18:27:00+00:00,prs,1.5390000000000001,-0.050243,0.124017,-0.054242,-0.17826
2026-09-18T18:28:00+00:00,prs,1.595,-0.048636,0.180017,-0.052636,-0.232653
2026-09-18T18:29:00+00:00,prs,1.52,-0.047024,0.105017,-0.051024,-0.156041
2026-09-18T18:30:00+00:00,prs,1.471,-0.045405,0.056017,-0.049405,-0.105422
2026-09-18T18:31:00+00:00,prs,1.565,-0.04378,0.150017,-0.04778,-0.197797
2026-09-18T18:32:00+00:00,prs,1.534,-0.042149,0.119017,-0.046149,-0.165166
2026-09-18T18:33:00+00:00,prs,1.6440000000000001,-0.040511,0.229017,-0.044511,-0.273528
2026-09-18T18:34:00+00:00,prs,1.529,-0.038868,0.114017,-0.042868,-0.156885
2026-09-18T18:35:00+00:00,prs,1.617,-0.037219,0.202017,-0.041219,-0.243236
2026-09-18T18:36:00+00:00,prs,1.597,-0.035565,0.182017,-0.039565,-0.221582
2026-09-18T18:37:00+00:00,prs,1.62,-0.033904,0.205017,-0.037904,-0.242921
2026-09-18T18:38:00+00:00,prs,1.5270000000000001,-0.032239,0.112017,-0.036239,-0.148256
2026-09-18T18:39:00+00:00,prs,1.597,-0.030567,0.182017,-0.034567,-0.216584
2026-09-18T18:40:00+00:00,prs,1.623,-0.028891,0.208017,-0.032891,-0.240908
2026-09-18T18:41:00+00:00,prs,1.658,-0.027209,0.243017,-0.031209,-0.274226
2026-09-18T18:42:00+00:00,prs,1.597,-0.025523,0.182017,-0.029523,-0.21154
2026-09-18T18:43:00+00:00,prs,1.612,-0.023831,0.197017,-0.027831,-0.224848
2026-09-18T18:44:00+00:00,prs,1.546,-0.022134,0.131017,-0.026134,-0.157151
2026-09-18T18:45:00+00:00,prs,1.563,-0.020433,0.148017,-0.024433,-0.17245
2026-09-18T18:46:00+00:00,prs,1.633,-0.018727,0.218017,-0.022727,-0.240744
2026-09-18T18:47:00+00:00,prs,1.6139999999999999,-0.017016,0.199017,-0.021016,-0.220033
2026-09-18T18:48:00+00:00,prs,1.638,-0.015301,0.223017,-0.019301,-0.242318
2026-09-18T18:49:00+00:00,prs,1.633,-0.013582,0.218017,-0.017582,-0.235599
2026-09-18T18:50:00+00:00,prs,1.571,-0.011858,0.156017,-0.015858,-0.171875
2026-09-18T18:51:00+00:00,prs,1.609,-0.01013,0.194017,-0.01413,-0.208147
2026-09-18T18:52:00+00:00,prs,1.647,-0.008399,0.232017,-0.012399,-0.244416
2026-09-18T18:53:00+00:00,prs,1.685,-0.006663,0.270017,-0.010663,-0.28068
2026-09-18T18:54:00+00:00,prs,1.675,-0.004923,0.260017,-0.008923,-0.26894
2026-09-18T18:55:00+00:00,prs,1.666,-0.00318,0.251017,-0.00718,-0.258197
2026-09-18T18:56:00+00:00,prs,1.643,-0.001433,0.228017,-0.005433,-0.23345
2026-09-18T18:57:00+00:00,prs,1.655,0.000317,0.240017,-0.003683,-0.2437
2026-09-18T18:58:00+00:00,prs,1.542,0.00207,0.127017,-0.00193,-0.128947
2026-09-18T18:59:00+00:00,prs,1.626,0.003827,0.211017,-0.000173,-0.21119
2026-09-18T19:00:00+00:00,prs,1.613,0.005587,0.198017,0.001587,-0.19643
2026-09-18T19:01:00+00:00,prs,1.637,0.00735,0.222017,0.00335,-0.218667
2026-09-18T19:02:00+00:00,prs,1.717,0.009116,0.302017,0.005116,-0.296901
2026-09-18T19:03:00+00:00,prs,1.6840000000000002,0.010885,0.269017,0.006885,-0.262132
2026-09-18T19:04:00+00:00,prs,1.597,0.012657,0.182017,0.008657,-0.17336
2026-09-18T19:05:00+00:00,prs,1.6720000000000002,0.014431,0.257017,0.010431,-0.246586
2026-09-18T19:06:00+00:00,prs,1.579,0.016207,0.164017,0.012207,-0.15181
2026-09-18T19:07:00+00:00,prs,1.669,0.017986,0.254017,0.013986,-0.240031
2026-09-18T19:08:00+00:00,prs,1.649,0.019767,0.234017,0.015767,-0.21825
2026-09-18T19:09:00+00:00,prs,1.626,0.021551,0.211017,0.017551,-0.193466
2026-09-18T19:10:00+00:00,prs,1.662,0.023336,0.247017,0.019336,-0.227681
2026-09-18T19:11:00+00:00,prs,1.658,0.025123,0.243017,0.021123,-0.221894
2026-09-18T19:12:00+00:00,prs,1.639,0.026912,0.224017,0.022912,-0.201105
2026-09-18T19:13:00+00:00,prs,1.641,0.028703,0.226017,0.024703,-0.201314
2026-09-18T19:14:00+00:00,prs,1.696,0.030495,0.281017,0.026495,-0.254522
2026-09-18T19:15:00+00:00,prs,1.709,0.032289,0.294017,0.028289,-0.265728
2026-09-18T19:16:00+00:00,prs,1.605,0.034084,0.190017,0.030084,-0.159933
2026-09-18T19:17:00+00:00,prs,1.6139999999999999,0.03588,0.199017,0.03188,-0.167137
2026-09-18T19:18:00+00:00,prs,1.541,0.037677,0.126017,0.033678,-0.092339
2026-09-18T19:19:00+00:00,prs,1.6360000000000001,0.039476,0.221017,0.035476,-0.185541
2026-09-18T19:20:00+00:00,prs,1.649,0.041275,0.234017,0.037275,-0.196742
2026-09-18T19:21:00+00:00,prs,1.646,0.043075,0.231017,0.039075,-0.191942
2026-09-18T19:22:00+00:00,prs,1.6560000000000001,0.044876,0.241017,0.040876,-0.200141
2026-09-18T19:23:00+00:00,prs,1.604,0.046677,0.189017,0.042677,-0.14634
2026-09-18T19:24:00+00:00,prs,1.6059999999999999,0.048479,0.191017,0.044479,-0.146538
2026-09-18T19:25:00+00:00,prs,1.654,0.050281,0.239017,0.046281,-0.192736
2026-09-18T19:26:00+00:00,prs,1.724,0.052083,0.309017,0.048083,-0.260934
2026-09-18T19:27:00+00:00,prs,1.683,0.053885,0.268017,0.049885,-0.218132
2026-09-18T19:28:00+00:00,prs,1.762,0.055687,0.347017,0.051687,-0.29533
2026-09-18T19:29:00+00:00,prs,1.675,0.057489,0.260017,0.053489,-0.206528
2026-09-18T19:30:00+00:00,prs,1.72,0.059291,0.305017,0.055291,-0.249726
2026-09-18T19:31:00+00:00,prs,1.7229999999999999,0.061092,0.308017,0.057092,-0.250925
2026-09-18T19:32:00+00:00,prs,1.675,0.062893,0.260017,0.058893,-0.201124
2026-09-18T19:33:00+00:00,prs,1.728,0.064693,0.313017,0.060693,-0.252324
2026-09-18T19:34:00+00:00,prs,1.78,0.066492,0.365017,0.062493,-0.302525
2026-09-18T19:35:00+00:00,prs,1.701,0.068291,0.286017,0.064291,-0.221726
2026-09-18T19:36:00+00:00,prs,1.682,0.070089,0.267017,0.066089,-0.200928
2026-09-18T19:37:00+00:00,prs,1.7109999999999999,0.071885,0.296017,0.067885,-0.228132
2026-09-18T19:38:00+00:00,prs,1.657,0.073681,0.242017,0.069681,-0.172336
2026-09-18T19:39:00+00:00,prs,1.812,0.075475,0.397017,0.071475,-0.325542
2026-09-18T19:40:00+00:00,prs,1.6600000000000001,0.077267,0.245017,0.073267,-0.17175
2026-09-18T19:41:00+00:00,prs,1.742,0.079058,0.327017,0.075058,-0.251959
2026-09-18T19:42:00+00:00,prs,1.748,0.080848,0.333017,0.076848,-0.256169
2026-09-18T19:43:00+00:00,prs,1.7109999999999999,0.082635,0.296017,0.078635,-0.217382
2026-09-18T19:44:00+00:00,prs,1.751,0.084421,0.336017,0.080421,-0.255596
2026-09-18T19:45:00+00:00,prs,1.714,0.086204,0.299017,0.082205,-0.216813
2026-09-18T19:46:00+00:00,prs,1.717,0.087986,0.302017,0.083986,-0.218031
2026-09-18T19:47:00+00:00,prs,1.69,0.089765,0.275017,0.085765,-0.189252
2026-09-18T19:48:00+00:00,prs,1.704,0.091542,0.289017,0.087542,-0.201475
2026-09-18T19:49:00+00:00,prs,1.677,0.093317,0.262017,0.089317,-0.1727
2026-09-18T19:50:00+00:00,prs,1.795,0.095089,0.380017,0.091089,-0.288928
2026-09-18T19:51:00+00:00,prs,1.741,0.096858,0.326017,0.092858,-0.233159
2026-09-18T19:52:00+00:00,prs,1.7970000000000002,0.098624,0.382017,0.094624,-0.287393
2026-09-18T19:53:00+00:00,prs,1.729,0.100388,0.314017,0.096388,-0.217629
2026-09-18T19:54:00+00:00,prs,1.7850000000000001,0.102148,0.370017,0.098148,-0.271869
2026-09-18T19:55:00+00:00,prs,1.759,0.103905,0.344017,0.099905,-0.244112
2026-09-18T19:56:00+00:00,prs,1.647,0.105659,0.232017,0.101659,-0.130358
2026-09-18T19:57:00+00:00,prs,1.6640000000000001,0.10741,0.249017,0.10341,-0.145607
2026-09-18T19:58:00+00:00,prs,1.716,0.109157,0.301017,0.105157,-0.19586
2026-09-18T19:59:00+00:00,prs,1.729,0.1109,0.314017,0.1069,-0.207117
2026-09-18T20:00:00+00:00,prs,1.675,0.11264,0.260017,0.10864,-0.151377
2026-09-18T20:01:00+00:00,prs,1.746,0.114376,0.331017,0.110376,-0.220641
2026-09-18T20:02:00+00:00,prs,1.697,0.116107,0.282017,0.112108,-0.16991
2026-09-18T20:03:00+00:00,prs,1.7349999999999999,0.117835,0.320017,0.113835,-0.206182
2026-09-18T20:04:00+00:00,prs,1.635,0.119559,0.220017,0.115559,-0.104458
2026-09-18T20:05:00+00:00,prs,1.7570000000000001,0.121278,0.342017,0.117278,-0.224739
2026-09-18T20:06:00+00:00,prs,1.775,0.122993,0.360017,0.118993,-0.241024
2026-09-18T20:07:00+00:00,prs,1.759,0.124704,0.344017,0.120704,-0.223313
2026-09-18T20:08:00+00:00,prs,1.725,0.126409,0.310017,0.122409,-0.187608
2026-09-18T20:09:00+00:00,prs,1.774,0.12811,0.359017,0.12411,-0.234907
2026-09-18T20:10:00+00:00,prs,1.768,0.129807,0.353017,0.125807,-0.22721
2026-09-18T20:11:00+00:00,prs,1.7349999999999999,0.131498,0.320017,0.127498,-0.192519
2026-09-18T20:12:00+00:00,prs,1.728,0.133184,0.313017,0.129184,-0.183833
2026-09-18T20:13:00+00:00,prs,1.702,0.134865,0.287017,0.130865,-0.156152
2026-09-18T20:14:00+00:00,prs,1.75,0.13654,0.335017,0.132541,-0.202476
2026-09-18T20:15:00+00:00,prs,1.6560000000000001,0.138211,0.241017,0.134211,-0.106806
2026-09-18T20:16:00+00:00,prs,1.7650000000000001,0.139875,0.350017,0.135876,-0.214142
2026-09-18T20:17:00+00:00,prs,1.79,0.141535,0.375017,0.137535,-0.237482
2026-09-18T20:18:00+00:00,prs,1.709,0.143188,0.294017,0.139188,-0.154829
2026-09-18T20:19:00+00:00,prs,1.767,0.144835,0.352017,0.140836,-0.211181
2026-09-18T20:20:00+00:00,prs,1.6949999999999998,0.146477,0.280017,0.142477,-0.13754
2026-09-18T20:21:00+00:00,prs,1.694,0.148113,0.279017,0.144113,-0.134904
2026-09-18T20:22:00+00:00,prs,1.756,0.149742,0.341017,0.145742,-0.195275
2026-09-18T20:23:00+00:00,prs,1.706,0.151365,0.291017,0.147365,-0.143652
2026-09-18T20:24:00+00:00,prs,1.71,0.152982,0.295017,0.148982,-0.146035
2026-09-18T20:25:00+00:00,prs,1.661,0.154592,0.246017,0.150592,-0.095425
2026-09-18T20:26:00+00:00,prs,1.779,0.156196,0.364017,0.152196,-0.211821
2026-09-18T20:27:00+00:00,prs,1.806,0.157793,0.391017,0.153793,-0.237224
2026-09-18T20:28:00+00:00,prs,1.792,0.159383,0.377017,0.155383,-0.221634
2026-09-18T20:29:00+00:00,prs,1.736,0.160966,0.321017,0.156966,-0.164051
2026-09-18T20:30:00+00:00,prs,1.803,0.162542,0.388017,0.158542,-0.229475
2026-09-18T20:31:00+00:00,prs,1.732,0.164111,0.317017,0.160112,-0.156906
2026-09-18T20:32:00+00:00,prs,1.762,0.165673,0.347017,0.161673,-0.185344
2026-09-18T20:33:00+00:00,prs,1.764,0.167228,0.349017,0.163228,-0.185789
2026-09-18T20:34:00+00:00,prs,1.7069999999999999,0.168775,0.292017,0.164775,-0.127242
2026-09-18T20:35:00+00:00,prs,1.678,0.170315,0.263017,0.166315,-0.096702
2026-09-18T20:36:00+00:00,prs,1.744,0.171847,0.329017,0.167847,-0.16117
2026-09-18T20:37:00+00:00,prs,1.742,0.173371,0.327017,0.169371,-0.157646
2026-09-18T20:38:00+00:00,prs,1.7650000000000001,0.174888,0.350017,0.170888,-0.179129
2026-09-18T20:39:00+00:00,prs,1.76,0.176396,0.345017,0.172396,-0.172621
2026-09-18T20:40:00+00:00,prs,1.784,0.177897,0.369017,0.173897,-0.19512
2026-09-18T20:41:00+00:00,prs,1.8279999999999998,0.179389,0.413017,0.175389,-0.237628
2026-09-18T20:42:00+00:00,prs,1.8090000000000002,0.180874,0.394017,0.176874,-0.217143
2026-09-18T20:43:00+00:00,prs,1.791,0.18235,0.376017,0.17835,-0.197667
2026-09-18T20:44:00+00:00,prs,1.7469999999999999,0.183817,0.332017,0.179817,-0.1522
2026-09-18T20:45:00+00:00,prs,1.722,0.185276,0.307017,0.181276,-0.125741
2026-09-18T20:46:00+00:00,prs,1.729,0.186726,0.314017,0.182726,-0.131291
2026-09-18T20:47:00+00:00,prs,1.7530000000000001,0.188168,0.338017,0.184168,-0.153849
2026-09-18T21:03:00+00:00,prs,1.688,0.209976,0.273017,0.205976,-0.067041
2026-09-18T21:04:00+00:00,prs,1.779,0.211255,0.364017,0.207255,-0.156762
2026-09-18T21:05:00+00:00,prs,1.73,0.212525,0.315017,0.208525,-0.106492
2026-09-18T21:06:00+00:00,prs,1.783,0.213784,0.368017,0.209784,-0.158233
2026-09-18T21:07:00+00:00,prs,1.726,0.215032,0.311017,0.211032,-0.099985
2026-09-18T21:08:00+00:00,prs,1.8050000000000002,0.21627,0.390017,0.21227,-0.177747
2026-09-18T21:09:00+00:00,prs,1.702,0.217497,0.287017,0.213497,-0.07352
2026-09-18T21:10:00+00:00,prs,1.728,0.218714,0.313017,0.214714,-0.098303
2026-09-18T21:11:00+00:00,prs,1.807,0.219919,0.392017,0.215919,-0.176098
2026-09-18T21:12:00+00:00,prs,1.817,0.221114,0.402017,0.217114,-0.184903
2026-09-18T21:13:00+00:00,prs,1.708,0.222298,0.293017,0.218298,-0.074719
2026-09-18T21:14:00+00:00,prs,1.689,0.223471,0.274017,0.219471,-0.054546
2026-09-18T21:15:00+00:00,prs,1.7429999999999999,0.224632,0.328017,0.220632,-0.107385
2026-09-18T21:16:00+00:00,prs,1.728,0.225783,0.313017,0.221783,-0.091234
2026-09-18T21:17:00+00:00,prs,1.6909999999999998,0.226922,0.276017,0.222922,-0.053095
2026-09-18T21:18:00+00:00,prs,1.733,0.228049,0.318017,0.22405,-0.093967
2026-09-18T21:19:00+00:00,prs,1.681,0.229166,0.266017,0.225166,-0.040851
2026-09-18T21:20:00+00:00,prs,1.7109999999999999,0.230271,0.296017,0.226271,-0.069746
2026-09-18T21:21:00+00:00,prs,1.706,0.231364,0.291017,0.227364,-0.063653
2026-09-18T21:22:00+00:00,prs,1.737,0.232445,0.322017,0.228446,-0.093572
2026-09-18T21:23:00+00:00,prs,1.775,0.233515,0.360017,0.229515,-0.130502
2026-09-18T21:24:00+00:00,prs,1.74,0.234573,0.325017,0.230573,-0.094444
2026-09-18T21:25:00+00:00,prs,1.774,0.23562,0.359017,0.23162,-0.127397
2026-09-18T21:26:00+00:00,prs,1.831,0.236654,0.416017,0.232654,-0.183363
2026-09-18T21:27:00+00:00,prs,1.7650000000000001,0.237676,0.350017,0.233676,-0.116341
2026-09-18T21:28:00+00:00,prs,1.8010000000000002,0.238686,0.386017,0.234686,-0.151331
2026-09-18T21:29:00+00:00,prs,1.72,0.239684,0.305017,0.235684,-0.069333
2026-09-18T21:30:00+00:00,prs,1.744,0.24067,0.329017,0.23667,-0.092347
2026-09-18T21:31:00+00:00,prs,1.786,0.241644,0.371017,0.237644,-0.133373
2026-09-18T21:32:00+00:00,prs,1.7810000000000001,0.242605,0.366017,0.238605,-0.127412
2026-09-18T21:33:00+00:00,prs,1.7570000000000001,0.243554,0.342017,0.239554,-0.102463
2026-09-18T21:34:00+00:00,prs,1.779,0.24449,0.364017,0.24049,-0.123527
2026-09-18T21:35:00+00:00,prs,1.748,0.245414,0.333017,0.241414,-0.091603
2026-09-18T21:36:00+00:00,prs,1.8159999999999998,0.246325,0.401017,0.242325,-0.158692
2026-09-18T21:37:00+00:00,prs,1.7469999999999999,0.247223,0.332017,0.243224,-0.088794
2026-09-18T21:38:00+00:00,prs,1.796,0.248109,0.381017,0.244109,-0.136908
2026-09-18T21:39:00+00:00,prs,1.7429999999999999,0.248982,0.328017,0.244982,-0.083035
2026-09-18T21:40:00+00:00,prs,1.78,0.249843,0.365017,0.245843,-0.119174
2026-09-18T21:41:00+00:00,prs,1.78,0.25069,0.365017,0.24669,-0.118327
2026-09-18T21:42:00+00:00,prs,1.788,0.251524,0.373017,0.247525,-0.125493
2026-09-18T21:43:00+00:00,prs,1.75,0.252346,0.335017,0.248346,-0.086671
2026-09-18T21:44:00+00:00,prs,1.847,0.253154,0.432017,0.249154,-0.182863
2026-09-18T21:45:00+00:00,prs,1.8010000000000002,0.25395,0.386017,0.24995,-0.136067
2026-09-18T21:46:00+00:00,prs,1.833,0.254732,0.418017,0.250732,-0.167285
2026-09-18T21:47:00+00:00,prs,1.732,0.255501,0.317017,0.251501,-0.065516
2026-09-18T21:48:00+00:00,prs,1.767,0.256256,0.352017,0.252256,-0.099761
2026-09-18T21:49:00+00:00,prs,1.782,0.256999,0.367017,0.252999,-0.114018
2026-09-18T21:50:00+00:00,prs,1.741,0.257728,0.326017,0.253728,-0.072289
2026-09-18T21:51:00+00:00,prs,1.803,0.258443,0.388017,0.254443,-0.133574
2026-09-18T21:52:00+00:00,prs,1.821,0.259145,0.406017,0.255145,-0.150872
2026-09-18T21:53:00+00:00,prs,1.749,0.259834,0.334017,0.255834,-0.078183
2026-09-18T21:54:00+00:00,prs,1.745,0.260509,0.330017,0.256509,-0.073508
2026-09-18T21:55:00+00:00,prs,1.812,0.26117,0.397017,0.25717,-0.139847
2026-09-18T21:56:00+00:00,prs,1.8010000000000002,0.261818,0.386017,0.257818,-0.128199
2026-09-18T21:57:00+00:00,prs,1.8159999999999998,0.262452,0.401017,0.258452,-0.142565
2026-09-18T21:58:00+00:00,prs,1.822,0.263073,0.407017,0.259073,-0.147944
2026-09-18T21:59:00+00:00,prs,1.8,0.263679,0.385017,0.25968,-0.125338
2026-09-18T22:00:00+00:00,prs,1.8,0.264272,0.385017,0.260272,-0.124745
2026-09-18T22:01:00+00:00,prs,1.742,0.264851,0.327017,0.260851,-0.066166
2026-09-18T22:02:00+00:00,prs,1.794,0.265416,0.379017,0.261416,-0.117601
2026-09-18T22:03:00+00:00,prs,1.734,0.265968,0.319017,0.261968,-0.057049
2026-09-18T22:04:00+00:00,prs,1.779,0.266505,0.364017,0.262505,-0.101512
2026-09-18T22:05:00+00:00,prs,1.759,0.267028,0.344017,0.263028,-0.080989
2026-09-18T22:06:00+00:00,prs,1.7469999999999999,0.267537,0.332017,0.263537,-0.06848
2026-09-18T22:07:00+00:00,prs,1.74,0.268032,0.325017,0.264032,-0.060985
2026-09-18T22:08:00+00:00,prs,1.7229999999999999,0.268513,0.308017,0.264513,-0.043504
2026-09-18T22:09:00+00:00,prs,1.6949999999999998,0.26898,0.280017,0.26498,-0.015037
2026-09-18T22:10:00+00:00,prs,1.7610000000000001,0.269433,0.346017,0.265433,-0.080584
2026-09-18T22:11:00+00:00,prs,1.77,0.269872,0.355017,0.265872,-0.089145
2026-09-18T22:12:00+00:00,prs,1.745,0.270296,0.330017,0.266296,-0.063721
2026-09-18T22:13:00+00:00,prs,1.754,0.270706,0.339017,0.266706,-0.072311
2026-09-18T22:14:00+00:00,prs,1.7610000000000001,0.271102,0.346017,0.267102,-0.078915
2026-09-18T22:15:00+00:00,prs,1.799,0.271483,0.384017,0.267483,-0.116534
2026-09-18T22:16:00+00:00,prs,1.7810000000000001,0.27185,0.366017,0.267851,-0.098167
2026-09-18T22:17:00+00:00,prs,1.755,0.272203,0.340017,0.268203,-0.071814
2026-09-18T22:18:00+00:00,prs,1.7029999999999998,0.272542,0.288017,0.268542,-0.019475
2026-09-18T22:19:00+00:00,prs,1.714,0.272866,0.299017,0.268866,-0.030151
2026-09-18T22:20:00+00:00,prs,1.759,0.273175,0.344017,0.269175,-0.074842
2026-09-18T22:21:00+00:00,prs,1.791,0.27347,0.376017,0.26947,-0.106547
2026-09-18T22:22:00+00:00,prs,1.714,0.273751,0.299017,0.269751,-0.029266
2026-09-18T22:23:00+00:00,prs,1.776,0.274017,0.361017,0.270017,-0.091
2026-09-18T22:24:00+00:00,prs,1.741,0.274269,0.326017,0.270269,-0.055748
2026-09-18T22:25:00+00:00,prs,1.72,0.274506,0.305017,0.270506,-0.034511
2026-09-18T22:26:00+00:00,prs,1.706,0.274729,0.291017,0.270729,-0.020288
2026-09-18T22:27:00+00:00,prs,1.73,0.274937,0.315017,0.270937,-0.04408
2026-09-18T22:28:00+00:00,prs,1.742,0.27513,0.327017,0.27113,-0.055887
2026-09-18T22:29:00+00:00,prs,1.694,0.275309,0.279017,0.271309,-0.007708
2026-09-18T22:30:00+00:00,prs,1.698,0.275474,0.283017,0.271474,-0.011543
2026-09-18T22:31:00+00:00,prs,1.771,0.275623,0.356017,0.271624,-0.084394
2026-09-18T22:32:00+00:00,prs,1.736,0.275759,0.321017,0.271759,-0.049258
2026-09-18T22:33:00+00:00,prs,1.745,0.275879,0.330017,0.271879,-0.058138
2026-09-18T22:34:00+00:00,prs,1.741,0.275985,0.326017,0.271985,-0.054032
2026-09-18T22:35:00+00:00,prs,1.73,0.276076,0.315017,0.272076,-0.042941
2026-09-18T22:36:00+00:00,prs,1.751,0.276153,0.336017,0.272153,-0.063864
2026-09-18T22:37:00+00:00,prs,1.722,0.276215,0.307017,0.272215,-0.034802
2026-09-18T22:38:00+00:00,prs,1.737,0.276262,0.322017,0.272262,-0.049755
2026-09-18T22:39:00+00:00,prs,1.771,0.276295,0.356017,0.272295,-0.083722
2026-09-18T22:40:00+00:00,prs,1.748,0.276313,0.333017,0.272313,-0.060704
2026-09-18T22:41:00+00:00,prs,1.7269999999999999,0.276316,0.312017,0.272316,-0.039701
2026-09-18T22:42:00+00:00,prs,1.7269999999999999,0.276305,0.312017,0.272305,-0.039712
2026-09-18T22:43:00+00:00,prs,1.734,0.276279,0.319017,0.272279,-0.046738
2026-09-18T22:44:00+00:00,prs,1.732,0.276238,0.317017,0.272238,-0.044779
2026-09-18T22:45:00+00:00,prs,1.722,0.276183,0.307017,0.272183,-0.034834
2026-09-18T22:46:00+00:00,prs,1.786,0.276113,0.371017,0.272113,-0.098904
2026-09-18T22:47:00+00:00,prs,1.75,0.276028,0.335017,0.272028,-0.062989
2026-09-18T22:48:00+00:00,prs,1.741,0.275929,0.326017,0.271929,-0.054088
2026-09-18T22:49:00+00:00,prs,1.689,0.275815,0.274017,0.271815,-0.002202
2026-09-18T22:50:00+00:00,prs,1.742,0.275686,0.327017,0.271686,-0.055331
2026-09-18T22:51:00+00:00,prs,1.745,0.275543,0.330017,0.271543,-0.058474
2026-09-18T22:52:00+00:00,prs,1.759,0.275385,0.344017,0.271385,-0.072632
2026-09-18T22:53:00+00:00,prs,1.6800000000000002,0.275213,0.265017,0.271213,0.006196
2026-09-18T22:54:00+00:00,prs,1.722,0.275026,0.307017,0.271026,-0.035991
2026-09-18T22:55:00+00:00,prs,1.714,0.274824,0.299017,0.270824,-0.028193
2026-09-18T22:56:00+00:00,prs,1.7109999999999999,0.274608,0.296017,0.270608,-0.025409
2026-09-18T22:57:00+00:00,prs,1.674,0.274377,0.259017,0.270377,0.01136
2026-09-18T22:58:00+00:00,prs,1.6800000000000002,0.274132,0.265017,0.270132,0.005115
2026-09-18T22:59:00+00:00,prs,1.696,0.273872,0.281017,0.269872,-0.011145
2026-09-18T23:00:00+00:00,prs,1.62,0.273598,0.205017,0.269598,0.064581
2026-09-18T23:01:00+00:00,prs,1.627,0.273309,0.212017,0.269309,0.057292
2026-09-18T23:03:00+00:00,prs,1.705,0.272688,0.290017,0.268688,-0.021329
2026-09-18T23:04:00+00:00,prs,1.69,0.272356,0.275017,0.268356,-0.006661
2026-09-18T23:05:00+00:00,prs,1.708,0.272009,0.293017,0.268009,-0.025008
2026-09-18T23:06:00+00:00,prs,1.682,0.271648,0.267017,0.267648,0.000631
2026-09-18T23:07:00+00:00,prs,1.65,0.271273,0.235017,0.267273,0.032256
2026-09-18T23:08:00+00:00,prs,1.6989999999999998,0.270883,0.284017,0.266883,-0.017134
2026-09-18T23:09:00+00:00,prs,1.639,0.270479,0.224017,0.266479,0.042462
2026-09-18T23:10:00+00:00,prs,1.626,0.270061,0.211017,0.266061,0.055044
2026-09-18T23:11:00+00:00,prs,1.597,0.269628,0.182017,0.265628,0.083611
2026-09-18T23:12:00+00:00,prs,1.6179999999999999,0.269181,0.203017,0.265181,0.062164
2026-09-18T23:13:00+00:00,prs,1.647,0.26872,0.232017,0.26472,0.032703
2026-09-18T23:14:00+00:00,prs,1.646,0.268245,0.231017,0.264245,0.033228
2026-09-18T23:15:00+00:00,prs,1.651,0.267756,0.236017,0.263756,0.027739
2026-09-18T23:16:00+00:00,prs,1.631,0.267252,0.216017,0.263252,0.047235
2026-09-18T23:17:00+00:00,prs,1.637,0.266735,0.222017,0.262735,0.040718
2026-09-18T23:18:00+00:00,prs,1.651,0.266203,0.236017,0.262203,0.026186
2026-09-18T23:19:00+00:00,prs,1.6680000000000001,0.265657,0.253017,0.261657,0.00864
2026-09-18T23:20:00+00:00,prs,1.638,0.265098,0.223017,0.261098,0.038081
2026-09-18T23:21:00+00:00,prs,1.655,0.264524,0.240017,0.260524,0.020507
2026-09-18T23:22:00+00:00,prs,1.6179999999999999,0.263937,0.203017,0.259937,0.05692
2026-09-18T23:23:00+00:00,prs,1.683,0.263335,0.268017,0.259335,-0.008682
2026-09-18T23:24:00+00:00,prs,1.6360000000000001,0.26272,0.221017,0.25872,0.037703
2026-09-18T23:25:00+00:00,prs,1.6480000000000001,0.262091,0.233017,0.258091,0.025074
2026-09-18T23:26:00+00:00,prs,1.6179999999999999,0.261448,0.203017,0.257448,0.054431
2026-09-18T23:27:00+00:00,prs,1.6,0.260792,0.185017,0.256792,0.071775
2026-09-18T23:28:00+00:00,prs,1.615,0.260122,0.200017,0.256122,0.056105
2026-09-18T23:29:00+00:00,prs,1.596,0.259438,0.181017,0.255438,0.074421
2026-09-18T23:30:00+00:00,prs,1.631,0.258741,0.216017,0.254741,0.038724
2026-09-18T23:31:00+00:00,prs,1.6059999999999999,0.25803,0.191017,0.25403,0.063013
2026-09-18T23:32:00+00:00,prs,1.609,0.257306,0.194017,0.253306,0.059289
2026-09-18T23:33:00+00:00,prs,1.563,0.256568,0.148017,0.252568,0.104551
2026-09-18T23:34:00+00:00,prs,1.575,0.255817,0.160017,0.251817,0.0918
2026-09-18T23:35:00+00:00,prs,1.584,0.255052,0.169017,0.251052,0.082035
2026-09-18T23:36:00+00:00,prs,1.5939999999999999,0.254274,0.179017,0.250274,0.071257
2026-09-18T23:37:00+00:00,prs,1.575,0.253483,0.160017,0.249483,0.089466
2026-09-18T23:38:00+00:00,prs,1.5939999999999999,0.252679,0.179017,0.248679,0.069662
2026-09-18T23:39:00+00:00,prs,1.5859999999999999,0.251862,0.171017,0.247862,0.076845
2026-09-18T23:40:00+00:00,prs,1.5979999999999999,0.251031,0.183017,0.247031,0.064014
2026-09-18T23:41:00+00:00,prs,1.615,0.250188,0.200017,0.246188,0.046171
2026-09-18T23:42:00+00:00,prs,1.5390000000000001,0.249331,0.124017,0.245331,0.121314
2026-09-18T23:43:00+00:00,prs,1.6,0.248462,0.185017,0.244462,0.059445
2026-09-18T23:44:00+00:00,prs,1.593,0.24758,0.178017,0.24358,0.065563
2026-09-18T23:45:00+00:00,prs,1.553,0.246685,0.138017,0.242685,0.104668
2026-09-18T23:46:00+00:00,prs,1.518,0.245777,0.103017,0.241777,0.13876
2026-09-18T23:47:00+00:00,prs,1.5550000000000002,0.244856,0.140017,0.240856,0.100839
2026-09-18T23:48:00+00:00,prs,1.548,0.243923,0.133017,0.239923,0.106906
2026-09-18T23:49:00+00:00,prs,1.542,0.242977,0.127017,0.238978,0.11196
2026-09-18T23:50:00+00:00,prs,1.589,0.242019,0.174017,0.238019,0.064002
2026-09-18T23:51:00+00:00,prs,1.5550000000000002,0.241049,0.140017,0.237049,0.097032
2026-09-18T23:52:00+00:00,prs,1.6,0.240065,0.185017,0.236066,0.051049
2026-09-18T23:53:00+00:00,prs,1.596,0.23907,0.181017,0.23507,0.054053
2026-09-18T23:54:00+00:00,prs,1.573,0.238062,0.158017,0.234063,0.076046
2026-09-18T23:55:00+00:00,prs,1.5510000000000002,0.237043,0.136017,0.233043,0.097026
2026-09-18T23:56:00+00:00,prs,1.5390000000000001,0.236011,0.124017,0.232011,0.107994
2026-09-18T23:57:00+00:00,prs,1.556,0.234967,0.141017,0.230967,0.08995
2026-09-18T23:58:00+00:00,prs,1.546,0.233911,0.131017,0.229911,0.098894
2026-09-18T23:59:00+00:00,prs,1.5699999999999998,0.232843,0.155017,0.228843,0.073826
2026-09-19T00:00:00+00:00,prs,1.5310000000000001,0.231763,0.116017,0.227763,0.111746
2026-09-19T00:01:00+00:00,prs,1.51,0.230671,0.095017,0.226672,0.131654
2026-09-19T00:02:00+00:00,prs,1.557,0.229568,0.142017,0.225568,0.083551
2026-09-19T00:03:00+00:00,prs,1.529,0.228453,0.114017,0.224453,0.110436
2026-09-19T00:04:00+00:00,prs,1.467,0.227327,0.052017,0.223327,0.17131
2026-09-19T00:05:00+00:00,prs,1.51,0.226189,0.095017,0.222189,0.127172
2026-09-19T00:06:00+00:00,prs,1.526,0.225039,0.111017,0.221039,0.110022
2026-09-19T00:07:00+00:00,prs,1.5310000000000001,0.223879,0.116017,0.219879,0.103862
2026-09-19T00:08:00+00:00,prs,1.552,0.222707,0.137017,0.218707,0.08169
2026-09-19T00:09:00+00:00,prs,1.5110000000000001,0.221523,0.096017,0.217524,0.121506
2026-09-19T00:10:00+00:00,prs,1.548,0.220329,0.133017,0.216329,0.083312
2026-09-19T00:11:00+00:00,prs,1.5510000000000002,0.219124,0.136017,0.215124,0.079107
2026-09-19T00:12:00+00:00,prs,1.502,0.217907,0.087017,0.213907,0.12689
2026-09-19T00:13:00+00:00,prs,1.454,0.21668,0.039017,0.21268,0.173663
2026-09-19T00:14:00+00:00,prs,1.546,0.215442,0.131017,0.211442,0.080425
2026-09-19T00:15:00+00:00,prs,1.504,0.214193,0.089017,0.210193,0.121176
2026-09-19T00:16:00+00:00,prs,1.522,0.212934,0.107017,0.208934,0.101917
2026-09-19T00:17:00+00:00,prs,1.5030000000000001,0.211664,0.088017,0.207664,0.119647
2026-09-19T00:18:00+00:00,prs,1.518,0.210383,0.103017,0.206384,0.103367
2026-09-19T00:19:00+00:00,prs,1.544,0.209093,0.129017,0.205093,0.076076
2026-09-19T00:20:00+00:00,prs,1.533,0.207791,0.118017,0.203792,0.085774
2026-09-19T00:21:00+00:00,prs,1.5110000000000001,0.20648,0.096017,0.20248,0.106463
2026-09-19T00:22:00+00:00,prs,1.5390000000000001,0.205158,0.124017,0.201159,0.077142
2026-09-19T00:23:00+00:00,prs,1.512,0.203827,0.097017,0.199827,0.10281
2026-09-19T00:24:00+00:00,prs,1.536,0.202485,0.121017,0.198485,0.077468
2026-09-19T00:25:00+00:00,prs,1.4689999999999999,0.201134,0.054017,0.197134,0.143117
2026-09-19T00:26:00+00:00,prs,1.534,0.199772,0.119017,0.195773,0.076756
2026-09-19T00:27:00+00:00,prs,1.5,0.198401,0.085017,0.194402,0.109385
2026-09-19T00:28:00+00:00,prs,1.505,0.197021,0.090017,0.193021,0.103004
2026-09-19T00:29:00+00:00,prs,1.5030000000000001,0.195631,0.088017,0.191631,0.103614
2026-09-19T00:30:00+00:00,prs,1.487,0.194231,0.072017,0.190231,0.118214
2026-09-19T00:31:00+00:00,prs,1.496,0.192822,0.081017,0.188822,0.107805
2026-09-19T00:32:00+00:00,prs,1.498,0.191404,0.083017,0.187404,0.104387
2026-09-19T00:33:00+00:00,prs,1.451,0.189976,0.036017,0.185977,0.149959
2026-09-19T00:34:00+00:00,prs,1.517,0.18854,0.102017,0.18454,0.082523
2026-09-19T00:35:00+00:00,prs,1.4889999999999999,0.187094,0.074017,0.183095,0.109077
2026-09-19T00:36:00+00:00,prs,1.488,0.18564,0.073017,0.18164,0.108623
2026-09-19T00:37:00+00:00,prs,1.5470000000000002,0.184177,0.132017,0.180177,0.04816
2026-09-19T00:38:00+00:00,prs,1.496,0.182705,0.081017,0.178705,0.097688
2026-09-19T00:39:00+00:00,prs,1.506,0.181224,0.091017,0.177224,0.086207
2026-09-19T00:40:00+00:00,prs,1.4969999999999999,0.179735,0.082017,0.175735,0.093718
2026-09-19T00:41:00+00:00,prs,1.4849999999999999,0.178238,0.070017,0.174238,0.104221
2026-09-19T00:42:00+00:00,prs,1.5150000000000001,0.176732,0.100017,0.172732,0.072715
2026-09-19T00:43:00+00:00,prs,1.5,0.175218,0.085017,0.171218,0.086201
2026-09-19T00:44:00+00:00,prs,1.4929999999999999,0.173696,0.078017,0.169696,0.091679
2026-09-19T00:45:00+00:00,prs,1.447,0.172166,0.032017,0.168166,0.136149
2026-09-19T00:46:00+00:00,prs,1.428,0.170627,0.013017,0.166628,0.153611
2026-09-19T00:47:00+00:00,prs,1.45,0.169081,0.035017,0.165082,0.130065
2026-09-19T00:48:00+00:00,prs,1.412,0.167528,-0.002983,0.163528,0.166511
2026-09-19T00:49:00+00:00,prs,1.432,0.165966,0.017017,0.161966,0.144949
2026-09-19T00:50:00+00:00,prs,1.414,0.164397,-0.000983,0.160398,0.16138
2026-09-19T00:51:00+00:00,prs,1.385,0.162821,-0.029983,0.158821,0.188804
2026-09-19T00:52:00+00:00,prs,1.401,0.161237,-0.013983,0.157237,0.17122
2026-09-19T00:53:00+00:00,prs,1.432,0.159646,0.017017,0.155647,0.138629
2026-09-19T00:54:00+00:00,prs,1.3900000000000001,0.158048,-0.024983,0.154048,0.179031
2026-09-19T00:55:00+00:00,prs,1.414,0.156443,-0.000983,0.152443,0.153426
2026-09-19T00:56:00+00:00,prs,1.393,0.154831,-0.021983,0.150831,0.172814
2026-09-19T00:57:00+00:00,prs,1.417,0.153212,0.002017,0.149212,0.147195
2026-09-19T00:58:00+00:00,prs,1.427,0.151587,0.012017,0.147587,0.13557
2026-09-19T00:59:00+00:00,prs,1.379,0.149954,-0.035983,0.145954,0.181937
2026-09-19T01:00:00+00:00,prs,1.436,0.148316,0.021017,0.144316,0.123299
2026-09-19T01:01:00+00:00,prs,1.387,0.14667,-0.027983,0.142671,0.170653
2026-09-19T01:02:00+00:00,prs,1.403,0.145019,-0.011983,0.141019,0.153002
2026-09-19T01:03:00+00:00,prs,1.4020000000000001,0.143361,-0.012983,0.139361,0.152344
2026-09-19T01:04:00+00:00,prs,1.408,0.141698,-0.006983,0.137698,0.144681
2026-09-19T01:05:00+00:00,prs,1.412,0.140028,-0.002983,0.136028,0.139011
2026-09-19T01:06:00+00:00,prs,1.389,0.138352,-0.025983,0.134352,0.160335
2026-09-19T01:07:00+00:00,prs,1.3900000000000001,0.136671,-0.024983,0.132671,0.157654
2026-09-19T01:08:00+00:00,prs,1.361,0.134983,-0.053983,0.130984,0.184966
2026-09-19T01:09:00+00:00,prs,1.361,0.133291,-0.053983,0.129291,0.183274
2026-09-19T01:10:00+00:00,prs,1.3679999999999999,0.131593,-0.046983,0.127593,0.174576
2026-09-19T01:11:00+00:00,prs,1.38,0.129889,-0.034983,0.125889,0.160872
2026-09-19T01:12:00+00:00,prs,1.35,0.12818,-0.064983,0.12418,0.189163
2026-09-19T01:13:00+00:00,prs,1.377,0.126467,-0.037983,0.122467,0.16045
2026-09-19T01:14:00+00:00,prs,1.367,0.124748,-0.047983,0.120748,0.168731
2026-09-19T01:15:00+00:00,prs,1.3439999999999999,0.123024,-0.070983,0.119024,0.190007
2026-09-19T01:16:00+00:00,prs,1.311,0.121295,-0.103983,0.117295,0.221278
2026-09-19T01:17:00+00:00,prs,1.361,0.119562,-0.053983,0.115562,0.169545
2026-09-19T01:18:00+00:00,prs,1.369,0.117824,-0.045983,0.113824,0.159807
2026-09-19T01:19:00+00:00,prs,1.331,0.116082,-0.083983,0.112082,0.196065
2026-09-19T01:20:00+00:00,prs,1.365,0.114335,-0.049983,0.110335,0.160318
2026-09-19T01:21:00+00:00,prs,1.323,0.112584,-0.091983,0.108584,0.200567
2026-09-19T01:22:00+00:00,prs,1.306,0.110829,-0.108983,0.106829,0.215812
2026-09-19T01:23:00+00:00,prs,1.346,0.109069,-0.068983,0.105069,0.174052
2026-09-19T01:24:00+00:00,prs,1.282,0.107306,-0.132983,0.103306,0.236289
2026-09-19T01:25:00+00:00,prs,1.332,0.105539,-0.082983,0.101539,0.184522
2026-09-19T01:26:00+00:00,prs,1.315,0.103769,-0.099983,0.099769,0.199752
2026-09-19T01:27:00+00:00,prs,1.3519999999999999,0.101994,-0.062983,0.097995,0.160977
2026-09-19T01:28:00+00:00,prs,1.329,0.100217,-0.085983,0.096217,0.1822
2026-09-19T01:29:00+00:00,prs,1.305,0.098436,-0.109983,0.094436,0.204419
2026-09-19T01:30:00+00:00,prs,1.313,0.096651,-0.101983,0.092651,0.194634
2026-09-19T01:31:00+00:00,prs,1.328,0.094864,-0.086983,0.090864,0.177847
2026-09-19T01:33:00+00:00,prs,1.35,0.09128,-0.064983,0.08728,0.152263
2026-09-19T01:34:00+00:00,prs,1.346,0.089484,-0.068983,0.085484,0.154467
2026-09-19T01:35:00+00:00,prs,1.329,0.087685,-0.085983,0.083685,0.169668
2026-09-19T01:36:00+00:00,prs,1.301,0.085883,-0.113983,0.081883,0.195866
2026-09-19T01:37:00+00:00,prs,1.318,0.084079,-0.096983,0.080079,0.177062
2026-09-19T01:38:00+00:00,prs,1.316,0.082273,-0.098983,0.078273,0.177256
2026-09-19T01:39:00+00:00,prs,1.28,0.080464,-0.134983,0.076465,0.211447
2026-09-19T01:40:00+00:00,prs,1.332,0.078654,-0.082983,0.074654,0.157637
2026-09-19T01:41:00+00:00,prs,1.305,0.076841,-0.109983,0.072841,0.182824
2026-09-19T01:42:00+00:00,prs,1.297,0.075026,-0.117983,0.071027,0.189009
2026-09-19T01:43:00+00:00,prs,1.299,0.07321,-0.115983,0.06921,0.185193
2026-09-19T01:44:00+00:00,prs,1.27,0.071392,-0.144983,0.067392,0.212375
2026-09-19T01:45:00+00:00,prs,1.254,0.069572,-0.160983,0.065572,0.226555
2026-09-19T01:46:00+00:00,prs,1.2349999999999999,0.067751,-0.179983,0.063751,0.243734
2026-09-19T01:48:00+00:00,prs,1.28,0.064105,-0.134983,0.060105,0.195088
2026-09-19T01:49:00+00:00,prs,1.272,0.062281,-0.142983,0.058281,0.201264
2026-09-19T01:50:00+00:00,prs,1.2770000000000001,0.060455,-0.137983,0.056455,0.194438
2026-09-19T01:51:00+00:00,prs,1.268,0.058628,-0.146983,0.054628,0.201611
2026-09-19T01:52:00+00:00,prs,1.24,0.056801,-0.174983,0.052801,0.227784
2026-09-19T01:53:00+00:00,prs,1.246,0.054973,-0.168983,0.050973,0.219956
2026-09-19T01:54:00+00:00,prs,1.2469999999999999,0.053144,-0.167983,0.049144,0.217127
2026-09-19T01:55:00+00:00,prs,1.249,0.051315,-0.165983,0.047315,0.213298
2026-09-19T01:56:00+00:00,prs,1.278,0.049486,-0.136983,0.045486,0.182469
2026-09-19T01:57:00+00:00,prs,1.232,0.047657,-0.182983,0.043657,0.22664
2026-09-19T01:58:00+00:00,prs,1.2389999999999999,0.045827,-0.175983,0.041827,0.21781
2026-09-19T01:59:00+00:00,prs,1.251,0.043997,-0.163983,0.039997,0.20398
2026-09-19T02:00:00+00:00,prs,1.2610000000000001,0.042168,-0.153983,0.038168,0.192151
2026-09-19T02:01:00+00:00,prs,1.2690000000000001,0.040339,-0.145983,0.036339,0.182322
2026-09-19T02:02:00+00:00,prs,1.271,0.03851,-0.143983,0.03451,0.178493
2026-09-19T02:03:00+00:00,prs,1.245,0.036682,-0.169983,0.032682,0.202665
2026-09-19T02:04:00+00:00,prs,1.268,0.034854,-0.146983,0.030854,0.177837
2026-09-19T02:05:00+00:00,prs,1.238,0.033027,-0.176983,0.029027,0.20601
2026-09-19T02:06:00+00:00,prs,1.2389999999999999,0.031201,-0.175983,0.027201,0.203184
2026-09-19T02:07:00+00:00,prs,1.212,0.029375,-0.202983,0.025375,0.228358
2026-09-19T02:08:00+00:00,prs,1.215,0.027551,-0.199983,0.023551,0.223534
2026-09-19T02:09:00+00:00,prs,1.25,0.025728,-0.164983,0.021728,0.186711
2026-09-19T02:10:00+00:00,prs,1.279,0.023906,-0.135983,0.019906,0.155889
2026-09-19T02:11:00+00:00,prs,1.2429999999999999,0.022086,-0.171983,0.018086,0.190069
2026-09-19T02:12:00+00:00,prs,1.229,0.020267,-0.185983,0.016267,0.20225
2026-09-19T02:13:00+00:00,prs,1.2650000000000001,0.018449,-0.149983,0.014449,0.164432
2026-09-19T02:14:00+00:00,prs,1.216,0.016634,-0.198983,0.012634,0.211617
2026-09-19T02:15:00+00:00,prs,1.2389999999999999,0.01482,-0.175983,0.01082,0.186803
2026-09-19T02:16:00+00:00,prs,1.242,0.013008,-0.172983,0.009008,0.181991
2026-09-19T02:17:00+00:00,prs,1.22,0.011198,-0.194983,0.007198,0.202181
2026-09-19T02:18:00+00:00,prs,1.26,0.00939,-0.154983,0.00539,0.160373
2026-09-19T02:19:00+00:00,prs,1.2690000000000001,0.007585,-0.145983,0.003585,0.149568
2026-09-19T02:20:00+00:00,prs,1.231,0.005782,-0.183983,0.001782,0.185765
2026-09-19T02:21:00+00:00,prs,1.211,0.003981,-0.203983,-1.9e-05,0.203964
2026-09-19T02:22:00+00:00,prs,1.2349999999999999,0.002183,-0.179983,-0.001817,0.178166
2026-09-19T02:23:00+00:00,prs,1.226,0.000388,-0.188983,-0.003612,0.185371
2026-09-19T02:24:00+00:00,prs,1.198,-0.001405,-0.216983,-0.005405,0.211578
2026-09-19T02:25:00+00:00,prs,1.193,-0.003195,-0.221983,-0.007195,0.214788
2026-09-19T02:26:00+00:00,prs,1.173,-0.004981,-0.241983,-0.008981,0.233002
2026-09-19T02:27:00+00:00,prs,1.183,-0.006765,-0.231983,-0.010765,0.221218
2026-09-19T02:28:00+00:00,prs,1.187,-0.008545,-0.227983,-0.012545,0.215438
2026-09-19T02:29:00+00:00,prs,1.195,-0.010322,-0.219983,-0.014322,0.205661
2026-09-19T02:30:00+00:00,prs,1.182,-0.012096,-0.232983,-0.016095,0.216887
2026-09-19T02:31:00+00:00,prs,1.19,-0.013865,-0.224983,-0.017865,0.207118
2026-09-19T02:32:00+00:00,prs,1.204,-0.015632,-0.210983,-0.019632,0.191351
2026-09-19T02:33:00+00:00,prs,1.179,-0.017394,-0.235983,-0.021394,0.214589
2026-09-19T02:34:00+00:00,prs,1.202,-0.019153,-0.212983,-0.023153,0.18983
2026-09-19T02:35:00+00:00,prs,1.205,-0.020908,-0.209983,-0.024907,0.185076
2026-09-19T02:36:00+00:00,prs,1.221,-0.022658,-0.193983,-0.026658,0.167325
2026-09-19T02:37:00+00:00,prs,1.234,-0.024404,-0.180983,-0.028404,0.152579
2026-09-19T02:38:00+00:00,prs,1.189,-0.026147,-0.225983,-0.030146,0.195836
2026-09-19T02:39:00+00:00,prs,1.205,-0.027884,-0.209983,-0.031884,0.178099
2026-09-19T02:40:00+00:00,prs,1.181,-0.029618,-0.233983,-0.033617,0.200366
2026-09-19T02:41:00+00:00,prs,1.186,-0.031346,-0.228983,-0.035346,0.193637
2026-09-19T02:42:00+00:00,prs,1.17,-0.03307,-0.244983,-0.03707,0.207913
2026-09-19T02:43:00+00:00,prs,1.202,-0.034789,-0.212983,-0.038789,0.174194
2026-09-19T02:44:00+00:00,prs,1.162,-0.036503,-0.252983,-0.040503,0.21248
2026-09-19T02:45:00+00:00,prs,1.155,-0.038213,-0.259983,-0.042212,0.21777
2026-09-19T02:46:00+00:00,prs,1.131,-0.039917,-0.283983,-0.043917,0.240066
2026-09-19T02:47:00+00:00,prs,1.173,-0.041616,-0.241983,-0.045615,0.196367
2026-09-19T02:48:00+00:00,prs,1.165,-0.043309,-0.249983,-0.047309,0.202674
2026-09-19T02:49:00+00:00,prs,1.148,-0.044997,-0.266983,-0.048997,0.217986
2026-09-19T02:50:00+00:00,prs,1.163,-0.04668,-0.251983,-0.05068,0.201303
2026-09-19T02:51:00+00:00,prs,1.167,-0.048357,-0.247983,-0.052357,0.195626
2026-09-19T02:52:00+00:00,prs,1.178,-0.050028,-0.236983,-0.054028,0.182955
2026-09-19T02:53:00+00:00,prs,1.167,-0.051694,-0.247983,-0.055694,0.192289
2026-09-19T02:54:00+00:00,prs,1.177,-0.053354,-0.237983,-0.057354,0.180629
2026-09-19T02:55:00+00:00,prs,1.172,-0.055007,-0.242983,-0.059007,0.183976
2026-09-19T02:56:00+00:00,prs,1.178,-0.056655,-0.236983,-0.060655,0.176328
2026-09-19T02:57:00+00:00,prs,1.179,-0.058296,-0.235983,-0.062296,0.173687
2026-09-19T02:58:00+00:00,prs,1.161,-0.059932,-0.253983,-0.063931,0.190052
2026-09-19T02:59:00+00:00,prs,1.125,-0.06156,-0.289983,-0.06556,0.224423
2026-09-19T03:00:00+00:00,prs,1.163,-0.063183,-0.251983,-0.067182,0.1848
2026-09-19T03:01:00+00:00,prs,1.096,-0.064798,-0.318983,-0.068798,0.250185
2026-09-19T03:02:00+00:00,prs,1.158,-0.066407,-0.256983,-0.070407,0.186576
2026-09-19T03:03:00+00:00,prs,1.169,-0.06801,-0.245983,-0.07201,0.173973
2026-09-19T03:04:00+00:00,prs,1.133,-0.069605,-0.281983,-0.073605,0.208378
2026-09-19T03:05:00+00:00,prs,1.144,-0.071194,-0.270983,-0.075194,0.195789
2026-09-19T03:06:00+00:00,prs,1.158,-0.072775,-0.256983,-0.076775,0.180208
2026-09-19T03:07:00+00:00,prs,1.154,-0.07435,-0.260983,-0.07835,0.182633
2026-09-19T03:08:00+00:00,prs,1.18,-0.075917,-0.234983,-0.079917,0.155066
2026-09-19T03:09:00+00:00,prs,1.157,-0.077477,-0.257983,-0.081477,0.176506
2026-09-19T03:10:00+00:00,prs,1.158,-0.07903,-0.256983,-0.08303,0.173953
2026-09-19T03:11:00+00:00,prs,1.153,-0.080575,-0.261983,-0.084575,0.177408
2026-09-19T03:12:00+00:00,prs,1.1320000000000001,-0.082113,-0.282983,-0.086112,0.196871
2026-09-19T03:13:00+00:00,prs,1.145,-0.083642,-0.269983,-0.087642,0.182341
2026-09-19T03:14:00+00:00,prs,1.147,-0.085165,-0.267983,-0.089165,0.178818
2026-09-19T03:15:00+00:00,prs,1.158,-0.086679,-0.256983,-0.090679,0.166304
2026-09-19T03:16:00+00:00,prs,1.163,-0.088186,-0.251983,-0.092186,0.159797
2026-09-19T03:17:00+00:00,prs,1.151,-0.089684,-0.263983,-0.093684,0.170299
2026-09-19T03:18:00+00:00,prs,1.167,-0.091175,-0.247983,-0.095175,0.152808
2026-09-19T03:19:00+00:00,prs,1.162,-0.092657,-0.252983,-0.096657,0.156326
2026-09-19T03:20:00+00:00,prs,1.126,-0.094131,-0.288983,-0.098131,0.190852
2026-09-19T03:21:00+00:00,prs,1.162,-0.095597,-0.252983,-0.099597,0.153386
2026-09-19T03:22:00+00:00,prs,1.169,-0.097055,-0.245983,-0.101055,0.144928
2026-09-19T03:23:00+00:00,prs,1.133,-0.098504,-0.281983,-0.102504,0.179479
2026-09-19T03:24:00+00:00,prs,1.145,-0.099944,-0.269983,-0.103944,0.166039
2026-09-19T03:25:00+00:00,prs,1.159,-0.101376,-0.255983,-0.105376,0.150607
2026-09-19T03:26:00+00:00,prs,1.1320000000000001,-0.102799,-0.282983,-0.106799,0.176184
2026-09-19T03:27:00+00:00,prs,1.127,-0.104213,-0.287983,-0.108213,0.17977
2026-09-19T03:28:00+00:00,prs,1.12,-0.105619,-0.294983,-0.109619,0.185364
2026-09-19T03:29:00+00:00,prs,1.158,-0.107015,-0.256983,-0.111015,0.145968
2026-09-19T03:30:00+00:00,prs,1.121,-0.108403,-0.293983,-0.112403,0.18158
2026-09-19T03:31:00+00:00,prs,1.111,-0.109782,-0.303983,-0.113781,0.190202
2026-09-19T03:32:00+00:00,prs,1.143,-0.111151,-0.271983,-0.115151,0.156832
2026-09-19T03:33:00+00:00,prs,1.134,-0.112511,-0.280983,-0.116511,0.164472
2026-09-19T03:34:00+00:00,prs,1.126,-0.113862,-0.288983,-0.117862,0.171121
2026-09-19T03:35:00+00:00,prs,1.152,-0.115203,-0.262983,-0.119203,0.14378
2026-09-19T03:36:00+00:00,prs,1.145,-0.116535,-0.269983,-0.120535,0.149448
2026-09-19T03:37:00+00:00,prs,1.13,-0.117858,-0.284983,-0.121858,0.163125
2026-09-19T03:38:00+00:00,prs,1.177,-0.11917,-0.237983,-0.12317,0.114813
2026-09-19T03:39:00+00:00,prs,1.146,-0.120474,-0.268983,-0.124474,0.144509
2026-09-19T03:40:00+00:00,prs,1.162,-0.121767,-0.252983,-0.125767,0.127216
2026-09-19T03:41:00+00:00,prs,1.146,-0.123051,-0.268983,-0.127051,0.141932
2026-09-19T03:42:00+00:00,prs,1.177,-0.124325,-0.237983,-0.128325,0.109658
2026-09-19T03:43:00+00:00,prs,1.171,-0.125589,-0.243983,-0.129589,0.114394
2026-09-19T03:44:00+00:00,prs,1.172,-0.126843,-0.242983,-0.130843,0.11214
2026-09-19T03:45:00+00:00,prs,1.172,-0.128087,-0.242983,-0.132087,0.110896
2026-09-19T03:46:00+00:00,prs,1.182,-0.12932,-0.232983,-0.13332,0.099663
2026-09-19T03:47:00+00:00,prs,1.172,-0.130544,-0.242983,-0.134544,0.108439
2026-09-19T03:48:00+00:00,prs,1.151,-0.131757,-0.263983,-0.135757,0.128226
2026-09-19T03:49:00+00:00,prs,1.143,-0.132961,-0.271983,-0.13696,0.135022
2026-09-19T03:50:00+00:00,prs,1.139,-0.134153,-0.275983,-0.138153,0.13783
2026-09-19T03:51:00+00:00,prs,1.161,-0.135336,-0.253983,-0.139336,0.114647
2026-09-19T03:52:00+00:00,prs,1.185,-0.136507,-0.229983,-0.140507,0.089476
2026-09-19T03:53:00+00:00,prs,1.171,-0.137669,-0.243983,-0.141669,0.102314
2026-09-19T03:54:00+00:00,prs,1.146,-0.138819,-0.268983,-0.142819,0.126164
2026-09-19T03:55:00+00:00,prs,1.159,-0.13996,-0.255983,-0.143959,0.112023
2026-09-19T03:56:00+00:00,prs,1.124,-0.141089,-0.290983,-0.145089,0.145894
2026-09-19T03:57:00+00:00,prs,1.138,-0.142208,-0.276983,-0.146207,0.130776
2026-09-19T03:58:00+00:00,prs,1.1280000000000001,-0.143315,-0.286983,-0.147315,0.139668
2026-09-19T03:59:00+00:00,prs,1.134,-0.144412,-0.280983,-0.148412,0.132571
2026-09-19T04:00:00+00:00,prs,1.147,-0.145498,-0.267983,-0.149498,0.118485
2026-09-19T04:01:00+00:00,prs,1.162,-0.146573,-0.252983,-0.150573,0.10241
2026-09-19T04:02:00+00:00,prs,1.1320000000000001,-0.147637,-0.282983,-0.151637,0.131346
2026-09-19T04:03:00+00:00,prs,1.105,-0.14869,-0.309983,-0.15269,0.157293
2026-09-19T04:04:00+00:00,prs,1.148,-0.149732,-0.266983,-0.153732,0.113251
2026-09-19T04:05:00+00:00,prs,1.123,-0.150763,-0.291983,-0.154763,0.13722
2026-09-19T04:06:00+00:00,prs,1.154,-0.151782,-0.260983,-0.155782,0.105201
2026-09-19T04:07:00+00:00,prs,1.1400000000000001,-0.15279,-0.274983,-0.15679,0.118193
2026-09-19T04:08:00+00:00,prs,1.159,-0.153787,-0.255983,-0.157787,0.098196
2026-09-19T04:09:00+00:00,prs,1.138,-0.154773,-0.276983,-0.158773,0.11821
2026-09-19T04:10:00+00:00,prs,1.151,-0.155747,-0.263983,-0.159747,0.104236
2026-09-19T04:11:00+00:00,prs,1.158,-0.156709,-0.256983,-0.160709,0.096274
2026-09-19T04:12:00+00:00,prs,1.1400000000000001,-0.157661,-0.274983,-0.161661,0.113322
2026-09-19T04:13:00+00:00,prs,1.1360000000000001,-0.1586,-0.278983,-0.1626,0.116383
2026-09-19T04:14:00+00:00,prs,1.124,-0.159528,-0.290983,-0.163528,0.127455
2026-09-19T04:15:00+00:00,prs,1.152,-0.160445,-0.262983,-0.164445,0.098538
2026-09-19T04:16:00+00:00,prs,1.134,-0.16135,-0.280983,-0.16535,0.115633
2026-09-19T04:17:00+00:00,prs,1.146,-0.162243,-0.268983,-0.166243,0.10274
2026-09-19T04:18:00+00:00,prs,1.13,-0.163125,-0.284983,-0.167124,0.117858
2026-09-19T04:19:00+00:00,prs,1.134,-0.163994,-0.280983,-0.167994,0.112989
2026-09-19T04:20:00+00:00,prs,1.101,-0.164852,-0.313983,-0.168852,0.145131
2026-09-19T04:21:00+00:00,prs,1.142,-0.165698,-0.272983,-0.169698,0.103285
2026-09-19T04:22:00+00:00,prs,1.098,-0.166533,-0.316983,-0.170532,0.14645
2026-09-19T04:23:00+00:00,prs,1.109,-0.167355,-0.305983,-0.171355,0.134628
2026-09-19T04:24:00+00:00,prs,1.116,-0.168165,-0.298983,-0.172165,0.126818
2026-09-19T04:25:00+00:00,prs,1.077,-0.168964,-0.337983,-0.172964,0.165019
2026-09-19T04:26:00+00:00,prs,1.071,-0.16975,-0.343983,-0.17375,0.170233
2026-09-19T04:27:00+00:00,prs,1.091,-0.170525,-0.323983,-0.174525,0.149458
2026-09-19T04:28:00+00:00,prs,1.073,-0.171287,-0.341983,-0.175287,0.166696
2026-09-19T04:29:00+00:00,prs,1.119,-0.172038,-0.295983,-0.176038,0.119945
2026-09-19T04:30:00+00:00,prs,1.116,-0.172776,-0.298983,-0.176776,0.122207
2026-09-19T04:31:00+00:00,prs,1.1360000000000001,-0.173502,-0.278983,-0.177502,0.101481
2026-09-19T04:32:00+00:00,prs,1.1179999999999999,-0.174216,-0.296983,-0.178216,0.118767
2026-09-19T04:33:00+00:00,prs,1.115,-0.174918,-0.299983,-0.178918,0.121065
2026-09-19T04:34:00+00:00,prs,1.124,-0.175608,-0.290983,-0.179608,0.111375
2026-09-19T04:35:00+00:00,prs,1.138,-0.176285,-0.276983,-0.180285,0.096698
2026-09-19T04:36:00+00:00,prs,1.162,-0.176951,-0.252983,-0.180951,0.072032
2026-09-19T04:37:00+00:00,prs,1.147,-0.177604,-0.267983,-0.181604,0.086379
2026-09-19T04:38:00+00:00,prs,1.1280000000000001,-0.178244,-0.286983,-0.182244,0.104739
2026-09-19T04:39:00+00:00,prs,1.141,-0.178873,-0.273983,-0.182873,0.09111
2026-09-19T04:40:00+00:00,prs,1.1219999999999999,-0.179489,-0.292983,-0.183489,0.109494
2026-09-19T04:41:00+00:00,prs,1.1280000000000001,-0.180093,-0.286983,-0.184093,0.10289
2026-09-19T04:42:00+00:00,prs,1.1320000000000001,-0.180684,-0.282983,-0.184684,0.098299
2026-09-19T04:43:00+00:00,prs,1.1320000000000001,-0.181263,-0.282983,-0.185263,0.09772
2026-09-19T04:44:00+00:00,prs,1.125,-0.18183,-0.289983,-0.18583,0.104153
2026-09-19T04:45:00+00:00,prs,1.134,-0.182384,-0.280983,-0.186384,0.094599
2026-09-19T04:46:00+00:00,prs,1.1280000000000001,-0.182926,-0.286983,-0.186926,0.100057
2026-09-19T04:47:00+00:00,prs,1.165,-0.183456,-0.249983,-0.187456,0.062527
2026-09-19T04:48:00+00:00,prs,1.163,-0.183973,-0.251983,-0.187973,0.06401
2026-09-19T04:49:00+00:00,prs,1.12,-0.184478,-0.294983,-0.188478,0.106505
2026-09-19T04:50:00+00:00,prs,1.169,-0.18497,-0.245983,-0.18897,0.057013
2026-09-19T04:51:00+00:00,prs,1.176,-0.18545,-0.238983,-0.18945,0.049533
2026-09-19T04:52:00+00:00,prs,1.143,-0.185917,-0.271983,-0.189917,0.082066
2026-09-19T04:53:00+00:00,prs,1.163,-0.186372,-0.251983,-0.190372,0.061611
2026-09-19T04:54:00+00:00,prs,1.152,-0.186815,-0.262983,-0.190815,0.072168
2026-09-19T04:55:00+00:00,prs,1.186,-0.187245,-0.228983,-0.191245,0.037738
2026-09-19T04:56:00+00:00,prs,1.168,-0.187662,-0.246983,-0.191662,0.055321
2026-09-19T04:57:00+00:00,prs,1.169,-0.188067,-0.245983,-0.192067,0.053916
2026-09-19T04:58:00+00:00,prs,1.176,-0.18846,-0.238983,-0.19246,0.046523
2026-09-19T04:59:00+00:00,prs,1.158,-0.18884,-0.256983,-0.19284,0.064143
2026-09-19T05:00:00+00:00,prs,1.163,-0.189208,-0.251983,-0.193208,0.058775
2026-09-19T05:01:00+00:00,prs,1.164,-0.189563,-0.250983,-0.193563,0.05742
2026-09-19T05:02:00+00:00,prs,1.147,-0.189906,-0.267983,-0.193906,0.074077
2026-09-19T05:03:00+00:00,prs,1.1360000000000001,-0.190236,-0.278983,-0.194236,0.084747
2026-09-19T05:04:00+00:00,prs,1.157,-0.190554,-0.257983,-0.194554,0.063429
2026-09-19T05:05:00+00:00,prs,1.148,-0.190859,-0.266983,-0.194859,0.072124
2026-09-19T05:06:00+00:00,prs,1.135,-0.191152,-0.279983,-0.195152,0.084831
2026-09-19T05:07:00+00:00,prs,1.153,-0.191433,-0.261983,-0.195433,0.06655
2026-09-19T05:08:00+00:00,prs,1.155,-0.191701,-0.259983,-0.195701,0.064282
2026-09-19T05:09:00+00:00,prs,1.152,-0.191957,-0.262983,-0.195957,0.067026
2026-09-19T05:10:00+00:00,prs,1.164,-0.1922,-0.250983,-0.1962,0.054783
2026-09-19T05:11:00+00:00,prs,1.151,-0.192431,-0.263983,-0.196431,0.067552
2026-09-19T05:12:00+00:00,prs,1.19,-0.192649,-0.224983,-0.196649,0.028334
2026-09-19T05:13:00+00:00,prs,1.145,-0.192855,-0.269983,-0.196855,0.073128
2026-09-19T05:14:00+00:00,prs,1.17,-0.193049,-0.244983,-0.197049,0.047934
2026-09-19T05:15:00+00:00,prs,1.1179999999999999,-0.19323,-0.296983,-0.19723,0.099753
2026-09-19T05:16:00+00:00,prs,1.139,-0.193399,-0.275983,-0.197399,0.078584
2026-09-19T05:18:00+00:00,prs,1.179,-0.193701,-0.235983,-0.1977,0.038282
2026-09-19T05:19:00+00:00,prs,1.175,-0.193833,-0.239983,-0.197833,0.04215
2026-09-19T05:20:00+00:00,prs,1.177,-0.193953,-0.237983,-0.197952,0.04003
2026-09-19T05:21:00+00:00,prs,1.169,-0.19406,-0.245983,-0.19806,0.047923
2026-09-19T05:22:00+00:00,prs,1.184,-0.194156,-0.230983,-0.198155,0.032828
2026-09-19T05:23:00+00:00,prs,1.149,-0.194239,-0.265983,-0.198239,0.067744
2026-09-19T05:24:00+00:00,prs,1.197,-0.19431,-0.217983,-0.19831,0.019673
2026-09-19T05:25:00+00:00,prs,1.15,-0.194368,-0.264983,-0.198368,0.066615
2026-09-19T05:26:00+00:00,prs,1.162,-0.194415,-0.252983,-0.198415,0.054568
2026-09-19T05:27:00+00:00,prs,1.1280000000000001,-0.19445,-0.286983,-0.19845,0.088533
2026-09-19T05:28:00+00:00,prs,1.108,-0.194472,-0.306983,-0.198472,0.108511
2026-09-19T05:29:00+00:00,prs,1.1320000000000001,-0.194483,-0.282983,-0.198482,0.0845
2026-09-19T05:30:00+00:00,prs,1.13,-0.194481,-0.284983,-0.198481,0.086502
2026-09-19T05:31:00+00:00,prs,1.168,-0.194467,-0.246983,-0.198467,0.048516
2026-09-19T05:33:00+00:00,prs,1.178,-0.194404,-0.236983,-0.198404,0.038579
2026-09-19T05:34:00+00:00,prs,1.154,-0.194355,-0.260983,-0.198355,0.062628
2026-09-19T05:35:00+00:00,prs,1.163,-0.194293,-0.251983,-0.198293,0.05369
2026-09-19T05:36:00+00:00,prs,1.147,-0.19422,-0.267983,-0.19822,0.069763
2026-09-19T05:37:00+00:00,prs,1.158,-0.194135,-0.256983,-0.198135,0.058848
2026-09-19T05:38:00+00:00,prs,1.115,-0.194038,-0.299983,-0.198038,0.101945
2026-09-19T05:39:00+00:00,prs,1.183,-0.193929,-0.231983,-0.197929,0.034054
2026-09-19T05:40:00+00:00,prs,1.154,-0.193809,-0.260983,-0.197809,0.063174
2026-09-19T05:41:00+00:00,prs,1.161,-0.193677,-0.253983,-0.197677,0.056306
2026-09-19T05:42:00+00:00,prs,1.19,-0.193533,-0.224983,-0.197533,0.02745
2026-09-19T05:43:00+00:00,prs,1.169,-0.193378,-0.245983,-0.197378,0.048605
2026-09-19T05:44:00+00:00,prs,1.141,-0.193211,-0.273983,-0.197211,0.076772
2026-09-19T05:45:00+00:00,prs,1.163,-0.193033,-0.251983,-0.197033,0.05495
2026-09-19T05:46:00+00:00,prs,1.133,-0.192843,-0.281983,-0.196843,0.08514
2026-09-19T05:48:00+00:00,prs,1.154,-0.192429,-0.260983,-0.196429,0.064554
2026-09-19T05:49:00+00:00,prs,1.178,-0.192205,-0.236983,-0.196205,0.040778
2026-09-19T05:50:00+00:00,prs,1.147,-0.19197,-0.267983,-0.19597,0.072013
2026-09-19T05:51:00+00:00,prs,1.18,-0.191723,-0.234983,-0.195723,0.03926
2026-09-19T05:52:00+00:00,prs,1.172,-0.191465,-0.242983,-0.195465,0.047518
2026-09-19T05:53:00+00:00,prs,1.152,-0.191196,-0.262983,-0.195196,0.067787
2026-09-19T05:54:00+00:00,prs,1.169,-0.190916,-0.245983,-0.194916,0.051067
2026-09-19T05:55:00+00:00,prs,1.158,-0.190624,-0.256983,-0.194624,0.062359
2026-09-19T05:56:00+00:00,prs,1.16,-0.190322,-0.254983,-0.194322,0.060661
2026-09-19T05:57:00+00:00,prs,1.159,-0.190009,-0.255983,-0.194008,0.061974
2026-09-19T05:58:00+00:00,prs,1.145,-0.189684,-0.269983,-0.193684,0.076299
2026-09-19T05:59:00+00:00,prs,1.134,-0.189349,-0.280983,-0.193349,0.087634
2026-09-19T06:00:00+00:00,prs,1.124,-0.189003,-0.290983,-0.193003,0.09798
2026-09-19T06:01:00+00:00,prs,1.163,-0.188646,-0.251983,-0.192646,0.059337
2026-09-19T06:03:00+00:00,prs,1.155,-0.1879,-0.259983,-0.1919,0.068083
2026-09-19T06:04:00+00:00,prs,1.17,-0.187511,-0.244983,-0.191511,0.053472
2026-09-19T06:05:00+00:00,prs,1.164,-0.187112,-0.250983,-0.191112,0.059871
2026-09-19T06:06:00+00:00,prs,1.162,-0.186702,-0.252983,-0.190702,0.062281
2026-09-19T06:07:00+00:00,prs,1.141,-0.186281,-0.273983,-0.190281,0.083702
2026-09-19T06:08:00+00:00,prs,1.172,-0.18585,-0.242983,-0.18985,0.053133
2026-09-19T06:09:00+00:00,prs,1.153,-0.185409,-0.261983,-0.189409,0.072574
2026-09-19T06:10:00+00:00,prs,1.178,-0.184957,-0.236983,-0.188957,0.048026
2026-09-19T06:11:00+00:00,prs,1.186,-0.184496,-0.228983,-0.188496,0.040487
2026-09-19T06:12:00+00:00,prs,1.175,-0.184024,-0.239983,-0.188024,0.051959
2026-09-19T06:13:00+00:00,prs,1.134,-0.183542,-0.280983,-0.187541,0.093442
2026-09-19T06:14:00+00:00,prs,1.205,-0.183049,-0.209983,-0.187049,0.022934
2026-09-19T06:15:00+00:00,prs,1.169,-0.182547,-0.245983,-0.186547,0.059436
2026-09-19T06:16:00+00:00,prs,1.181,-0.182035,-0.233983,-0.186035,0.047948
2026-09-19T06:17:00+00:00,prs,1.187,-0.181513,-0.227983,-0.185513,0.04247
2026-09-19T06:18:00+00:00,prs,1.202,-0.180981,-0.212983,-0.184981,0.028002
2026-09-19T06:19:00+00:00,prs,1.201,-0.18044,-0.213983,-0.18444,0.029543
2026-09-19T06:20:00+00:00,prs,1.175,-0.179889,-0.239983,-0.183889,0.056094
2026-09-19T06:21:00+00:00,prs,1.207,-0.179328,-0.207983,-0.183328,0.024655
2026-09-19T06:22:00+00:00,prs,1.217,-0.178758,-0.197983,-0.182758,0.015225
2026-09-19T06:23:00+00:00,prs,1.213,-0.178178,-0.201983,-0.182178,0.019805
2026-09-19T06:24:00+00:00,prs,1.21,-0.177589,-0.204983,-0.181589,0.023394
2026-09-19T06:25:00+00:00,prs,1.205,-0.17699,-0.209983,-0.18099,0.028993
2026-09-19T06:26:00+00:00,prs,1.211,-0.176382,-0.203983,-0.180382,0.023601
2026-09-19T06:27:00+00:00,prs,1.216,-0.175765,-0.198983,-0.179765,0.019218
2026-09-19T06:28:00+00:00,prs,1.197,-0.175139,-0.217983,-0.179139,0.038844
2026-09-19T06:29:00+00:00,prs,1.188,-0.174504,-0.226983,-0.178504,0.048479
2026-09-19T06:30:00+00:00,prs,1.2429999999999999,-0.17386,-0.171983,-0.17786,-0.005877
2026-09-19T06:31:00+00:00,prs,1.226,-0.173207,-0.188983,-0.177207,0.011776
2026-09-19T06:32:00+00:00,prs,1.193,-0.172545,-0.221983,-0.176545,0.045438
2026-09-19T06:33:00+00:00,prs,1.191,-0.171874,-0.223983,-0.175874,0.048109
2026-09-19T06:34:00+00:00,prs,1.216,-0.171195,-0.198983,-0.175195,0.023788
2026-09-19T06:35:00+00:00,prs,1.228,-0.170507,-0.186983,-0.174507,0.012476
2026-09-19T06:36:00+00:00,prs,1.209,-0.16981,-0.205983,-0.17381,0.032173
2026-09-19T06:37:00+00:00,prs,1.233,-0.169105,-0.181983,-0.173105,0.008878
2026-09-19T06:38:00+00:00,prs,1.2610000000000001,-0.168391,-0.153983,-0.172391,-0.018408
2026-09-19T06:39:00+00:00,prs,1.248,-0.16767,-0.166983,-0.17167,-0.004687
2026-09-19T06:40:00+00:00,prs,1.211,-0.16694,-0.203983,-0.170939,0.033043
2026-09-19T06:41:00+00:00,prs,1.2690000000000001,-0.166201,-0.145983,-0.170201,-0.024218
2026-09-19T06:42:00+00:00,prs,1.25,-0.165455,-0.164983,-0.169455,-0.004472
2026-09-19T06:43:00+00:00,prs,1.195,-0.164701,-0.219983,-0.168701,0.051282
2026-09-19T06:44:00+00:00,prs,1.255,-0.163938,-0.159983,-0.167938,-0.007955
2026-09-19T06:45:00+00:00,prs,1.2770000000000001,-0.163168,-0.137983,-0.167168,-0.029185
2026-09-19T06:46:00+00:00,prs,1.27,-0.16239,-0.144983,-0.16639,-0.021407
2026-09-19T06:47:00+00:00,prs,1.233,-0.161605,-0.181983,-0.165605,0.016378
2026-09-19T06:48:00+00:00,prs,1.2690000000000001,-0.160812,-0.145983,-0.164812,-0.018829
2026-09-19T06:49:00+00:00,prs,1.189,-0.160011,-0.225983,-0.164011,0.061972
2026-09-19T06:50:00+00:00,prs,1.241,-0.159203,-0.173983,-0.163203,0.01078
2026-09-19T06:51:00+00:00,prs,1.232,-0.158387,-0.182983,-0.162387,0.020596
2026-09-19T06:52:00+00:00,prs,1.286,-0.157564,-0.128983,-0.161564,-0.032581
2026-09-19T06:53:00+00:00,prs,1.264,-0.156734,-0.150983,-0.160734,-0.009751
2026-09-19T06:54:00+00:00,prs,1.28,-0.155897,-0.134983,-0.159897,-0.024914
2026-09-19T06:55:00+00:00,prs,1.207,-0.155053,-0.207983,-0.159053,0.04893
2026-09-19T06:56:00+00:00,prs,1.186,-0.154202,-0.228983,-0.158202,0.070781
2026-09-19T06:57:00+00:00,prs,1.251,-0.153344,-0.163983,-0.157344,0.006639
2026-09-19T06:58:00+00:00,prs,1.221,-0.152479,-0.193983,-0.156479,0.037504
2026-09-19T06:59:00+00:00,prs,1.182,-0.151608,-0.232983,-0.155608,0.077375
2026-09-19T07:00:00+00:00,prs,1.251,-0.15073,-0.163983,-0.154729,0.009254
2026-09-19T07:01:00+00:00,prs,1.23,-0.149845,-0.184983,-0.153845,0.031138
2026-09-19T07:02:00+00:00,prs,1.25,-0.148954,-0.164983,-0.152954,0.012029
2026-09-19T07:03:00+00:00,prs,1.256,-0.148056,-0.158983,-0.152056,0.006927
2026-09-19T07:04:00+00:00,prs,1.192,-0.147153,-0.222983,-0.151153,0.07183
2026-09-19T07:05:00+00:00,prs,1.181,-0.146243,-0.233983,-0.150243,0.08374
2026-09-19T07:06:00+00:00,prs,1.166,-0.145327,-0.248983,-0.149327,0.099656
2026-09-19T07:07:00+00:00,prs,1.207,-0.144405,-0.207983,-0.148405,0.059578
2026-09-19T07:08:00+00:00,prs,1.282,-0.143477,-0.132983,-0.147477,-0.014494
2026-09-19T07:09:00+00:00,prs,1.2570000000000001,-0.142544,-0.157983,-0.146544,0.011439
2026-09-19T07:10:00+00:00,prs,1.208,-0.141604,-0.206983,-0.145604,0.061379
2026-09-19T07:11:00+00:00,prs,1.282,-0.14066,-0.132983,-0.144659,-0.011676
2026-09-19T07:12:00+00:00,prs,1.354,-0.139709,-0.060983,-0.143709,-0.082726
2026-09-19T07:13:00+00:00,prs,1.245,-0.138753,-0.169983,-0.142753,0.02723
2026-09-19T07:14:00+00:00,prs,1.212,-0.137792,-0.202983,-0.141792,0.061191
2026-09-19T07:15:00+00:00,prs,1.175,-0.136825,-0.239983,-0.140825,0.099158
2026-09-19T07:16:00+00:00,prs,1.181,-0.135853,-0.233983,-0.139853,0.09413
2026-09-19T07:17:00+00:00,prs,1.282,-0.134876,-0.132983,-0.138876,-0.005893
2026-09-19T07:18:00+00:00,prs,1.2570000000000001,-0.133895,-0.157983,-0.137894,0.020088
2026-09-19T07:19:00+00:00,prs,1.245,-0.132908,-0.169983,-0.136908,0.033075
2026-09-19T07:20:00+00:00,prs,1.283,-0.131916,-0.131983,-0.135916,-0.003933
2026-09-19T07:21:00+00:00,prs,1.206,-0.13092,-0.208983,-0.13492,0.074063
2026-09-19T07:22:00+00:00,prs,1.355,-0.129919,-0.059983,-0.133919,-0.073936
2026-09-19T07:23:00+00:00,prs,1.359,-0.128913,-0.055983,-0.132913,-0.07693
2026-09-19T07:24:00+00:00,prs,1.31,-0.127904,-0.104983,-0.131904,-0.026921
2026-09-19T07:25:00+00:00,prs,1.276,-0.126889,-0.138983,-0.130889,0.008094
2026-09-19T07:26:00+00:00,prs,1.302,-0.125871,-0.112983,-0.129871,-0.016888
2026-09-19T07:27:00+00:00,prs,1.34,-0.124848,-0.074983,-0.128848,-0.053865
2026-09-19T07:28:00+00:00,prs,1.227,-0.123822,-0.187983,-0.127821,0.060161
2026-09-19T07:29:00+00:00,prs,1.381,-0.122791,-0.033983,-0.126791,-0.092808
2026-09-19T07:30:00+00:00,prs,1.3519999999999999,-0.121756,-0.062983,-0.125756,-0.062773
2026-09-19T07:31:00+00:00,prs,1.325,-0.120718,-0.089983,-0.124718,-0.034735
2026-09-19T07:33:00+00:00,prs,1.182,-0.11863,-0.232983,-0.12263,0.110353
2026-09-19T07:34:00+00:00,prs,1.409,-0.117581,-0.005983,-0.121581,-0.115598
2026-09-19T07:35:00+00:00,prs,1.312,-0.116529,-0.102983,-0.120529,-0.017546
2026-09-19T07:36:00+00:00,prs,1.3639999999999999,-0.115473,-0.050983,-0.119473,-0.06849
2026-09-19T07:37:00+00:00,prs,1.341,-0.114414,-0.073983,-0.118414,-0.044431
2026-09-19T07:38:00+00:00,prs,1.175,-0.113352,-0.239983,-0.117352,0.122631
2026-09-19T07:39:00+00:00,prs,1.219,-0.112287,-0.195983,-0.116287,0.079696
2026-09-19T07:40:00+00:00,prs,1.29,-0.111219,-0.124983,-0.115219,0.009764
2026-09-19T07:41:00+00:00,prs,1.334,-0.110148,-0.080983,-0.114148,-0.033165
2026-09-19T07:42:00+00:00,prs,1.279,-0.109075,-0.135983,-0.113075,0.022908
2026-09-19T07:43:00+00:00,prs,1.31,-0.107999,-0.104983,-0.111999,-0.007016
2026-09-19T07:44:00+00:00,prs,1.254,-0.10692,-0.160983,-0.11092,0.050063
2026-09-19T07:45:00+00:00,prs,1.267,-0.105839,-0.147983,-0.109839,0.038144
2026-09-19T07:46:00+00:00,prs,1.338,-0.104756,-0.076983,-0.108756,-0.031773
2026-09-19T07:48:00+00:00,prs,1.314,-0.102582,-0.100983,-0.106582,-0.005599
2026-09-19T07:49:00+00:00,prs,1.287,-0.101492,-0.127983,-0.105492,0.022491
2026-09-19T07:50:00+00:00,prs,1.321,-0.100401,-0.093983,-0.104401,-0.010418
2026-09-19T07:51:00+00:00,prs,1.246,-0.099307,-0.168983,-0.103307,0.065676
2026-09-19T07:52:00+00:00,prs,1.287,-0.098212,-0.127983,-0.102212,0.025771
2026-09-19T07:53:00+00:00,prs,1.337,-0.097115,-0.077983,-0.101115,-0.023132
2026-09-19T07:54:00+00:00,prs,1.24,-0.096016,-0.174983,-0.100016,0.074967
2026-09-19T07:55:00+00:00,prs,1.326,-0.094916,-0.088983,-0.098916,-0.009933
2026-09-19T07:56:00+00:00,prs,1.401,-0.093815,-0.013983,-0.097815,-0.083832
2026-09-19T07:57:00+00:00,prs,1.349,-0.092712,-0.065983,-0.096712,-0.030729
2026-09-19T07:58:00+00:00,prs,1.332,-0.091608,-0.082983,-0.095608,-0.012625
2026-09-19T07:59:00+00:00,prs,1.374,-0.090503,-0.040983,-0.094503,-0.05352
2026-09-19T08:00:00+00:00,prs,1.196,-0.089398,-0.218983,-0.093398,0.125585
2026-09-19T08:01:00+00:00,prs,1.396,-0.088291,-0.018983,-0.092291,-0.073308
2026-09-19T08:02:00+00:00,prs,1.387,-0.087183,-0.027983,-0.091183,-0.0632
2026-09-19T08:03:00+00:00,prs,1.358,-0.086075,-0.056983,-0.090075,-0.033092
2026-09-19T08:04:00+00:00,prs,1.391,-0.084967,-0.023983,-0.088966,-0.064984
2026-09-19T08:05:00+00:00,prs,1.301,-0.083857,-0.113983,-0.087857,0.026126
2026-09-19T08:06:00+00:00,prs,1.258,-0.082748,-0.156983,-0.086748,0.070235
2026-09-19T08:07:00+00:00,prs,1.267,-0.081638,-0.147983,-0.085638,0.062345
2026-09-19T08:08:00+00:00,prs,1.331,-0.080528,-0.083983,-0.084528,-0.000545
2026-09-19T08:09:00+00:00,prs,1.339,-0.079418,-0.075983,-0.083417,-0.007434
2026-09-19T08:10:00+00:00,prs,1.264,-0.078307,-0.150983,-0.082307,0.068676
2026-09-19T08:11:00+00:00,prs,1.333,-0.077197,-0.081983,-0.081197,0.000786
2026-09-19T08:12:00+00:00,prs,1.408,-0.076087,-0.006983,-0.080087,-0.073104
2026-09-19T08:13:00+00:00,prs,1.297,-0.074978,-0.117983,-0.078978,0.039005
2026-09-19T08:14:00+00:00,prs,1.308,-0.073868,-0.106983,-0.077868,0.029115
2026-09-19T08:15:00+00:00,prs,1.369,-0.07276,-0.045983,-0.07676,-0.030777
2026-09-19T08:16:00+00:00,prs,1.2770000000000001,-0.071651,-0.137983,-0.075651,0.062332
2026-09-19T08:17:00+00:00,prs,1.389,-0.070544,-0.025983,-0.074544,-0.048561
2026-09-19T08:18:00+00:00,prs,1.325,-0.069437,-0.089983,-0.073437,0.016546
2026-09-19T08:19:00+00:00,prs,1.324,-0.068331,-0.090983,-0.072331,0.018652
2026-09-19T08:20:00+00:00,prs,1.308,-0.067226,-0.106983,-0.071226,0.035757
2026-09-19T08:21:00+00:00,prs,1.2770000000000001,-0.066122,-0.137983,-0.070122,0.067861
2026-09-19T08:22:00+00:00,prs,1.276,-0.06502,-0.138983,-0.06902,0.069963
2026-09-19T08:23:00+00:00,prs,1.37,-0.063918,-0.044983,-0.067918,-0.022935
2026-09-19T08:24:00+00:00,prs,1.302,-0.062818,-0.112983,-0.066818,0.046165
2026-09-19T08:25:00+00:00,prs,1.289,-0.061719,-0.125983,-0.065719,0.060264
2026-09-19T08:26:00+00:00,prs,1.423,-0.060622,0.008017,-0.064622,-0.072639
2026-09-19T08:27:00+00:00,prs,1.337,-0.059526,-0.077983,-0.063526,0.014457
2026-09-19T08:28:00+00:00,prs,1.316,-0.058433,-0.098983,-0.062432,0.036551
2026-09-19T08:29:00+00:00,prs,1.32,-0.05734,-0.094983,-0.06134,0.033643
2026-09-19T08:30:00+00:00,prs,1.2810000000000001,-0.05625,-0.133983,-0.06025,0.073733
2026-09-19T08:31:00+00:00,prs,1.319,-0.055162,-0.095983,-0.059162,0.036821
2026-09-19T08:32:00+00:00,prs,1.4020000000000001,-0.054076,-0.012983,-0.058076,-0.045093
2026-09-19T08:33:00+00:00,prs,1.3479999999999999,-0.052992,-0.066983,-0.056992,0.009991
2026-09-19T08:34:00+00:00,prs,1.353,-0.05191,-0.061983,-0.05591,0.006073
2026-09-19T08:35:00+00:00,prs,1.384,-0.050831,-0.030983,-0.054831,-0.023848
2026-09-19T08:36:00+00:00,prs,1.453,-0.049754,0.038017,-0.053754,-0.091771
2026-09-19T08:37:00+00:00,prs,1.359,-0.048679,-0.055983,-0.052679,0.003304
2026-09-19T08:38:00+00:00,prs,1.135,-0.047607,-0.279983,-0.051607,0.228376
2026-09-19T08:39:00+00:00,prs,1.249,-0.046538,-0.165983,-0.050538,0.115445
2026-09-19T08:40:00+00:00,prs,1.2690000000000001,-0.045472,-0.145983,-0.049472,0.096511
2026-09-19T08:41:00+00:00,prs,1.334,-0.044409,-0.080983,-0.048409,0.032574
2026-09-19T08:42:00+00:00,prs,1.234,-0.043348,-0.180983,-0.047348,0.133635
2026-09-19T08:43:00+00:00,prs,1.2770000000000001,-0.042291,-0.137983,-0.046291,0.091692
2026-09-19T08:44:00+00:00,prs,1.324,-0.041237,-0.090983,-0.045237,0.045746
2026-09-19T08:45:00+00:00,prs,1.313,-0.040186,-0.101983,-0.044186,0.057797
2026-09-19T08:46:00+00:00,prs,1.363,-0.039138,-0.051983,-0.043138,0.008845
2026-09-19T08:47:00+00:00,prs,1.2610000000000001,-0.038094,-0.153983,-0.042094,0.111889
2026-09-19T08:48:00+00:00,prs,1.436,-0.037053,0.021017,-0.041053,-0.06207
2026-09-19T08:49:00+00:00,prs,1.438,-0.036016,0.023017,-0.040016,-0.063033
2026-09-19T08:50:00+00:00,prs,1.373,-0.034983,-0.041983,-0.038983,0.003
2026-09-19T08:51:00+00:00,prs,1.219,-0.033953,-0.195983,-0.037953,0.15803
2026-09-19T08:52:00+00:00,prs,1.3,-0.032928,-0.114983,-0.036927,0.078056
2026-09-19T08:53:00+00:00,prs,1.396,-0.031906,-0.018983,-0.035906,-0.016923
2026-09-19T08:54:00+00:00,prs,1.327,-0.030888,-0.087983,-0.034888,0.053095
2026-09-19T08:55:00+00:00,prs,1.285,-0.029874,-0.129983,-0.033874,0.096109
2026-09-19T08:56:00+00:00,prs,1.443,-0.028865,0.028017,-0.032864,-0.060882
2026-09-19T08:57:00+00:00,prs,1.295,-0.027859,-0.119983,-0.031859,0.088124
2026-09-19T08:58:00+00:00,prs,1.2730000000000001,-0.026858,-0.141983,-0.030858,0.111125
2026-09-19T08:59:00+00:00,prs,1.249,-0.025862,-0.165983,-0.029862,0.136121
2026-09-19T09:00:00+00:00,prs,1.357,-0.02487,-0.057983,-0.02887,0.029113
2026-09-19T09:01:00+00:00,prs,1.297,-0.023883,-0.117983,-0.027882,0.090101
2026-09-19T09:02:00+00:00,prs,1.309,-0.0229,-0.105983,-0.0269,0.079083
2026-09-19T09:03:00+00:00,prs,1.296,-0.021922,-0.118983,-0.025922,0.093061
2026-09-19T09:04:00+00:00,prs,1.284,-0.020949,-0.130983,-0.024949,0.106034
2026-09-19T09:05:00+00:00,prs,1.274,-0.019981,-0.140983,-0.023981,0.117002
2026-09-19T09:06:00+00:00,prs,1.416,-0.019017,0.001017,-0.023017,-0.024034
2026-09-19T09:07:00+00:00,prs,1.359,-0.018059,-0.055983,-0.022059,0.033924
2026-09-19T09:08:00+00:00,prs,1.205,-0.017106,-0.209983,-0.021106,0.188877
2026-09-19T09:09:00+00:00,prs,1.292,-0.016159,-0.122983,-0.020159,0.102824
2026-09-19T09:10:00+00:00,prs,1.31,-0.015216,-0.104983,-0.019216,0.085767
2026-09-19T09:11:00+00:00,prs,1.366,-0.014279,-0.048983,-0.018279,0.030704
2026-09-19T09:12:00+00:00,prs,1.296,-0.013348,-0.118983,-0.017348,0.101635
2026-09-19T09:13:00+00:00,prs,1.408,-0.012422,-0.006983,-0.016422,-0.009439
2026-09-19T09:14:00+00:00,prs,1.3679999999999999,-0.011501,-0.046983,-0.015501,0.031482
2026-09-19T09:15:00+00:00,prs,1.325,-0.010586,-0.089983,-0.014586,0.075397
2026-09-19T09:16:00+00:00,prs,1.367,-0.009678,-0.047983,-0.013677,0.034306
2026-09-19T09:17:00+00:00,prs,1.314,-0.008774,-0.100983,-0.012774,0.088209
2026-09-19T09:18:00+00:00,prs,1.438,-0.007877,0.023017,-0.011877,-0.034894
2026-09-19T09:19:00+00:00,prs,1.349,-0.006986,-0.065983,-0.010986,0.054997
2026-09-19T09:20:00+00:00,prs,1.339,-0.006101,-0.075983,-0.010101,0.065882
2026-09-19T09:21:00+00:00,prs,1.369,-0.005222,-0.045983,-0.009221,0.036762
2026-09-19T09:22:00+00:00,prs,1.179,-0.004349,-0.235983,-0.008348,0.227634
2026-09-19T09:23:00+00:00,prs,1.234,-0.003482,-0.180983,-0.007482,0.173501
2026-09-19T09:24:00+00:00,prs,1.447,-0.002622,0.032017,-0.006621,-0.038639
2026-09-19T09:25:00+00:00,prs,1.457,-0.001768,0.042017,-0.005768,-0.047785
2026-09-19T09:26:00+00:00,prs,1.429,-0.00092,0.014017,-0.00492,-0.018937
2026-09-19T09:27:00+00:00,prs,1.3479999999999999,-7.9e-05,-0.066983,-0.004079,0.062904
2026-09-19T09:28:00+00:00,prs,1.357,0.000755,-0.057983,-0.003245,0.054738
2026-09-19T09:29:00+00:00,prs,1.374,0.001583,-0.040983,-0.002417,0.038566
2026-09-19T09:30:00+00:00,prs,1.33,0.002404,-0.084983,-0.001596,0.083387
2026-09-19T09:31:00+00:00,prs,1.494,0.003218,0.079017,-0.000782,-0.079799
2026-09-19T09:32:00+00:00,prs,1.363,0.004025,-0.051983,2.5e-05,0.052008
2026-09-19T09:33:00+00:00,prs,1.439,0.004826,0.024017,0.000826,-0.023191
2026-09-19T09:34:00+00:00,prs,1.44,0.005619,0.025017,0.001619,-0.023398
2026-09-19T09:35:00+00:00,prs,1.384,0.006405,-0.030983,0.002406,0.033389
2026-09-19T09:36:00+00:00,prs,1.3479999999999999,0.007185,-0.066983,0.003185,0.070168
2026-09-19T09:37:00+00:00,prs,1.313,0.007957,-0.101983,0.003957,0.10594
2026-09-19T09:38:00+00:00,prs,1.413,0.008722,-0.001983,0.004722,0.006705
2026-09-19T09:39:00+00:00,prs,1.294,0.009479,-0.120983,0.005479,0.126462
2026-09-19T09:40:00+00:00,prs,1.318,0.01023,-0.096983,0.00623,0.103213
2026-09-19T09:41:00+00:00,prs,1.3599999999999999,0.010972,-0.054983,0.006972,0.061955
2026-09-19T09:42:00+00:00,prs,1.329,0.011708,-0.085983,0.007708,0.093691
2026-09-19T09:43:00+00:00,prs,1.338,0.012436,-0.076983,0.008436,0.085419
2026-09-19T09:44:00+00:00,prs,1.373,0.013156,-0.041983,0.009156,0.051139
2026-09-19T09:45:00+00:00,prs,1.461,0.013869,0.046017,0.009869,-0.036148
2026-09-19T09:46:00+00:00,prs,1.399,0.014573,-0.015983,0.010574,0.026557
2026-09-19T09:47:00+00:00,prs,1.332,0.015271,-0.082983,0.011271,0.094254
2026-09-19T09:48:00+00:00,prs,1.3519999999999999,0.01596,-0.062983,0.01196,0.074943
2026-09-19T09:49:00+00:00,prs,1.444,0.016642,0.029017,0.012642,-0.016375
2026-09-19T09:50:00+00:00,prs,1.4769999999999999,0.017315,0.062017,0.013316,-0.048702
2026-09-19T09:51:00+00:00,prs,1.438,0.017981,0.023017,0.013981,-0.009036
2026-09-19T09:52:00+00:00,prs,1.384,0.018639,-0.030983,0.014639,0.045622
2026-09-19T09:53:00+00:00,prs,1.381,0.019289,-0.033983,0.015289,0.049272
2026-09-19T09:54:00+00:00,prs,1.365,0.01993,-0.049983,0.01593,0.065913
2026-09-19T09:55:00+00:00,prs,1.426,0.020564,0.011017,0.016564,0.005547
2026-09-19T09:56:00+00:00,prs,1.293,0.021189,-0.121983,0.017189,0.139172
2026-09-19T09:57:00+00:00,prs,1.259,0.021806,-0.155983,0.017806,0.173789
2026-09-19T09:58:00+00:00,prs,1.454,0.022415,0.039017,0.018415,-0.020602
2026-09-19T09:59:00+00:00,prs,1.313,0.023015,-0.101983,0.019015,0.120998
2026-09-19T10:00:00+00:00,prs,1.3479999999999999,0.023607,-0.066983,0.019607,0.08659
2026-09-19T10:01:00+00:00,prs,1.436,0.024191,0.021017,0.020191,-0.000826
2026-09-19T10:02:00+00:00,prs,1.296,0.024766,-0.118983,0.020766,0.139749
2026-09-19T10:03:00+00:00,prs,1.458,0.025333,0.043017,0.021333,-0.021684
2026-09-19T10:04:00+00:00,prs,1.331,0.025891,-0.083983,0.021891,0.105874
2026-09-19T10:05:00+00:00,prs,1.46,0.02644,0.045017,0.02244,-0.022577
2026-09-19T10:06:00+00:00,prs,1.41,0.026981,-0.004983,0.022981,0.027964
2026-09-19T10:07:00+00:00,prs,1.399,0.027513,-0.015983,0.023514,0.039497
2026-09-19T10:08:00+00:00,prs,1.379,0.028037,-0.035983,0.024037,0.06002
2026-09-19T10:09:00+00:00,prs,1.48,0.028552,0.065017,0.024552,-0.040465
2026-09-19T10:10:00+00:00,prs,1.479,0.029058,0.064017,0.025058,-0.038959
2026-09-19T10:11:00+00:00,prs,1.363,0.029555,-0.051983,0.025555,0.077538
2026-09-19T10:12:00+00:00,prs,1.385,0.030043,-0.029983,0.026043,0.056026
2026-09-19T10:13:00+00:00,prs,1.428,0.030523,0.013017,0.026523,0.013506
2026-09-19T10:14:00+00:00,prs,1.3980000000000001,0.030993,-0.016983,0.026993,0.043976
2026-09-19T10:15:00+00:00,prs,1.3479999999999999,0.031455,-0.066983,0.027455,0.094438
2026-09-19T10:16:00+00:00,prs,1.3559999999999999,0.031908,-0.058983,0.027908,0.086891
2026-09-19T10:17:00+00:00,prs,1.354,0.032351,-0.060983,0.028351,0.089334
2026-09-19T10:18:00+00:00,prs,1.308,0.032786,-0.106983,0.028786,0.135769
2026-09-19T10:19:00+00:00,prs,1.47,0.033211,0.055017,0.029211,-0.025806
2026-09-19T10:20:00+00:00,prs,1.3439999999999999,0.033627,-0.070983,0.029628,0.100611
2026-09-19T10:21:00+00:00,prs,1.479,0.034035,0.064017,0.030035,-0.033982
2026-09-19T10:22:00+00:00,prs,1.351,0.034433,-0.063983,0.030433,0.094416
2026-09-19T10:23:00+00:00,prs,1.43,0.034822,0.015017,0.030822,0.015805
2026-09-19T10:24:00+00:00,prs,1.427,0.035201,0.012017,0.031201,0.019184
2026-09-19T10:25:00+00:00,prs,1.479,0.035572,0.064017,0.031572,-0.032445
2026-09-19T10:26:00+00:00,prs,1.419,0.035933,0.004017,0.031933,0.027916
2026-09-19T10:27:00+00:00,prs,1.518,0.036285,0.103017,0.032285,-0.070732
2026-09-19T10:28:00+00:00,prs,1.396,0.036627,-0.018983,0.032628,0.05161
2026-09-19T10:29:00+00:00,prs,1.311,0.036961,-0.103983,0.032961,0.136944
2026-09-19T10:30:00+00:00,prs,1.263,0.037285,-0.151983,0.033285,0.185268
2026-09-19T10:31:00+00:00,prs,1.465,0.037599,0.050017,0.033599,-0.016418
2026-09-19T10:32:00+00:00,prs,1.46,0.037904,0.045017,0.033904,-0.011113
2026-09-19T10:33:00+00:00,prs,1.393,0.0382,-0.021983,0.0342,0.056183
2026-09-19T10:34:00+00:00,prs,1.536,0.038486,0.121017,0.034486,-0.086531
2026-09-19T10:35:00+00:00,prs,1.463,0.038763,0.048017,0.034763,-0.013254
2026-09-19T10:36:00+00:00,prs,1.354,0.039031,-0.060983,0.035031,0.096014
2026-09-19T10:37:00+00:00,prs,1.428,0.039288,0.013017,0.035289,0.022271
2026-09-19T10:38:00+00:00,prs,1.474,0.039537,0.059017,0.035537,-0.02348
2026-09-19T10:39:00+00:00,prs,1.5230000000000001,0.039776,0.108017,0.035776,-0.072241
2026-09-19T10:40:00+00:00,prs,1.369,0.040005,-0.045983,0.036005,0.081988
2026-09-19T10:41:00+00:00,prs,1.441,0.040225,0.026017,0.036225,0.010208
2026-09-19T10:42:00+00:00,prs,1.34,0.040436,-0.074983,0.036436,0.111419
2026-09-19T10:43:00+00:00,prs,1.472,0.040636,0.057017,0.036636,-0.020381
2026-09-19T10:44:00+00:00,prs,1.359,0.040828,-0.055983,0.036828,0.092811
2026-09-19T10:45:00+00:00,prs,1.416,0.041009,0.001017,0.037009,0.035992
2026-09-19T10:46:00+00:00,prs,1.309,0.041181,-0.105983,0.037182,0.143164
2026-09-19T10:47:00+00:00,prs,1.45,0.041344,0.035017,0.037344,0.002327
2026-09-19T10:48:00+00:00,prs,1.423,0.041497,0.008017,0.037497,0.02948
2026-09-19T10:49:00+00:00,prs,1.391,0.04164,-0.023983,0.03764,0.061623
2026-09-19T10:50:00+00:00,prs,1.447,0.041774,0.032017,0.037774,0.005757
2026-09-19T10:51:00+00:00,prs,1.246,0.041898,-0.168983,0.037898,0.206881
2026-09-19T10:52:00+00:00,prs,1.35,0.042013,-0.064983,0.038013,0.102996
2026-09-19T10:53:00+00:00,prs,1.45,0.042118,0.035017,0.038118,0.003101
2026-09-19T10:54:00+00:00,prs,1.391,0.042213,-0.023983,0.038213,0.062196
2026-09-19T10:55:00+00:00,prs,1.258,0.042299,-0.156983,0.038299,0.195282
2026-09-19T10:56:00+00:00,prs,1.395,0.042375,-0.019983,0.038375,0.058358
2026-09-19T10:57:00+00:00,prs,1.458,0.042442,0.043017,0.038442,-0.004575
2026-09-19T10:58:00+00:00,prs,1.415,0.042499,1.7e-05,0.038499,0.038482
2026-09-19T10:59:00+00:00,prs,1.456,0.042546,0.041017,0.038546,-0.002471
2026-09-19T11:00:00+00:00,prs,1.3860000000000001,0.042584,-0.028983,0.038584,0.067567
2026-09-19T11:01:00+00:00,prs,1.462,0.042612,0.047017,0.038612,-0.008405
2026-09-19T11:02:00+00:00,prs,1.385,0.042631,-0.029983,0.038631,0.068614
2026-09-19T11:03:00+00:00,prs,1.4,0.04264,-0.014983,0.03864,0.053623
2026-09-19T11:04:00+00:00,prs,1.448,0.042639,0.033017,0.038639,0.005622
2026-09-19T11:05:00+00:00,prs,1.379,0.042629,-0.035983,0.038629,0.074612
2026-09-19T11:06:00+00:00,prs,1.375,0.04261,-0.039983,0.03861,0.078593
2026-09-19T11:07:00+00:00,prs,1.389,0.04258,-0.025983,0.03858,0.064563
2026-09-19T11:08:00+00:00,prs,1.314,0.042542,-0.100983,0.038542,0.139525
2026-09-19T11:09:00+00:00,prs,1.385,0.042493,-0.029983,0.038494,0.068477
2026-09-19T11:10:00+00:00,prs,1.435,0.042436,0.020017,0.038436,0.018419
2026-09-19T11:11:00+00:00,prs,1.31,0.042369,-0.104983,0.038369,0.143352
2026-09-19T11:12:00+00:00,prs,1.389,0.042292,-0.025983,0.038292,0.064275
2026-09-19T11:13:00+00:00,prs,1.433,0.042206,0.018017,0.038206,0.020189
2026-09-19T11:14:00+00:00,prs,1.331,0.04211,-0.083983,0.03811,0.122093
2026-09-19T11:15:00+00:00,prs,1.401,0.042005,-0.013983,0.038005,0.051988
2026-09-19T11:16:00+00:00,prs,1.3780000000000001,0.041891,-0.036983,0.037891,0.074874
2026-09-19T11:17:00+00:00,prs,1.272,0.041767,-0.142983,0.037767,0.18075
2026-09-19T11:18:00+00:00,prs,1.411,0.041634,-0.003983,0.037634,0.041617
2026-09-19T11:19:00+00:00,prs,1.363,0.041491,-0.051983,0.037491,0.089474
2026-09-19T11:20:00+00:00,prs,1.305,0.041339,-0.109983,0.037339,0.147322
2026-09-19T11:21:00+00:00,prs,1.396,0.041178,-0.018983,0.037178,0.056161
2026-09-19T11:22:00+00:00,prs,1.293,0.041007,-0.121983,0.037008,0.15899
2026-09-19T11:23:00+00:00,prs,1.302,0.040828,-0.112983,0.036828,0.149811
2026-09-19T11:24:00+00:00,prs,1.385,0.040639,-0.029983,0.036639,0.066622
2026-09-19T11:25:00+00:00,prs,1.479,0.04044,0.064017,0.036441,-0.027577
2026-09-19T11:26:00+00:00,prs,1.4,0.040233,-0.014983,0.036233,0.051216
2026-09-19T11:27:00+00:00,prs,1.331,0.040016,-0.083983,0.036016,0.119999
2026-09-19T11:28:00+00:00,prs,1.422,0.039791,0.007017,0.035791,0.028774
2026-09-19T11:29:00+00:00,prs,1.315,0.039556,-0.099983,0.035556,0.135539
2026-09-19T11:30:00+00:00,prs,1.358,0.039312,-0.056983,0.035312,0.092295
2026-09-19T11:31:00+00:00,prs,1.347,0.039059,-0.067983,0.035059,0.103042
2026-09-19T11:32:00+00:00,prs,1.332,0.038797,-0.082983,0.034797,0.11778
2026-09-19T11:33:00+00:00,prs,1.3679999999999999,0.038526,-0.046983,0.034526,0.081509
2026-09-19T11:34:00+00:00,prs,1.381,0.038246,-0.033983,0.034246,0.068229
2026-09-19T11:35:00+00:00,prs,1.476,0.037957,0.061017,0.033957,-0.02706
2026-09-19T11:36:00+00:00,prs,1.313,0.037659,-0.101983,0.033659,0.135642
2026-09-19T11:37:00+00:00,prs,1.505,0.037352,0.090017,0.033352,-0.056665
2026-09-19T11:38:00+00:00,prs,1.3599999999999999,0.037037,-0.054983,0.033037,0.08802
2026-09-19T11:39:00+00:00,prs,1.357,0.036713,-0.057983,0.032713,0.090696
2026-09-19T11:40:00+00:00,prs,1.438,0.03638,0.023017,0.03238,0.009363
2026-09-19T11:41:00+00:00,prs,1.361,0.036038,-0.053983,0.032038,0.086021
2026-09-19T11:42:00+00:00,prs,1.389,0.035687,-0.025983,0.031687,0.05767
2026-09-19T11:43:00+00:00,prs,1.3639999999999999,0.035328,-0.050983,0.031328,0.082311
2026-09-19T11:44:00+00:00,prs,1.213,0.03496,-0.201983,0.030961,0.232944
2026-09-19T11:45:00+00:00,prs,1.409,0.034584,-0.005983,0.030584,0.036567
2026-09-19T11:46:00+00:00,prs,1.325,0.034199,-0.089983,0.0302,0.120182
2026-09-19T11:47:00+00:00,prs,1.339,0.033806,-0.075983,0.029806,0.105789
2026-09-19T11:48:00+00:00,prs,1.392,0.033404,-0.022983,0.029405,0.052387
2026-09-19T11:49:00+00:00,prs,1.2610000000000001,0.032994,-0.153983,0.028994,0.182977
2026-09-19T11:50:00+00:00,prs,1.462,0.032576,0.047017,0.028576,-0.018441
2026-09-19T11:51:00+00:00,prs,1.437,0.032149,0.022017,0.028149,0.006132
2026-09-19T11:52:00+00:00,prs,1.441,0.031714,0.026017,0.027714,0.001697
2026-09-19T11:53:00+00:00,prs,1.387,0.031271,-0.027983,0.027271,0.055254
2026-09-19T11:54:00+00:00,prs,1.374,0.030819,-0.040983,0.02682,0.067802
2026-09-19T11:55:00+00:00,prs,1.336,0.03036,-0.078983,0.02636,0.105343
2026-09-19T11:56:00+00:00,prs,1.403,0.029892,-0.011983,0.025892,0.037875
2026-09-19T11:57:00+00:00,prs,1.37,0.029417,-0.044983,0.025417,0.0704
2026-09-19T11:58:00+00:00,prs,1.353,0.028933,-0.061983,0.024933,0.086916
2026-09-19T11:59:00+00:00,prs,1.441,0.028442,0.026017,0.024442,-0.001575
2026-09-19T12:00:00+00:00,prs,1.476,0.027942,0.061017,0.023942,-0.037075
2026-09-19T12:01:00+00:00,prs,1.46,0.027435,0.045017,0.023435,-0.021582
2026-09-19T12:02:00+00:00,prs,1.439,0.02692,0.024017,0.02292,-0.001097
2026-09-19T12:03:00+00:00,prs,1.399,0.026397,-0.015983,0.022397,0.03838
2026-09-19T12:04:00+00:00,prs,1.397,0.025867,-0.017983,0.021867,0.03985
2026-09-19T12:05:00+00:00,prs,1.317,0.025329,-0.097983,0.021329,0.119312
2026-09-19T12:06:00+00:00,prs,1.343,0.024783,-0.071983,0.020783,0.092766
2026-09-19T12:07:00+00:00,prs,1.379,0.02423,-0.035983,0.02023,0.056213
2026-09-19T12:08:00+00:00,prs,1.441,0.02367,0.026017,0.01967,-0.006347
2026-09-19T12:09:00+00:00,prs,1.374,0.023102,-0.040983,0.019102,0.060085
2026-09-19T12:10:00+00:00,prs,1.42,0.022527,0.005017,0.018527,0.01351
2026-09-19T12:11:00+00:00,prs,1.421,0.021944,0.006017,0.017944,0.011927
2026-09-19T12:12:00+00:00,prs,1.317,0.021355,-0.097983,0.017355,0.115338
2026-09-19T12:13:00+00:00,prs,1.38,0.020758,-0.034983,0.016758,0.051741
2026-09-19T12:14:00+00:00,prs,1.351,0.020154,-0.063983,0.016154,0.080137
2026-09-19T12:15:00+00:00,prs,1.5030000000000001,0.019543,0.088017,0.015543,-0.072474
2026-09-19T12:16:00+00:00,prs,1.428,0.018925,0.013017,0.014925,0.001908
2026-09-19T12:17:00+00:00,prs,1.452,0.0183,0.037017,0.0143,-0.022717
2026-09-19T12:18:00+00:00,prs,1.333,0.017669,-0.081983,0.013669,0.095652
2026-09-19T12:19:00+00:00,prs,1.4,0.01703,-0.014983,0.01303,0.028013
2026-09-19T12:20:00+00:00,prs,1.468,0.016385,0.053017,0.012385,-0.040632
2026-09-19T12:21:00+00:00,prs,1.4889999999999999,0.015733,0.074017,0.011733,-0.062284
2026-09-19T12:22:00+00:00,prs,1.336,0.015075,-0.078983,0.011075,0.090058
2026-09-19T12:23:00+00:00,prs,1.483,0.01441,0.068017,0.01041,-0.057607
2026-09-19T12:24:00+00:00,prs,1.488,0.013739,0.073017,0.009739,-0.063278
2026-09-19T12:25:00+00:00,prs,1.332,0.013061,-0.082983,0.009061,0.092044
2026-09-19T12:26:00+00:00,prs,1.451,0.012377,0.036017,0.008377,-0.02764
2026-09-19T12:27:00+00:00,prs,1.376,0.011687,-0.038983,0.007687,0.04667
2026-09-19T12:28:00+00:00,prs,1.384,0.01099,-0.030983,0.00699,0.037973
2026-09-19T12:29:00+00:00,prs,1.45,0.010287,0.035017,0.006288,-0.02873
2026-09-19T12:30:00+00:00,prs,1.379,0.009579,-0.035983,0.005579,0.041562
2026-09-19T12:31:00+00:00,prs,1.329,0.008864,-0.085983,0.004864,0.090847
2026-09-19T12:32:00+00:00,prs,1.305,0.008144,-0.109983,0.004144,0.114127
2026-09-19T12:33:00+00:00,prs,1.355,0.007417,-0.059983,0.003417,0.0634
2026-09-19T12:34:00+00:00,prs,1.442,0.006685,0.027017,0.002685,-0.024332
2026-09-19T12:35:00+00:00,prs,1.425,0.005947,0.010017,0.001947,-0.00807
2026-09-19T12:36:00+00:00,prs,1.373,0.005204,-0.041983,0.001204,0.043187
2026-09-19T12:37:00+00:00,prs,1.4020000000000001,0.004455,-0.012983,0.000455,0.013438
2026-09-19T12:38:00+00:00,prs,1.359,0.003701,-0.055983,-0.000299,0.055684
2026-09-19T12:39:00+00:00,prs,1.433,0.002941,0.018017,-0.001059,-0.019076
2026-09-19T12:40:00+00:00,prs,1.448,0.002176,0.033017,-0.001824,-0.034841
2026-09-19T12:41:00+00:00,prs,1.396,0.001405,-0.018983,-0.002595,0.016388
2026-09-19T12:42:00+00:00,prs,1.354,0.00063,-0.060983,-0.00337,0.057613
2026-09-19T12:43:00+00:00,prs,1.35,-0.000151,-0.064983,-0.004151,0.060832
2026-09-19T12:44:00+00:00,prs,1.312,-0.000937,-0.102983,-0.004937,0.098046
2026-09-19T12:45:00+00:00,prs,1.383,-0.001727,-0.031983,-0.005727,0.026256
2026-09-19T12:46:00+00:00,prs,1.384,-0.002523,-0.030983,-0.006523,0.02446
2026-09-19T12:47:00+00:00,prs,1.322,-0.003323,-0.092983,-0.007323,0.08566
2026-09-19T12:48:00+00:00,prs,1.383,-0.004128,-0.031983,-0.008128,0.023855
2026-09-19T12:50:00+00:00,prs,1.3860000000000001,-0.005751,-0.028983,-0.009751,0.019232
2026-09-19T12:51:00+00:00,prs,1.296,-0.00657,-0.118983,-0.01057,0.108413
2026-09-19T12:52:00+00:00,prs,1.44,-0.007393,0.025017,-0.011393,-0.03641
2026-09-19T12:53:00+00:00,prs,1.339,-0.00822,-0.075983,-0.01222,0.063763
2026-09-19T12:54:00+00:00,prs,1.3599999999999999,-0.009052,-0.054983,-0.013051,0.041931
2026-09-19T12:55:00+00:00,prs,1.436,-0.009887,0.021017,-0.013887,-0.034904
2026-09-19T12:56:00+00:00,prs,1.379,-0.010727,-0.035983,-0.014727,0.021256
2026-09-19T12:57:00+00:00,prs,1.297,-0.01157,-0.117983,-0.01557,0.102413
2026-09-19T12:58:00+00:00,prs,1.393,-0.012418,-0.021983,-0.016418,0.005565
2026-09-19T12:59:00+00:00,prs,1.441,-0.013269,0.026017,-0.017269,-0.043286
2026-09-19T13:00:00+00:00,prs,1.347,-0.014124,-0.067983,-0.018124,0.049859
2026-09-19T13:01:00+00:00,prs,1.355,-0.014983,-0.059983,-0.018983,0.041
2026-09-19T13:02:00+00:00,prs,1.3639999999999999,-0.015845,-0.050983,-0.019845,0.031138
2026-09-19T13:03:00+00:00,prs,1.4809999999999999,-0.016711,0.066017,-0.020711,-0.086728
2026-09-19T13:04:00+00:00,prs,1.381,-0.01758,-0.033983,-0.02158,0.012403
2026-09-19T13:05:00+00:00,prs,1.35,-0.018453,-0.064983,-0.022452,0.04253
2026-09-19T13:06:00+00:00,prs,1.37,-0.019328,-0.044983,-0.023328,0.021655
2026-09-19T13:07:00+00:00,prs,1.403,-0.020207,-0.011983,-0.024207,-0.012224
2026-09-19T13:08:00+00:00,prs,1.3780000000000001,-0.021089,-0.036983,-0.025089,0.011894
2026-09-19T13:09:00+00:00,prs,1.403,-0.021974,-0.011983,-0.025973,-0.013991
2026-09-19T13:10:00+00:00,prs,1.363,-0.022861,-0.051983,-0.026861,0.025122
2026-09-19T13:11:00+00:00,prs,1.374,-0.023752,-0.040983,-0.027752,0.013231
2026-09-19T13:12:00+00:00,prs,1.384,-0.024645,-0.030983,-0.028645,0.002338
2026-09-19T13:13:00+00:00,prs,1.349,-0.025541,-0.065983,-0.02954,0.036443
2026-09-19T13:14:00+00:00,prs,1.414,-0.026439,-0.000983,-0.030439,-0.029456
2026-09-19T13:15:00+00:00,prs,1.379,-0.027339,-0.035983,-0.031339,0.004644
2026-09-19T13:16:00+00:00,prs,1.303,-0.028243,-0.111983,-0.032242,0.079741
2026-09-19T13:17:00+00:00,prs,1.34,-0.029148,-0.074983,-0.033148,0.041835
2026-09-19T13:19:00+00:00,prs,1.212,-0.030965,-0.202983,-0.034965,0.168018
2026-09-19T13:20:00+00:00,prs,1.381,-0.031876,-0.033983,-0.035876,-0.001893
2026-09-19T13:21:00+00:00,prs,1.385,-0.03279,-0.029983,-0.03679,-0.006807
2026-09-19T13:22:00+00:00,prs,1.272,-0.033705,-0.142983,-0.037705,0.105278
2026-09-19T13:23:00+00:00,prs,1.399,-0.034622,-0.015983,-0.038622,-0.022639
2026-09-19T13:24:00+00:00,prs,1.312,-0.035541,-0.102983,-0.03954,0.063442
2026-09-19T13:25:00+00:00,prs,1.341,-0.036461,-0.073983,-0.040461,0.033522
2026-09-19T13:26:00+00:00,prs,1.384,-0.037382,-0.030983,-0.041382,-0.010399
2026-09-19T13:27:00+00:00,prs,1.307,-0.038305,-0.107983,-0.042305,0.065678
2026-09-19T13:28:00+00:00,prs,1.339,-0.039229,-0.075983,-0.043229,0.032754
2026-09-19T13:29:00+00:00,prs,1.367,-0.040155,-0.047983,-0.044155,0.003828
2026-09-19T13:30:00+00:00,prs,1.338,-0.041081,-0.076983,-0.045081,0.031902
2026-09-19T13:31:00+00:00,prs,1.31,-0.042009,-0.104983,-0.046009,0.058974
2026-09-19T13:32:00+00:00,prs,1.495,-0.042937,0.080017,-0.046937,-0.126954
2026-09-19T13:33:00+00:00,prs,1.299,-0.043866,-0.115983,-0.047866,0.068117
2026-09-19T13:34:00+00:00,prs,1.345,-0.044796,-0.069983,-0.048796,0.021187
2026-09-19T13:35:00+00:00,prs,1.324,-0.045727,-0.090983,-0.049726,0.041256
2026-09-19T13:36:00+00:00,prs,1.401,-0.046658,-0.013983,-0.050658,-0.036675
2026-09-19T13:37:00+00:00,prs,1.2570000000000001,-0.047589,-0.157983,-0.051589,0.106394
2026-09-19T13:38:00+00:00,prs,1.29,-0.048521,-0.124983,-0.052521,0.072462
2026-09-19T13:39:00+00:00,prs,1.325,-0.049453,-0.089983,-0.053453,0.03653
2026-09-19T13:40:00+00:00,prs,1.291,-0.050385,-0.123983,-0.054385,0.069598
2026-09-19T13:41:00+00:00,prs,1.255,-0.051318,-0.159983,-0.055317,0.104665
2026-09-19T13:42:00+00:00,prs,1.314,-0.05225,-0.100983,-0.05625,0.044733
2026-09-19T13:43:00+00:00,prs,1.236,-0.053182,-0.178983,-0.057182,0.121801
2026-09-19T13:44:00+00:00,prs,1.203,-0.054114,-0.211983,-0.058114,0.153869
2026-09-19T13:45:00+00:00,prs,1.15,-0.055046,-0.264983,-0.059046,0.205937
2026-09-19T13:46:00+00:00,prs,1.232,-0.055977,-0.182983,-0.059977,0.123006
2026-09-19T13:47:00+00:00,prs,1.272,-0.056908,-0.142983,-0.060908,0.082075
2026-09-19T13:48:00+00:00,prs,1.2810000000000001,-0.057838,-0.133983,-0.061838,0.072145
2026-09-19T13:49:00+00:00,prs,1.2690000000000001,-0.058767,-0.145983,-0.062767,0.083216
2026-09-19T13:50:00+00:00,prs,1.335,-0.059696,-0.079983,-0.063696,0.016287
2026-09-19T13:51:00+00:00,prs,1.337,-0.060624,-0.077983,-0.064624,0.013359
2026-09-19T13:52:00+00:00,prs,1.438,-0.061551,0.023017,-0.065551,-0.088568
2026-09-19T13:53:00+00:00,prs,1.297,-0.062477,-0.117983,-0.066477,0.051506
2026-09-19T13:54:00+00:00,prs,1.318,-0.063402,-0.096983,-0.067402,0.029581
2026-09-19T13:55:00+00:00,prs,1.33,-0.064325,-0.084983,-0.068325,0.016658
2026-09-19T13:56:00+00:00,prs,1.296,-0.065247,-0.118983,-0.069247,0.049736
2026-09-19T13:57:00+00:00,prs,1.306,-0.066168,-0.108983,-0.070168,0.038815
2026-09-19T13:58:00+00:00,prs,1.389,-0.067088,-0.025983,-0.071087,-0.045104
2026-09-19T13:59:00+00:00,prs,1.415,-0.068005,1.7e-05,-0.072005,-0.072022
2026-09-19T14:00:00+00:00,prs,1.338,-0.068921,-0.076983,-0.072921,0.004062
2026-09-19T14:01:00+00:00,prs,1.317,-0.069835,-0.097983,-0.073835,0.024148
2026-09-19T14:02:00+00:00,prs,1.403,-0.070748,-0.011983,-0.074748,-0.062765
2026-09-19T14:03:00+00:00,prs,1.272,-0.071658,-0.142983,-0.075658,0.067325
2026-09-19T14:04:00+00:00,prs,1.2730000000000001,-0.072566,-0.141983,-0.076566,0.065417
2026-09-19T14:05:00+00:00,prs,1.305,-0.073472,-0.109983,-0.077472,0.032511
2026-09-19T14:06:00+00:00,prs,1.365,-0.074376,-0.049983,-0.078376,-0.028393
2026-09-19T14:07:00+00:00,prs,1.219,-0.075278,-0.195983,-0.079278,0.116705
2026-09-19T14:08:00+00:00,prs,1.345,-0.076177,-0.069983,-0.080177,-0.010194
2026-09-19T14:09:00+00:00,prs,1.263,-0.077073,-0.151983,-0.081073,0.07091
2026-09-19T14:10:00+00:00,prs,1.399,-0.077967,-0.015983,-0.081967,-0.065984
2026-09-19T14:11:00+00:00,prs,1.387,-0.078859,-0.027983,-0.082858,-0.054876
2026-09-19T14:12:00+00:00,prs,1.3860000000000001,-0.079747,-0.028983,-0.083747,-0.054764
2026-09-19T14:13:00+00:00,prs,1.453,-0.080633,0.038017,-0.084632,-0.122649
2026-09-19T14:14:00+00:00,prs,1.219,-0.081515,-0.195983,-0.085515,0.110468
2026-09-19T14:15:00+00:00,prs,1.414,-0.082395,-0.000983,-0.086394,-0.085411
2026-09-19T14:16:00+00:00,prs,1.393,-0.083271,-0.021983,-0.087271,-0.065288
2026-09-19T14:17:00+00:00,prs,1.4,-0.084144,-0.014983,-0.088144,-0.073161
2026-09-19T14:18:00+00:00,prs,1.324,-0.085014,-0.090983,-0.089013,0.001969
2026-09-19T14:19:00+00:00,prs,1.365,-0.08588,-0.049983,-0.08988,-0.039897
2026-09-19T14:20:00+00:00,prs,1.423,-0.086742,0.008017,-0.090742,-0.098759
2026-09-19T14:21:00+00:00,prs,1.418,-0.087602,0.003017,-0.091602,-0.094619
2026-09-19T14:22:00+00:00,prs,1.375,-0.088457,-0.039983,-0.092457,-0.052474
2026-09-19T14:23:00+00:00,prs,1.435,-0.089309,0.020017,-0.093308,-0.113326
2026-09-19T14:24:00+00:00,prs,1.385,-0.090156,-0.029983,-0.094156,-0.064173
2026-09-19T14:25:00+00:00,prs,1.347,-0.091,-0.067983,-0.095,-0.027017
2026-09-19T14:26:00+00:00,prs,1.433,-0.09184,0.018017,-0.09584,-0.113857
2026-09-19T14:27:00+00:00,prs,1.311,-0.092675,-0.103983,-0.096675,0.007308
2026-09-19T14:28:00+00:00,prs,1.313,-0.093506,-0.101983,-0.097506,0.004477
2026-09-19T14:29:00+00:00,prs,1.35,-0.094333,-0.064983,-0.098333,-0.03335
2026-09-19T14:30:00+00:00,prs,1.387,-0.095156,-0.027983,-0.099156,-0.071173
2026-09-19T14:31:00+00:00,prs,1.343,-0.095974,-0.071983,-0.099974,-0.027991
2026-09-19T14:32:00+00:00,prs,1.327,-0.096787,-0.087983,-0.100787,-0.012804
2026-09-19T14:33:00+00:00,prs,1.327,-0.097596,-0.087983,-0.101596,-0.013613
2026-09-19T14:34:00+00:00,prs,1.3820000000000001,-0.0984,-0.032983,-0.1024,-0.069417
2026-09-19T14:35:00+00:00,prs,1.327,-0.099199,-0.087983,-0.103199,-0.015216
2026-09-19T14:36:00+00:00,prs,1.391,-0.099993,-0.023983,-0.103993,-0.08001
2026-09-19T14:37:00+00:00,prs,1.401,-0.100783,-0.013983,-0.104782,-0.090799
2026-09-19T14:38:00+00:00,prs,1.374,-0.101567,-0.040983,-0.105566,-0.064584
2026-09-19T14:39:00+00:00,prs,1.387,-0.102345,-0.027983,-0.106345,-0.078362
2026-09-19T14:40:00+00:00,prs,1.339,-0.103119,-0.075983,-0.107119,-0.031136
2026-09-19T14:41:00+00:00,prs,1.284,-0.103887,-0.130983,-0.107887,0.023096
2026-09-19T14:42:00+00:00,prs,1.3519999999999999,-0.10465,-0.062983,-0.10865,-0.045667
2026-09-19T14:43:00+00:00,prs,1.4,-0.105407,-0.014983,-0.109407,-0.094424
2026-09-19T14:44:00+00:00,prs,1.424,-0.106159,0.009017,-0.110159,-0.119176
2026-09-19T14:45:00+00:00,prs,1.412,-0.106905,-0.002983,-0.110905,-0.107922
2026-09-19T14:46:00+00:00,prs,1.317,-0.107645,-0.097983,-0.111645,-0.013662
2026-09-19T14:47:00+00:00,prs,1.34,-0.108379,-0.074983,-0.112379,-0.037396
2026-09-19T14:48:00+00:00,prs,1.376,-0.109108,-0.038983,-0.113107,-0.074125
2026-09-19T14:49:00+00:00,prs,1.392,-0.10983,-0.022983,-0.11383,-0.090847
2026-09-19T14:50:00+00:00,prs,1.331,-0.110546,-0.083983,-0.114546,-0.030563
2026-09-19T14:51:00+00:00,prs,1.301,-0.111256,-0.113983,-0.115256,-0.001273
2026-09-19T14:52:00+00:00,prs,1.336,-0.11196,-0.078983,-0.11596,-0.036977
2026-09-19T14:53:00+00:00,prs,1.282,-0.112657,-0.132983,-0.116657,0.016326
2026-09-19T14:54:00+00:00,prs,1.2690000000000001,-0.113348,-0.145983,-0.117348,0.028635
2026-09-19T14:55:00+00:00,prs,1.3599999999999999,-0.114033,-0.054983,-0.118033,-0.06305
2026-09-19T14:56:00+00:00,prs,1.383,-0.114711,-0.031983,-0.118711,-0.086728
2026-09-19T14:57:00+00:00,prs,1.354,-0.115382,-0.060983,-0.119382,-0.058399
2026-09-19T14:58:00+00:00,prs,1.391,-0.116046,-0.023983,-0.120046,-0.096063
2026-09-19T14:59:00+00:00,prs,1.323,-0.116704,-0.091983,-0.120704,-0.028721
2026-09-19T15:00:00+00:00,prs,1.334,-0.117355,-0.080983,-0.121355,-0.040372
2026-09-19T15:01:00+00:00,prs,1.3519999999999999,-0.117999,-0.062983,-0.121999,-0.059016
2026-09-19T15:02:00+00:00,prs,1.319,-0.118636,-0.095983,-0.122636,-0.026653
2026-09-19T15:03:00+00:00,prs,1.322,-0.119265,-0.092983,-0.123265,-0.030282
2026-09-19T15:04:00+00:00,prs,1.333,-0.119888,-0.081983,-0.123888,-0.041905
2026-09-19T15:05:00+00:00,prs,1.337,-0.120503,-0.077983,-0.124503,-0.04652
2026-09-19T15:06:00+00:00,prs,1.295,-0.121111,-0.119983,-0.125111,-0.005128
2026-09-19T15:07:00+00:00,prs,1.268,-0.121711,-0.146983,-0.125711,0.021272
2026-09-19T15:08:00+00:00,prs,1.304,-0.122304,-0.110983,-0.126304,-0.015321
2026-09-19T15:09:00+00:00,prs,1.325,-0.12289,-0.089983,-0.12689,-0.036907
2026-09-19T15:10:00+00:00,prs,1.338,-0.123468,-0.076983,-0.127468,-0.050485
2026-09-19T15:11:00+00:00,prs,1.342,-0.124038,-0.072983,-0.128038,-0.055055
2026-09-19T15:12:00+00:00,prs,1.329,-0.1246,-0.085983,-0.1286,-0.042617
2026-09-19T15:13:00+00:00,prs,1.336,-0.125155,-0.078983,-0.129155,-0.050172
2026-09-19T15:14:00+00:00,prs,1.299,-0.125701,-0.115983,-0.129701,-0.013718
2026-09-19T15:15:00+00:00,prs,1.307,-0.12624,-0.107983,-0.13024,-0.022257
2026-09-19T15:16:00+00:00,prs,1.333,-0.126771,-0.081983,-0.13077,-0.048788
2026-09-19T15:17:00+00:00,prs,1.292,-0.127293,-0.122983,-0.131293,-0.00831
2026-09-19T15:18:00+00:00,prs,1.292,-0.127807,-0.122983,-0.131807,-0.008824
2026-09-19T15:19:00+00:00,prs,1.282,-0.128313,-0.132983,-0.132313,0.00067
2026-09-19T15:20:00+00:00,prs,1.262,-0.128811,-0.152983,-0.132811,0.020172
2026-09-19T15:21:00+00:00,prs,1.3780000000000001,-0.129301,-0.036983,-0.1333,-0.096318
2026-09-19T15:22:00+00:00,prs,1.369,-0.129781,-0.045983,-0.133781,-0.087798
2026-09-19T15:23:00+00:00,prs,1.3519999999999999,-0.130254,-0.062983,-0.134254,-0.071271
2026-09-19T15:24:00+00:00,prs,1.347,-0.130718,-0.067983,-0.134718,-0.066735
2026-09-19T15:25:00+00:00,prs,1.311,-0.131173,-0.103983,-0.135173,-0.03119
2026-09-19T15:26:00+00:00,prs,1.284,-0.13162,-0.130983,-0.135619,-0.004637
2026-09-19T15:27:00+00:00,prs,1.34,-0.132057,-0.074983,-0.136057,-0.061074
2026-09-19T15:28:00+00:00,prs,1.297,-0.132486,-0.117983,-0.136486,-0.018503
2026-09-19T15:29:00+00:00,prs,1.339,-0.132906,-0.075983,-0.136906,-0.060923
2026-09-19T15:30:00+00:00,prs,1.301,-0.133318,-0.113983,-0.137318,-0.023335
2026-09-19T15:31:00+00:00,prs,1.359,-0.13372,-0.055983,-0.13772,-0.081737
2026-09-19T15:32:00+00:00,prs,1.3599999999999999,-0.134113,-0.054983,-0.138113,-0.08313
2026-09-19T15:33:00+00:00,prs,1.329,-0.134497,-0.085983,-0.138497,-0.052514
2026-09-19T15:34:00+00:00,prs,1.322,-0.134872,-0.092983,-0.138872,-0.045889
2026-09-19T15:35:00+00:00,prs,1.343,-0.135237,-0.071983,-0.139237,-0.067254
2026-09-19T15:36:00+00:00,prs,1.316,-0.135594,-0.098983,-0.139594,-0.040611
2026-09-19T15:37:00+00:00,prs,1.359,-0.135941,-0.055983,-0.139941,-0.083958
2026-09-19T15:38:00+00:00,prs,1.326,-0.136278,-0.088983,-0.140278,-0.051295
2026-09-19T15:39:00+00:00,prs,1.332,-0.136607,-0.082983,-0.140606,-0.057624
2026-09-19T15:40:00+00:00,prs,1.3679999999999999,-0.136925,-0.046983,-0.140925,-0.093942
2026-09-19T15:41:00+00:00,prs,1.373,-0.137234,-0.041983,-0.141234,-0.099251
2026-09-19T15:42:00+00:00,prs,1.361,-0.137534,-0.053983,-0.141534,-0.087551
2026-09-19T15:43:00+00:00,prs,1.251,-0.137824,-0.163983,-0.141824,0.022159
2026-09-19T15:44:00+00:00,prs,1.373,-0.138104,-0.041983,-0.142104,-0.100121
2026-09-19T15:45:00+00:00,prs,1.336,-0.138374,-0.078983,-0.142374,-0.063391
2026-09-19T15:46:00+00:00,prs,1.336,-0.138635,-0.078983,-0.142635,-0.063652
2026-09-19T15:47:00+00:00,prs,1.3719999999999999,-0.138886,-0.042983,-0.142886,-0.099903
2026-09-19T15:48:00+00:00,prs,1.345,-0.139127,-0.069983,-0.143127,-0.073144
2026-09-19T15:49:00+00:00,prs,1.327,-0.139358,-0.087983,-0.143358,-0.055375
2026-09-19T15:50:00+00:00,prs,1.322,-0.139579,-0.092983,-0.143579,-0.050596
2026-09-19T15:51:00+00:00,prs,1.309,-0.13979,-0.105983,-0.14379,-0.037807
2026-09-19T15:52:00+00:00,prs,1.287,-0.139991,-0.127983,-0.14399,-0.016008
2026-09-19T15:53:00+00:00,prs,1.387,-0.140181,-0.027983,-0.144181,-0.116198
2026-09-19T15:54:00+00:00,prs,1.28,-0.140362,-0.134983,-0.144362,-0.009379
2026-09-19T15:55:00+00:00,prs,1.313,-0.140532,-0.101983,-0.144532,-0.042549
2026-09-19T15:56:00+00:00,prs,1.343,-0.140692,-0.071983,-0.144692,-0.072709
2026-09-19T15:57:00+00:00,prs,1.38,-0.140842,-0.034983,-0.144842,-0.109859
2026-09-19T15:58:00+00:00,prs,1.38,-0.140982,-0.034983,-0.144982,-0.109999
2026-09-19T15:59:00+00:00,prs,1.289,-0.141111,-0.125983,-0.145111,-0.019128
2026-09-19T16:00:00+00:00,prs,1.358,-0.14123,-0.056983,-0.14523,-0.088247
2026-09-19T16:01:00+00:00,prs,1.3479999999999999,-0.141338,-0.066983,-0.145338,-0.078355
2026-09-19T16:02:00+00:00,prs,1.313,-0.141436,-0.101983,-0.145436,-0.043453
2026-09-19T16:03:00+00:00,prs,1.357,-0.141523,-0.057983,-0.145523,-0.08754
2026-09-19T16:04:00+00:00,prs,1.266,-0.1416,-0.148983,-0.1456,0.003383
2026-09-19T16:05:00+00:00,prs,1.331,-0.141666,-0.083983,-0.145666,-0.061683
2026-09-19T16:06:00+00:00,prs,1.371,-0.141722,-0.043983,-0.145722,-0.101739
2026-09-19T16:07:00+00:00,prs,1.3679999999999999,-0.141767,-0.046983,-0.145767,-0.098784
2026-09-19T16:08:00+00:00,prs,1.353,-0.141801,-0.061983,-0.145801,-0.083818
2026-09-19T16:09:00+00:00,prs,1.342,-0.141824,-0.072983,-0.145824,-0.072841
2026-09-19T16:10:00+00:00,prs,1.347,-0.141837,-0.067983,-0.145837,-0.077854
2026-09-19T16:11:00+00:00,prs,1.377,-0.141839,-0.037983,-0.145839,-0.107856
2026-09-19T16:12:00+00:00,prs,1.4020000000000001,-0.14183,-0.012983,-0.14583,-0.132847
2026-09-19T16:13:00+00:00,prs,1.316,-0.141811,-0.098983,-0.145811,-0.046828
2026-09-19T16:14:00+00:00,prs,1.424,-0.14178,0.009017,-0.14578,-0.154797
2026-09-19T16:15:00+00:00,prs,1.369,-0.141739,-0.045983,-0.145739,-0.099756
2026-09-19T16:16:00+00:00,prs,1.385,-0.141686,-0.029983,-0.145686,-0.115703
2026-09-19T16:17:00+00:00,prs,1.387,-0.141623,-0.027983,-0.145623,-0.11764
2026-09-19T16:18:00+00:00,prs,1.3940000000000001,-0.141549,-0.020983,-0.145549,-0.124566
2026-09-19T16:19:00+00:00,prs,1.325,-0.141464,-0.089983,-0.145464,-0.055481
2026-09-19T16:20:00+00:00,prs,1.3599999999999999,-0.141368,-0.054983,-0.145367,-0.090384
2026-09-19T16:21:00+00:00,prs,1.403,-0.14126,-0.011983,-0.14526,-0.133277
2026-09-19T16:22:00+00:00,prs,1.424,-0.141142,0.009017,-0.145142,-0.154159
2026-09-19T16:23:00+00:00,prs,1.409,-0.141013,-0.005983,-0.145012,-0.13903
2026-09-19T16:24:00+00:00,prs,1.43,-0.140872,0.015017,-0.144872,-0.159889
2026-09-19T16:25:00+00:00,prs,1.409,-0.140721,-0.005983,-0.14472,-0.138738
2026-09-19T16:26:00+00:00,prs,1.388,-0.140558,-0.026983,-0.144558,-0.117575
2026-09-19T16:27:00+00:00,prs,1.385,-0.140384,-0.029983,-0.144384,-0.114401
2026-09-19T16:28:00+00:00,prs,1.3820000000000001,-0.140199,-0.032983,-0.144199,-0.111216
2026-09-19T16:29:00+00:00,prs,1.401,-0.140003,-0.013983,-0.144003,-0.13002
2026-09-19T16:30:00+00:00,prs,1.3940000000000001,-0.139795,-0.020983,-0.143795,-0.122812
2026-09-19T16:31:00+00:00,prs,1.38,-0.139577,-0.034983,-0.143577,-0.108594
2026-09-19T16:32:00+00:00,prs,1.3780000000000001,-0.139347,-0.036983,-0.143347,-0.106364
2026-09-19T16:33:00+00:00,prs,1.433,-0.139106,0.018017,-0.143106,-0.161123
2026-09-19T16:34:00+00:00,prs,1.341,-0.138854,-0.073983,-0.142854,-0.068871
2026-09-19T16:35:00+00:00,prs,1.472,-0.13859,0.057017,-0.14259,-0.199607
2026-09-19T16:36:00+00:00,prs,1.42,-0.138315,0.005017,-0.142315,-0.147332
2026-09-19T16:37:00+00:00,prs,1.393,-0.138029,-0.021983,-0.142029,-0.120046
2026-09-19T16:38:00+00:00,prs,1.414,-0.137732,-0.000983,-0.141732,-0.140749
2026-09-19T16:39:00+00:00,prs,1.411,-0.137423,-0.003983,-0.141423,-0.13744
2026-09-19T16:40:00+00:00,prs,1.371,-0.137104,-0.043983,-0.141103,-0.097121
2026-09-19T16:41:00+00:00,prs,1.3860000000000001,-0.136772,-0.028983,-0.140772,-0.111789
2026-09-19T16:42:00+00:00,prs,1.45,-0.13643,0.035017,-0.14043,-0.175447
2026-09-19T16:43:00+00:00,prs,1.456,-0.136076,0.041017,-0.140076,-0.181093
2026-09-19T16:44:00+00:00,prs,1.425,-0.135711,0.010017,-0.139711,-0.149728
2026-09-19T16:45:00+00:00,prs,1.4020000000000001,-0.135335,-0.012983,-0.139335,-0.126352
2026-09-19T16:46:00+00:00,prs,1.373,-0.134947,-0.041983,-0.138947,-0.096964
2026-09-19T16:47:00+00:00,prs,1.418,-0.134548,0.003017,-0.138548,-0.141565
2026-09-19T16:48:00+00:00,prs,1.418,-0.134138,0.003017,-0.138138,-0.141155
2026-09-19T16:49:00+00:00,prs,1.379,-0.133716,-0.035983,-0.137716,-0.101733
2026-09-19T16:50:00+00:00,prs,1.403,-0.133283,-0.011983,-0.137283,-0.1253
2026-09-19T16:51:00+00:00,prs,1.383,-0.132839,-0.031983,-0.136839,-0.104856
2026-09-19T16:52:00+00:00,prs,1.448,-0.132383,0.033017,-0.136383,-0.1694
2026-09-19T16:53:00+00:00,prs,1.393,-0.131917,-0.021983,-0.135917,-0.113934
2026-09-19T16:54:00+00:00,prs,1.403,-0.131439,-0.011983,-0.135438,-0.123456
2026-09-19T16:55:00+00:00,prs,1.384,-0.130949,-0.030983,-0.134949,-0.103966
2026-09-19T16:56:00+00:00,prs,1.395,-0.130449,-0.019983,-0.134449,-0.114466
2026-09-19T16:57:00+00:00,prs,1.395,-0.129937,-0.019983,-0.133937,-0.113954
2026-09-19T16:58:00+00:00,prs,1.388,-0.129414,-0.026983,-0.133414,-0.106431
2026-09-19T16:59:00+00:00,prs,1.387,-0.128879,-0.027983,-0.132879,-0.104896
2026-09-19T17:00:00+00:00,prs,1.318,-0.128334,-0.096983,-0.132334,-0.035351
2026-09-19T17:01:00+00:00,prs,1.37,-0.127777,-0.044983,-0.131777,-0.086794
2026-09-19T17:02:00+00:00,prs,1.435,-0.127209,0.020017,-0.131209,-0.151226
2026-09-19T17:03:00+00:00,prs,1.412,-0.12663,-0.002983,-0.13063,-0.127647
2026-09-19T17:04:00+00:00,prs,1.459,-0.126039,0.044017,-0.130039,-0.174056
2026-09-19T17:05:00+00:00,prs,1.455,-0.125438,0.040017,-0.129438,-0.169455
2026-09-19T17:06:00+00:00,prs,1.452,-0.124825,0.037017,-0.128825,-0.165842
2026-09-19T17:07:00+00:00,prs,1.443,-0.124201,0.028017,-0.128201,-0.156218
2026-09-19T17:08:00+00:00,prs,1.41,-0.123566,-0.004983,-0.127566,-0.122583
2026-09-19T17:09:00+00:00,prs,1.454,-0.12292,0.039017,-0.12692,-0.165937
2026-09-19T17:10:00+00:00,prs,1.3820000000000001,-0.122263,-0.032983,-0.126263,-0.09328
2026-09-19T17:11:00+00:00,prs,1.445,-0.121595,0.030017,-0.125595,-0.155612
2026-09-19T17:12:00+00:00,prs,1.484,-0.120916,0.069017,-0.124916,-0.193933
2026-09-19T17:13:00+00:00,prs,1.451,-0.120226,0.036017,-0.124226,-0.160243
2026-09-19T17:14:00+00:00,prs,1.492,-0.119525,0.077017,-0.123525,-0.200542
2026-09-19T17:15:00+00:00,prs,1.444,-0.118813,0.029017,-0.122813,-0.15183
2026-09-19T17:16:00+00:00,prs,1.4729999999999999,-0.11809,0.058017,-0.12209,-0.180107
2026-09-19T17:17:00+00:00,prs,1.474,-0.117356,0.059017,-0.121356,-0.180373
2026-09-19T17:18:00+00:00,prs,1.541,-0.116611,0.126017,-0.120611,-0.246628
2026-09-19T17:19:00+00:00,prs,1.425,-0.115855,0.010017,-0.119855,-0.129872
2026-09-19T17:20:00+00:00,prs,1.4769999999999999,-0.115089,0.062017,-0.119089,-0.181106
2026-09-19T17:21:00+00:00,prs,1.431,-0.114312,0.016017,-0.118311,-0.134329
2026-09-19T17:22:00+00:00,prs,1.46,-0.113523,0.045017,-0.117523,-0.16254
2026-09-19T17:23:00+00:00,prs,1.468,-0.112725,0.053017,-0.116725,-0.169742
2026-09-19T17:24:00+00:00,prs,1.464,-0.111915,0.049017,-0.115915,-0.164932
2026-09-19T17:25:00+00:00,prs,1.506,-0.111095,0.091017,-0.115095,-0.206112
2026-09-19T17:26:00+00:00,prs,1.505,-0.110264,0.090017,-0.114264,-0.204281
2026-09-19T17:27:00+00:00,prs,1.471,-0.109423,0.056017,-0.113423,-0.16944
2026-09-19T17:28:00+00:00,prs,1.446,-0.108571,0.031017,-0.112571,-0.143588
2026-09-19T17:29:00+00:00,prs,1.465,-0.107708,0.050017,-0.111708,-0.161725
2026-09-19T17:30:00+00:00,prs,1.427,-0.106835,0.012017,-0.110835,-0.122852
2026-09-19T17:31:00+00:00,prs,1.468,-0.105952,0.053017,-0.109952,-0.162969
2026-09-19T17:32:00+00:00,prs,1.498,-0.105058,0.083017,-0.109058,-0.192075
2026-09-19T17:33:00+00:00,prs,1.479,-0.104153,0.064017,-0.108153,-0.17217
2026-09-19T17:34:00+00:00,prs,1.4889999999999999,-0.103239,0.074017,-0.107239,-0.181256
2026-09-19T17:35:00+00:00,prs,1.478,-0.102314,0.063017,-0.106314,-0.169331
2026-09-19T17:36:00+00:00,prs,1.46,-0.101379,0.045017,-0.105378,-0.150395
2026-09-19T17:37:00+00:00,prs,1.504,-0.100433,0.089017,-0.104433,-0.19345
2026-09-19T17:38:00+00:00,prs,1.491,-0.099477,0.076017,-0.103477,-0.179494
2026-09-19T17:39:00+00:00,prs,1.4769999999999999,-0.098512,0.062017,-0.102512,-0.164529
2026-09-19T17:40:00+00:00,prs,1.5110000000000001,-0.097536,0.096017,-0.101536,-0.197553
2026-09-19T17:41:00+00:00,prs,1.521,-0.09655,0.106017,-0.10055,-0.206567
2026-09-19T17:42:00+00:00,prs,1.54,-0.095554,0.125017,-0.099554,-0.224571
2026-09-19T17:43:00+00:00,prs,1.4889999999999999,-0.094548,0.074017,-0.098548,-0.172565
2026-09-19T17:44:00+00:00,prs,1.501,-0.093532,0.086017,-0.097532,-0.183549
2026-09-19T17:45:00+00:00,prs,1.499,-0.092507,0.084017,-0.096506,-0.180523
2026-09-19T17:46:00+00:00,prs,1.5,-0.091471,0.085017,-0.095471,-0.180488
2026-09-19T17:47:00+00:00,prs,1.544,-0.090426,0.129017,-0.094426,-0.223443
2026-09-19T17:48:00+00:00,prs,1.474,-0.089371,0.059017,-0.093371,-0.152388
2026-09-19T17:49:00+00:00,prs,1.567,-0.088306,0.152017,-0.092306,-0.244323
2026-09-19T17:50:00+00:00,prs,1.553,-0.087232,0.138017,-0.091232,-0.229249
2026-09-19T17:51:00+00:00,prs,1.461,-0.086148,0.046017,-0.090148,-0.136165
2026-09-19T17:52:00+00:00,prs,1.564,-0.085055,0.149017,-0.089055,-0.238072
2026-09-19T17:53:00+00:00,prs,1.5659999999999998,-0.083952,0.151017,-0.087952,-0.238969
2026-09-19T17:54:00+00:00,prs,1.528,-0.08284,0.113017,-0.08684,-0.199857
2026-09-19T17:55:00+00:00,prs,1.508,-0.081719,0.093017,-0.085719,-0.178736
2026-09-19T17:56:00+00:00,prs,1.4849999999999999,-0.080588,0.070017,-0.084588,-0.154605
2026-09-19T17:57:00+00:00,prs,1.537,-0.079448,0.122017,-0.083448,-0.205465
2026-09-19T17:58:00+00:00,prs,1.5550000000000002,-0.078299,0.140017,-0.082299,-0.222316
2026-09-19T17:59:00+00:00,prs,1.5699999999999998,-0.077141,0.155017,-0.081141,-0.236158
2026-09-19T18:00:00+00:00,prs,1.567,-0.075973,0.152017,-0.079973,-0.23199
2026-09-19T18:01:00+00:00,prs,1.4849999999999999,-0.074797,0.070017,-0.078797,-0.148814
2026-09-19T18:02:00+00:00,prs,1.532,-0.073612,0.117017,-0.077612,-0.194629
2026-09-19T18:03:00+00:00,prs,1.526,-0.072418,0.111017,-0.076418,-0.187435
2026-09-19T18:04:00+00:00,prs,1.542,-0.071215,0.127017,-0.075215,-0.202232
2026-09-19T18:05:00+00:00,prs,1.558,-0.070003,0.143017,-0.074003,-0.21702
2026-09-19T18:06:00+00:00,prs,1.5310000000000001,-0.068783,0.116017,-0.072783,-0.1888
2026-09-19T18:07:00+00:00,prs,1.562,-0.067554,0.147017,-0.071554,-0.218571
2026-09-19T18:08:00+00:00,prs,1.526,-0.066317,0.111017,-0.070317,-0.181334
2026-09-19T18:09:00+00:00,prs,1.5390000000000001,-0.065071,0.124017,-0.069071,-0.193088
2026-09-19T18:10:00+00:00,prs,1.462,-0.063817,0.047017,-0.067816,-0.114834
2026-09-19T18:11:00+00:00,prs,1.524,-0.062554,0.109017,-0.066554,-0.175571
2026-09-19T18:12:00+00:00,prs,1.572,-0.061283,0.157017,-0.065283,-0.2223
2026-09-19T18:13:00+00:00,prs,1.548,-0.060004,0.133017,-0.064004,-0.197021
2026-09-19T18:14:00+00:00,prs,1.573,-0.058716,0.158017,-0.062716,-0.220733
2026-09-19T18:15:00+00:00,prs,1.467,-0.057421,0.052017,-0.061421,-0.113438
2026-09-19T18:16:00+00:00,prs,1.47,-0.056118,0.055017,-0.060118,-0.115135
2026-09-19T18:17:00+00:00,prs,1.552,-0.054806,0.137017,-0.058806,-0.195823
2026-09-19T18:18:00+00:00,prs,1.6,-0.053487,0.185017,-0.057487,-0.242504
2026-09-19T18:19:00+00:00,prs,1.5230000000000001,-0.05216,0.108017,-0.05616,-0.164177
2026-09-19T18:20:00+00:00,prs,1.5310000000000001,-0.050826,0.116017,-0.054826,-0.170843
2026-09-19T18:21:00+00:00,prs,1.568,-0.049483,0.153017,-0.053483,-0.2065
2026-09-19T18:22:00+00:00,prs,1.549,-0.048133,0.134017,-0.052133,-0.18615
2026-09-19T18:23:00+00:00,prs,1.5739999999999998,-0.046776,0.159017,-0.050776,-0.209793
2026-09-19T18:24:00+00:00,prs,1.599,-0.045411,0.184017,-0.049411,-0.233428
2026-09-19T18:25:00+00:00,prs,1.5899999999999999,-0.044039,0.175017,-0.048039,-0.223056
2026-09-19T18:26:00+00:00,prs,1.624,-0.04266,0.209017,-0.04666,-0.255677
2026-09-19T18:27:00+00:00,prs,1.6560000000000001,-0.041273,0.241017,-0.045273,-0.28629
2026-09-19T18:28:00+00:00,prs,1.619,-0.039879,0.204017,-0.043879,-0.247896
2026-09-19T18:29:00+00:00,prs,1.587,-0.038479,0.172017,-0.042479,-0.214496
2026-09-19T18:30:00+00:00,prs,1.58,-0.037071,0.165017,-0.041071,-0.206088
2026-09-19T18:31:00+00:00,prs,1.56,-0.035657,0.145017,-0.039656,-0.184674
2026-09-19T18:32:00+00:00,prs,1.564,-0.034235,0.149017,-0.038235,-0.187252
2026-09-19T18:33:00+00:00,prs,1.605,-0.032807,0.190017,-0.036807,-0.226824
2026-09-19T18:34:00+00:00,prs,1.5659999999999998,-0.031373,0.151017,-0.035372,-0.18639
2026-09-19T18:35:00+00:00,prs,1.548,-0.029931,0.133017,-0.033931,-0.166948
2026-09-19T18:36:00+00:00,prs,1.585,-0.028484,0.170017,-0.032484,-0.202501
2026-09-19T18:37:00+00:00,prs,1.6059999999999999,-0.02703,0.191017,-0.03103,-0.222047
2026-09-19T18:38:00+00:00,prs,1.593,-0.025569,0.178017,-0.029569,-0.207586
2026-09-19T18:39:00+00:00,prs,1.605,-0.024103,0.190017,-0.028103,-0.21812
2026-09-19T18:40:00+00:00,prs,1.608,-0.02263,0.193017,-0.02663,-0.219647
2026-09-19T18:41:00+00:00,prs,1.611,-0.021151,0.196017,-0.025151,-0.221168
2026-09-19T18:42:00+00:00,prs,1.623,-0.019667,0.208017,-0.023666,-0.231684
2026-09-19T18:43:00+00:00,prs,1.58,-0.018176,0.165017,-0.022176,-0.187193
2026-09-19T18:44:00+00:00,prs,1.6179999999999999,-0.01668,0.203017,-0.02068,-0.223697
2026-09-19T18:45:00+00:00,prs,1.639,-0.015178,0.224017,-0.019177,-0.243195
2026-09-19T18:46:00+00:00,prs,1.597,-0.01367,0.182017,-0.01767,-0.199687
2026-09-19T18:47:00+00:00,prs,1.611,-0.012157,0.196017,-0.016157,-0.212174
2026-09-19T18:48:00+00:00,prs,1.663,-0.010638,0.248017,-0.014638,-0.262655
2026-09-19T18:49:00+00:00,prs,1.6480000000000001,-0.009114,0.233017,-0.013114,-0.246131
2026-09-19T18:50:00+00:00,prs,1.6280000000000001,-0.007585,0.213017,-0.011585,-0.224602
2026-09-19T18:51:00+00:00,prs,1.6640000000000001,-0.00605,0.249017,-0.01005,-0.259067
2026-09-19T18:52:00+00:00,prs,1.6219999999999999,-0.004511,0.207017,-0.008511,-0.215528
2026-09-19T18:53:00+00:00,prs,1.6019999999999999,-0.002967,0.187017,-0.006966,-0.193983
2026-09-19T18:54:00+00:00,prs,1.608,-0.001417,0.193017,-0.005417,-0.198434
2026-09-19T18:55:00+00:00,prs,1.651,0.000137,0.236017,-0.003863,-0.23988
2026-09-19T18:56:00+00:00,prs,1.621,0.001696,0.206017,-0.002304,-0.208321
2026-09-19T18:57:00+00:00,prs,1.624,0.003259,0.209017,-0.000741,-0.209758
2026-09-19T18:58:00+00:00,prs,1.6640000000000001,0.004827,0.249017,0.000827,-0.24819
2026-09-19T18:59:00+00:00,prs,1.681,0.0064,0.266017,0.0024,-0.263617
2026-09-19T19:00:00+00:00,prs,1.641,0.007977,0.226017,0.003977,-0.22204
2026-09-19T19:01:00+00:00,prs,1.649,0.009558,0.234017,0.005558,-0.228459
2026-09-19T19:02:00+00:00,prs,1.671,0.011143,0.256017,0.007143,-0.248874
2026-09-19T19:03:00+00:00,prs,1.681,0.012732,0.266017,0.008732,-0.257285
2026-09-19T19:04:00+00:00,prs,1.646,0.014325,0.231017,0.010325,-0.220692
2026-09-19T19:05:00+00:00,prs,1.686,0.015922,0.271017,0.011922,-0.259095
2026-09-19T19:06:00+00:00,prs,1.645,0.017523,0.230017,0.013523,-0.216494
2026-09-19T19:07:00+00:00,prs,1.7,0.019128,0.285017,0.015128,-0.269889
2026-09-19T19:08:00+00:00,prs,1.635,0.020736,0.220017,0.016736,-0.203281
2026-09-19T19:09:00+00:00,prs,1.6949999999999998,0.022347,0.280017,0.018347,-0.26167
2026-09-19T19:10:00+00:00,prs,1.742,0.023962,0.327017,0.019962,-0.307055
2026-09-19T19:11:00+00:00,prs,1.7149999999999999,0.02558,0.300017,0.02158,-0.278437
2026-09-19T19:12:00+00:00,prs,1.6600000000000001,0.027202,0.245017,0.023202,-0.221815
2026-09-19T19:13:00+00:00,prs,1.717,0.028826,0.302017,0.024826,-0.277191
2026-09-19T19:14:00+00:00,prs,1.621,0.030454,0.206017,0.026454,-0.179563
2026-09-19T19:15:00+00:00,prs,1.717,0.032084,0.302017,0.028084,-0.273933
2026-09-19T19:16:00+00:00,prs,1.716,0.033717,0.301017,0.029717,-0.2713
2026-09-19T19:17:00+00:00,prs,1.7069999999999999,0.035353,0.292017,0.031353,-0.260664
2026-09-19T19:18:00+00:00,prs,1.687,0.036992,0.272017,0.032992,-0.239025
2026-09-19T19:19:00+00:00,prs,1.662,0.038632,0.247017,0.034633,-0.212385
2026-09-19T19:20:00+00:00,prs,1.7189999999999999,0.040276,0.304017,0.036276,-0.267741
2026-09-19T19:21:00+00:00,prs,1.725,0.041921,0.310017,0.037921,-0.272096
2026-09-19T19:22:00+00:00,prs,1.7309999999999999,0.043569,0.316017,0.039569,-0.276448
2026-09-19T19:23:00+00:00,prs,1.697,0.045219,0.282017,0.041219,-0.240798
2026-09-19T19:24:00+00:00,prs,1.722,0.046871,0.307017,0.042871,-0.264146
2026-09-19T19:25:00+00:00,prs,1.7850000000000001,0.048525,0.370017,0.044525,-0.325492
2026-09-19T19:26:00+00:00,prs,1.7189999999999999,0.05018,0.304017,0.04618,-0.257837
2026-09-19T19:27:00+00:00,prs,1.725,0.051837,0.310017,0.047837,-0.26218
2026-09-19T19:28:00+00:00,prs,1.729,0.053496,0.314017,0.049496,-0.264521
2026-09-19T19:29:00+00:00,prs,1.7269999999999999,0.055156,0.312017,0.051156,-0.260861
2026-09-19T19:30:00+00:00,prs,1.748,0.056818,0.333017,0.052818,-0.280199
2026-09-19T19:31:00+00:00,prs,1.7189999999999999,0.058481,0.304017,0.054481,-0.249536
2026-09-19T19:32:00+00:00,prs,1.7429999999999999,0.060145,0.328017,0.056145,-0.271872
2026-09-19T19:33:00+00:00,prs,1.76,0.06181,0.345017,0.05781,-0.287207
2026-09-19T19:34:00+00:00,prs,1.762,0.063476,0.347017,0.059476,-0.287541
2026-09-19T19:35:00+00:00,prs,1.693,0.065143,0.278017,0.061143,-0.216874
2026-09-19T19:36:00+00:00,prs,1.776,0.066811,0.361017,0.062811,-0.298206
2026-09-19T19:37:00+00:00,prs,1.7770000000000001,0.068479,0.362017,0.064479,-0.297538
2026-09-19T19:38:00+00:00,prs,1.764,0.070148,0.349017,0.066148,-0.282869
2026-09-19T19:39:00+00:00,prs,1.689,0.071817,0.274017,0.067817,-0.2062
2026-09-19T19:40:00+00:00,prs,1.7429999999999999,0.073487,0.328017,0.069487,-0.25853
2026-09-19T19:41:00+00:00,prs,1.7309999999999999,0.075157,0.316017,0.071157,-0.24486
2026-09-19T19:42:00+00:00,prs,1.702,0.076827,0.287017,0.072827,-0.21419
2026-09-19T19:43:00+00:00,prs,1.76,0.078497,0.345017,0.074497,-0.27052
2026-09-19T19:44:00+00:00,prs,1.79,0.080167,0.375017,0.076167,-0.29885
2026-09-19T19:45:00+00:00,prs,1.7389999999999999,0.081837,0.324017,0.077837,-0.24618
2026-09-19T19:46:00+00:00,prs,1.667,0.083506,0.252017,0.079506,-0.172511
2026-09-19T19:47:00+00:00,prs,1.755,0.085175,0.340017,0.081175,-0.258842
2026-09-19T19:48:00+00:00,prs,1.798,0.086844,0.383017,0.082844,-0.300173
2026-09-19T19:49:00+00:00,prs,1.736,0.088512,0.321017,0.084512,-0.236505
2026-09-19T19:50:00+00:00,prs,1.798,0.090179,0.383017,0.086179,-0.296838
2026-09-19T19:51:00+00:00,prs,1.749,0.091845,0.334017,0.087846,-0.246171
2026-09-19T19:52:00+00:00,prs,1.756,0.093511,0.341017,0.089511,-0.251506
2026-09-19T19:53:00+00:00,prs,1.7389999999999999,0.095176,0.324017,0.091176,-0.232841
2026-09-19T19:54:00+00:00,prs,1.751,0.096839,0.336017,0.092839,-0.243178
2026-09-19T19:55:00+00:00,prs,1.751,0.098501,0.336017,0.094501,-0.241516
2026-09-19T19:56:00+00:00,prs,1.73,0.100162,0.315017,0.096162,-0.218855
2026-09-19T19:57:00+00:00,prs,1.782,0.101821,0.367017,0.097821,-0.269196
2026-09-19T19:58:00+00:00,prs,1.754,0.103479,0.339017,0.099479,-0.239538
2026-09-19T19:59:00+00:00,prs,1.767,0.105135,0.352017,0.101135,-0.250882
2026-09-19T20:00:00+00:00,prs,1.75,0.10679,0.335017,0.10279,-0.232227
2026-09-19T20:01:00+00:00,prs,1.72,0.108442,0.305017,0.104442,-0.200575
2026-09-19T20:02:00+00:00,prs,1.7309999999999999,0.110093,0.316017,0.106093,-0.209924
2026-09-19T20:03:00+00:00,prs,1.763,0.111741,0.348017,0.107741,-0.240276
2026-09-19T20:04:00+00:00,prs,1.72,0.113387,0.305017,0.109388,-0.195629
2026-09-19T20:05:00+00:00,prs,1.722,0.115031,0.307017,0.111032,-0.195985
2026-09-19T20:06:00+00:00,prs,1.754,0.116673,0.339017,0.112673,-0.226344
2026-09-19T20:07:00+00:00,prs,1.7469999999999999,0.118312,0.332017,0.114312,-0.217705
2026-09-19T20:08:00+00:00,prs,1.779,0.119949,0.364017,0.115949,-0.248068
2026-09-19T20:09:00+00:00,prs,1.738,0.121583,0.323017,0.117583,-0.205434
2026-09-19T20:10:00+00:00,prs,1.782,0.123214,0.367017,0.119214,-0.247803
2026-09-19T20:11:00+00:00,prs,1.734,0.124842,0.319017,0.120842,-0.198175
2026-09-19T20:12:00+00:00,prs,1.799,0.126467,0.384017,0.122467,-0.26155
2026-09-19T20:13:00+00:00,prs,1.75,0.128089,0.335017,0.124089,-0.210928
2026-09-19T20:14:00+00:00,prs,1.798,0.129708,0.383017,0.125708,-0.257309
2026-09-19T20:15:00+00:00,prs,1.77,0.131323,0.355017,0.127323,-0.227694
2026-09-19T20:16:00+00:00,prs,1.795,0.132935,0.380017,0.128935,-0.251082
2026-09-19T20:17:00+00:00,prs,1.827,0.134543,0.412017,0.130543,-0.281474
2026-09-19T20:18:00+00:00,prs,1.7930000000000001,0.136148,0.378017,0.132148,-0.245869
2026-09-19T20:19:00+00:00,prs,1.77,0.137749,0.355017,0.133749,-0.221268
2026-09-19T20:20:00+00:00,prs,1.822,0.139346,0.407017,0.135346,-0.271671
2026-09-19T20:21:00+00:00,prs,1.7610000000000001,0.14094,0.346017,0.13694,-0.209077
2026-09-19T20:22:00+00:00,prs,1.758,0.142529,0.343017,0.138529,-0.204488
2026-09-19T20:23:00+00:00,prs,1.807,0.144114,0.392017,0.140114,-0.251903
2026-09-19T20:24:00+00:00,prs,1.795,0.145695,0.380017,0.141695,-0.238322
2026-09-19T20:25:00+00:00,prs,1.811,0.147271,0.396017,0.143271,-0.252746
2026-09-19T20:26:00+00:00,prs,1.7850000000000001,0.148843,0.370017,0.144843,-0.225174
2026-09-19T20:27:00+00:00,prs,1.806,0.150411,0.391017,0.146411,-0.244606
2026-09-19T20:28:00+00:00,prs,1.7850000000000001,0.151973,0.370017,0.147973,-0.222044
2026-09-19T20:29:00+00:00,prs,1.778,0.153531,0.363017,0.149531,-0.213486
2026-09-19T20:30:00+00:00,prs,1.815,0.155084,0.400017,0.151085,-0.248932
2026-09-19T20:31:00+00:00,prs,1.782,0.156633,0.367017,0.152633,-0.214384
2026-09-19T20:32:00+00:00,prs,1.807,0.158176,0.392017,0.154176,-0.237841
2026-09-19T20:33:00+00:00,prs,1.788,0.159714,0.373017,0.155714,-0.217303
2026-09-19T20:34:00+00:00,prs,1.808,0.161246,0.393017,0.157246,-0.235771
2026-09-19T20:35:00+00:00,prs,1.8050000000000002,0.162774,0.390017,0.158774,-0.231243
2026-09-19T20:36:00+00:00,prs,1.771,0.164295,0.356017,0.160296,-0.195721
2026-09-19T20:37:00+00:00,prs,1.737,0.165812,0.322017,0.161812,-0.160205
2026-09-19T20:38:00+00:00,prs,1.799,0.167322,0.384017,0.163322,-0.220695
2026-09-19T20:39:00+00:00,prs,1.7850000000000001,0.168827,0.370017,0.164827,-0.20519
2026-09-19T20:40:00+00:00,prs,1.787,0.170326,0.372017,0.166326,-0.205691
2026-09-19T20:41:00+00:00,prs,1.8010000000000002,0.171819,0.386017,0.167819,-0.218198
2026-09-19T20:42:00+00:00,prs,1.826,0.173306,0.411017,0.169306,-0.241711
2026-09-19T20:43:00+00:00,prs,1.8199999999999998,0.174787,0.405017,0.170787,-0.23423
2026-09-19T20:44:00+00:00,prs,1.7730000000000001,0.176262,0.358017,0.172262,-0.185755
2026-09-19T20:45:00+00:00,prs,1.778,0.17773,0.363017,0.17373,-0.189287
2026-09-19T20:46:00+00:00,prs,1.799,0.179192,0.384017,0.175192,-0.208825
2026-09-19T20:47:00+00:00,prs,1.7530000000000001,0.180647,0.338017,0.176647,-0.16137
2026-09-19T20:48:00+00:00,prs,1.8319999999999999,0.182096,0.417017,0.178096,-0.238921
2026-09-19T20:49:00+00:00,prs,1.8279999999999998,0.183538,0.413017,0.179538,-0.233479
2026-09-19T20:50:00+00:00,prs,1.758,0.184973,0.343017,0.180973,-0.162044
2026-09-19T20:51:00+00:00,prs,1.77,0.186401,0.355017,0.182401,-0.172616
2026-09-19T20:52:00+00:00,prs,1.7930000000000001,0.187822,0.378017,0.183822,-0.194195
2026-09-19T20:53:00+00:00,prs,1.796,0.189236,0.381017,0.185236,-0.195781
2026-09-19T20:54:00+00:00,prs,1.79,0.190643,0.375017,0.186643,-0.188374
2026-09-19T20:55:00+00:00,prs,1.866,0.192043,0.451017,0.188043,-0.262974
2026-09-19T20:56:00+00:00,prs,1.802,0.193435,0.387017,0.189435,-0.197582
2026-09-19T20:57:00+00:00,prs,1.863,0.194819,0.448017,0.19082,-0.257198
2026-09-19T20:58:00+00:00,prs,1.808,0.196197,0.393017,0.192197,-0.20082
2026-09-19T20:59:00+00:00,prs,1.808,0.197566,0.393017,0.193566,-0.199451
2026-09-19T21:00:00+00:00,prs,1.875,0.198928,0.460017,0.194928,-0.265089
2026-09-19T21:01:00+00:00,prs,1.775,0.200282,0.360017,0.196282,-0.163735
2026-09-19T21:02:00+00:00,prs,1.7970000000000002,0.201628,0.382017,0.197628,-0.184389
2026-09-19T21:03:00+00:00,prs,1.7930000000000001,0.202966,0.378017,0.198966,-0.179051
2026-09-19T21:04:00+00:00,prs,1.799,0.204296,0.384017,0.200296,-0.183721
2026-09-19T21:05:00+00:00,prs,1.7690000000000001,0.205618,0.354017,0.201618,-0.152399
2026-09-19T21:06:00+00:00,prs,1.827,0.206931,0.412017,0.202931,-0.209086
2026-09-19T21:07:00+00:00,prs,1.888,0.208236,0.473017,0.204236,-0.268781
2026-09-19T21:08:00+00:00,prs,1.822,0.209533,0.407017,0.205533,-0.201484
2026-09-19T21:09:00+00:00,prs,1.829,0.210821,0.414017,0.206821,-0.207196
2026-09-19T21:10:00+00:00,prs,1.812,0.2121,0.397017,0.208101,-0.188916
2026-09-19T21:11:00+00:00,prs,1.827,0.213371,0.412017,0.209371,-0.202646
2026-09-19T21:12:00+00:00,prs,1.766,0.214633,0.351017,0.210633,-0.140384
2026-09-19T21:13:00+00:00,prs,1.8519999999999999,0.215886,0.437017,0.211887,-0.225131
2026-09-19T21:14:00+00:00,prs,1.7810000000000001,0.217131,0.366017,0.213131,-0.152886
2026-09-19T21:15:00+00:00,prs,1.806,0.218366,0.391017,0.214366,-0.176651
2026-09-19T21:16:00+00:00,prs,1.814,0.219592,0.399017,0.215592,-0.183425
2026-09-19T21:17:00+00:00,prs,1.754,0.220809,0.339017,0.216809,-0.122208
2026-09-19T21:18:00+00:00,prs,1.846,0.222016,0.431017,0.218016,-0.213001
2026-09-19T21:19:00+00:00,prs,1.8199999999999998,0.223214,0.405017,0.219214,-0.185803
2026-09-19T21:20:00+00:00,prs,1.7690000000000001,0.224403,0.354017,0.220403,-0.133614
2026-09-19T21:21:00+00:00,prs,1.798,0.225582,0.383017,0.221582,-0.161435
2026-09-19T21:22:00+00:00,prs,1.8399999999999999,0.226752,0.425017,0.222752,-0.202265
2026-09-19T21:23:00+00:00,prs,1.8399999999999999,0.227912,0.425017,0.223912,-0.201105
2026-09-19T21:24:00+00:00,prs,1.771,0.229062,0.356017,0.225062,-0.130955
2026-09-19T21:25:00+00:00,prs,1.8159999999999998,0.230202,0.401017,0.226202,-0.174815
2026-09-19T21:26:00+00:00,prs,1.771,0.231333,0.356017,0.227333,-0.128684
2026-09-19T21:27:00+00:00,prs,1.847,0.232453,0.432017,0.228453,-0.203564
2026-09-19T21:28:00+00:00,prs,1.775,0.233564,0.360017,0.229564,-0.130453
2026-09-19T21:29:00+00:00,prs,1.798,0.234664,0.383017,0.230664,-0.152353
2026-09-19T21:30:00+00:00,prs,1.827,0.235754,0.412017,0.231754,-0.180263
2026-09-19T21:31:00+00:00,prs,1.804,0.236834,0.389017,0.232834,-0.156183
2026-09-19T21:32:00+00:00,prs,1.748,0.237903,0.333017,0.233903,-0.099114
2026-09-19T21:33:00+00:00,prs,1.838,0.238962,0.423017,0.234962,-0.188055
2026-09-19T21:34:00+00:00,prs,1.7770000000000001,0.24001,0.362017,0.23601,-0.126007
2026-09-19T21:35:00+00:00,prs,1.8,0.241048,0.385017,0.237048,-0.147969
2026-09-19T21:36:00+00:00,prs,1.774,0.242076,0.359017,0.238076,-0.120941
2026-09-19T21:37:00+00:00,prs,1.8199999999999998,0.243092,0.405017,0.239092,-0.165925
2026-09-19T21:38:00+00:00,prs,1.8159999999999998,0.244098,0.401017,0.240098,-0.160919
2026-09-19T21:39:00+00:00,prs,1.748,0.245093,0.333017,0.241093,-0.091924
2026-09-19T21:40:00+00:00,prs,1.786,0.246077,0.371017,0.242077,-0.12894
2026-09-19T21:41:00+00:00,prs,1.788,0.24705,0.373017,0.24305,-0.129967
2026-09-19T21:42:00+00:00,prs,1.798,0.248012,0.383017,0.244012,-0.139005
2026-09-19T21:43:00+00:00,prs,1.812,0.248963,0.397017,0.244963,-0.152054
2026-09-19T21:44:00+00:00,prs,1.79,0.249902,0.375017,0.245902,-0.129115
2026-09-19T21:45:00+00:00,prs,1.709,0.250831,0.294017,0.246831,-0.047186
2026-09-19T21:46:00+00:00,prs,1.759,0.251748,0.344017,0.247748,-0.096269
2026-09-19T21:47:00+00:00,prs,1.688,0.252654,0.273017,0.248654,-0.024363
2026-09-19T21:48:00+00:00,prs,1.784,0.253548,0.369017,0.249548,-0.119469
2026-09-19T21:49:00+00:00,prs,1.784,0.254431,0.369017,0.250431,-0.118586
2026-09-19T21:50:00+00:00,prs,1.786,0.255302,0.371017,0.251302,-0.119715
2026-09-19T21:51:00+00:00,prs,1.768,0.256162,0.353017,0.252162,-0.100855
2026-09-19T21:52:00+00:00,prs,1.758,0.25701,0.343017,0.25301,-0.090007
2026-09-19T21:53:00+00:00,prs,1.76,0.257846,0.345017,0.253846,-0.091171
2026-09-19T21:54:00+00:00,prs,1.8090000000000002,0.25867,0.394017,0.254671,-0.139347
2026-09-19T21:55:00+00:00,prs,1.7349999999999999,0.259483,0.320017,0.255483,-0.064534
2026-09-19T21:56:00+00:00,prs,1.768,0.260284,0.353017,0.256284,-0.096733
2026-09-19T21:57:00+00:00,prs,1.821,0.261073,0.406017,0.257073,-0.148944
2026-09-19T21:58:00+00:00,prs,1.758,0.261849,0.343017,0.25785,-0.085168
2026-09-19T21:59:00+00:00,prs,1.742,0.262614,0.327017,0.258614,-0.068403
2026-09-19T22:00:00+00:00,prs,1.74,0.263367,0.325017,0.259367,-0.06565
2026-09-19T22:01:00+00:00,prs,1.7429999999999999,0.264107,0.328017,0.260107,-0.06791
2026-09-19T22:02:00+00:00,prs,1.754,0.264835,0.339017,0.260836,-0.078182
2026-09-19T22:03:00+00:00,prs,1.796,0.265551,0.381017,0.261552,-0.119466
2026-09-19T22:04:00+00:00,prs,1.7850000000000001,0.266255,0.370017,0.262255,-0.107762
2026-09-19T22:05:00+00:00,prs,1.78,0.266946,0.365017,0.262946,-0.102071
2026-09-19T22:06:00+00:00,prs,1.7389999999999999,0.267625,0.324017,0.263625,-0.060392
2026-09-19T22:07:00+00:00,prs,1.804,0.268292,0.389017,0.264292,-0.124725
2026-09-19T22:08:00+00:00,prs,1.752,0.268945,0.337017,0.264946,-0.072071
2026-09-19T22:09:00+00:00,prs,1.7610000000000001,0.269587,0.346017,0.265587,-0.08043
2026-09-19T22:10:00+00:00,prs,1.756,0.270216,0.341017,0.266216,-0.074801
2026-09-19T22:11:00+00:00,prs,1.827,0.270832,0.412017,0.266832,-0.145185
2026-09-19T22:12:00+00:00,prs,1.7850000000000001,0.271435,0.370017,0.267435,-0.102582
2026-09-19T22:13:00+00:00,prs,1.7770000000000001,0.272026,0.362017,0.268026,-0.093991
2026-09-19T22:14:00+00:00,prs,1.771,0.272604,0.356017,0.268604,-0.087413
2026-09-19T22:15:00+00:00,prs,1.74,0.273169,0.325017,0.269169,-0.055848
2026-09-19T22:16:00+00:00,prs,1.819,0.273721,0.404017,0.269721,-0.134296
2026-09-19T22:17:00+00:00,prs,1.756,0.27426,0.341017,0.27026,-0.070757
2026-09-19T22:18:00+00:00,prs,1.79,0.274787,0.375017,0.270787,-0.10423
2026-09-19T22:19:00+00:00,prs,1.7349999999999999,0.2753,0.320017,0.2713,-0.048717
2026-09-19T22:20:00+00:00,prs,1.8090000000000002,0.2758,0.394017,0.2718,-0.122217
2026-09-19T22:21:00+00:00,prs,1.718,0.276288,0.303017,0.272288,-0.030729
2026-09-19T22:22:00+00:00,prs,1.7730000000000001,0.276762,0.358017,0.272762,-0.085255
2026-09-19T22:23:00+00:00,prs,1.728,0.277223,0.313017,0.273223,-0.039794
2026-09-19T22:24:00+00:00,prs,1.7109999999999999,0.277671,0.296017,0.273671,-0.022346
2026-09-19T22:25:00+00:00,prs,1.74,0.278106,0.325017,0.274106,-0.050911
2026-09-19T22:26:00+00:00,prs,1.7730000000000001,0.278528,0.358017,0.274528,-0.083489
2026-09-19T22:27:00+00:00,prs,1.772,0.278936,0.357017,0.274936,-0.082081
2026-09-19T22:28:00+00:00,prs,1.772,0.279331,0.357017,0.275331,-0.081686
2026-09-19T22:29:00+00:00,prs,1.716,0.279713,0.301017,0.275713,-0.025304
2026-09-19T22:30:00+00:00,prs,1.71,0.280081,0.295017,0.276081,-0.018936
2026-09-19T22:31:00+00:00,prs,1.7429999999999999,0.280436,0.328017,0.276437,-0.05158
2026-09-19T22:32:00+00:00,prs,1.732,0.280778,0.317017,0.276778,-0.040239
2026-09-19T22:33:00+00:00,prs,1.742,0.281107,0.327017,0.277107,-0.04991
2026-09-19T22:34:00+00:00,prs,1.806,0.281421,0.391017,0.277421,-0.113596
2026-09-19T22:35:00+00:00,prs,1.77,0.281723,0.355017,0.277723,-0.077294
2026-09-19T22:36:00+00:00,prs,1.796,0.282011,0.381017,0.278011,-0.103006
2026-09-19T22:37:00+00:00,prs,1.75,0.282285,0.335017,0.278285,-0.056732
2026-09-19T22:38:00+00:00,prs,1.7650000000000001,0.282546,0.350017,0.278546,-0.071471
2026-09-19T22:39:00+00:00,prs,1.734,0.282793,0.319017,0.278793,-0.040224
2026-09-19T22:40:00+00:00,prs,1.772,0.283027,0.357017,0.279027,-0.07799
2026-09-19T22:41:00+00:00,prs,1.714,0.283247,0.299017,0.279247,-0.01977
2026-09-19T22:42:00+00:00,prs,1.737,0.283454,0.322017,0.279454,-0.042563
2026-09-19T22:43:00+00:00,prs,1.712,0.283647,0.297017,0.279647,-0.01737
2026-09-19T22:44:00+00:00,prs,1.788,0.283826,0.373017,0.279826,-0.093191
2026-09-19T22:45:00+00:00,prs,1.741,0.283992,0.326017,0.279992,-0.046025
2026-09-19T22:46:00+00:00,prs,1.749,0.284143,0.334017,0.280144,-0.053873
2026-09-19T22:47:00+00:00,prs,1.751,0.284282,0.336017,0.280282,-0.055735
2026-09-19T22:48:00+00:00,prs,1.772,0.284406,0.357017,0.280406,-0.076611
2026-09-19T22:49:00+00:00,prs,1.78,0.284517,0.365017,0.280517,-0.0845
2026-09-19T22:50:00+00:00,prs,1.7570000000000001,0.284614,0.342017,0.280614,-0.061403
2026-09-19T22:51:00+00:00,prs,1.738,0.284698,0.323017,0.280698,-0.042319
2026-09-19T22:52:00+00:00,prs,1.709,0.284767,0.294017,0.280767,-0.01325
2026-09-19T22:53:00+00:00,prs,1.758,0.284823,0.343017,0.280823,-0.062194
2026-09-19T22:54:00+00:00,prs,1.706,0.284865,0.291017,0.280865,-0.010152
2026-09-19T22:55:00+00:00,prs,1.734,0.284894,0.319017,0.280894,-0.038123
2026-09-19T22:56:00+00:00,prs,1.728,0.284908,0.313017,0.280908,-0.032109
2026-09-19T22:57:00+00:00,prs,1.778,0.284909,0.363017,0.280909,-0.082108
2026-09-19T22:58:00+00:00,prs,1.7069999999999999,0.284896,0.292017,0.280896,-0.011121
2026-09-19T22:59:00+00:00,prs,1.772,0.284869,0.357017,0.280869,-0.076148
2026-09-19T23:00:00+00:00,prs,1.733,0.284829,0.318017,0.280829,-0.037188
2026-09-19T23:01:00+00:00,prs,1.748,0.284774,0.333017,0.280774,-0.052243
2026-09-19T23:02:00+00:00,prs,1.722,0.284706,0.307017,0.280706,-0.026311
2026-09-19T23:03:00+00:00,prs,1.713,0.284624,0.298017,0.280624,-0.017393
2026-09-19T23:04:00+00:00,prs,1.74,0.284529,0.325017,0.280529,-0.044488
2026-09-19T23:05:00+00:00,prs,1.7429999999999999,0.284419,0.328017,0.280419,-0.047598
2026-09-19T23:06:00+00:00,prs,1.733,0.284296,0.318017,0.280296,-0.037721
2026-09-19T23:07:00+00:00,prs,1.716,0.284159,0.301017,0.280159,-0.020858
2026-09-19T23:08:00+00:00,prs,1.722,0.284008,0.307017,0.280008,-0.027009
2026-09-19T23:09:00+00:00,prs,1.698,0.283843,0.283017,0.279843,-0.003174
2026-09-19T23:10:00+00:00,prs,1.76,0.283665,0.345017,0.279665,-0.065352
2026-09-19T23:11:00+00:00,prs,1.6680000000000001,0.283473,0.253017,0.279473,0.026456
2026-09-19T23:12:00+00:00,prs,1.7189999999999999,0.283267,0.304017,0.279267,-0.02475
2026-09-19T23:13:00+00:00,prs,1.716,0.283047,0.301017,0.279047,-0.02197
2026-09-19T23:14:00+00:00,prs,1.7069999999999999,0.282814,0.292017,0.278814,-0.013203
2026-09-19T23:15:00+00:00,prs,1.718,0.282567,0.303017,0.278567,-0.02445
2026-09-19T23:16:00+00:00,prs,1.729,0.282306,0.314017,0.278306,-0.035711
2026-09-19T23:17:00+00:00,prs,1.662,0.282031,0.247017,0.278031,0.031014
2026-09-19T23:18:00+00:00,prs,1.675,0.281743,0.260017,0.277743,0.017726
2026-09-19T23:19:00+00:00,prs,1.679,0.281441,0.264017,0.277441,0.013424
2026-09-19T23:20:00+00:00,prs,1.7069999999999999,0.281126,0.292017,0.277126,-0.014891
2026-09-19T23:21:00+00:00,prs,1.683,0.280796,0.268017,0.276797,0.008779
2026-09-19T23:22:00+00:00,prs,1.698,0.280454,0.283017,0.276454,-0.006563
2026-09-19T23:23:00+00:00,prs,1.687,0.280097,0.272017,0.276097,0.00408
2026-09-19T23:24:00+00:00,prs,1.677,0.279727,0.262017,0.275727,0.01371
2026-09-19T23:25:00+00:00,prs,1.692,0.279344,0.277017,0.275344,-0.001673
2026-09-19T23:26:00+00:00,prs,1.663,0.278947,0.248017,0.274947,0.02693
2026-09-19T23:27:00+00:00,prs,1.663,0.278536,0.248017,0.274536,0.026519
2026-09-19T23:28:00+00:00,prs,1.6800000000000002,0.278112,0.265017,0.274112,0.009095
2026-09-19T23:29:00+00:00,prs,1.685,0.277674,0.270017,0.273674,0.003657
2026-09-19T23:30:00+00:00,prs,1.65,0.277223,0.235017,0.273223,0.038206
2026-09-19T23:31:00+00:00,prs,1.6909999999999998,0.276759,0.276017,0.272759,-0.003258
2026-09-19T23:32:00+00:00,prs,1.6480000000000001,0.276281,0.233017,0.272281,0.039264
2026-09-19T23:33:00+00:00,prs,1.642,0.27579,0.227017,0.27179,0.044773
2026-09-19T23:34:00+00:00,prs,1.655,0.275285,0.240017,0.271285,0.031268
2026-09-19T23:35:00+00:00,prs,1.7029999999999998,0.274767,0.288017,0.270767,-0.01725
2026-09-19T23:36:00+00:00,prs,1.689,0.274236,0.274017,0.270236,-0.003781
2026-09-19T23:37:00+00:00,prs,1.665,0.273691,0.250017,0.269691,0.019674
2026-09-19T23:38:00+00:00,prs,1.6760000000000002,0.273134,0.261017,0.269134,0.008117
2026-09-19T23:39:00+00:00,prs,1.677,0.272563,0.262017,0.268563,0.006546
2026-09-19T23:40:00+00:00,prs,1.6680000000000001,0.271979,0.253017,0.267979,0.014962
2026-09-19T23:41:00+00:00,prs,1.662,0.271381,0.247017,0.267381,0.020364
2026-09-19T23:42:00+00:00,prs,1.655,0.270771,0.240017,0.266771,0.026754
2026-09-19T23:43:00+00:00,prs,1.671,0.270148,0.256017,0.266148,0.010131
2026-09-19T23:44:00+00:00,prs,1.682,0.269511,0.267017,0.265511,-0.001506
2026-09-19T23:45:00+00:00,prs,1.629,0.268862,0.214017,0.264862,0.050845
2026-09-19T23:46:00+00:00,prs,1.625,0.268199,0.210017,0.264199,0.054182
2026-09-19T23:47:00+00:00,prs,1.663,0.267524,0.248017,0.263524,0.015507
2026-09-19T23:48:00+00:00,prs,1.692,0.266836,0.277017,0.262836,-0.014181
2026-09-19T23:49:00+00:00,prs,1.624,0.266134,0.209017,0.262135,0.053118
2026-09-19T23:50:00+00:00,prs,1.6059999999999999,0.265421,0.191017,0.261421,0.070404
2026-09-19T23:51:00+00:00,prs,1.623,0.264694,0.208017,0.260694,0.052677
2026-09-19T23:52:00+00:00,prs,1.663,0.263955,0.248017,0.259955,0.011938
2026-09-19T23:53:00+00:00,prs,1.625,0.263203,0.210017,0.259203,0.049186
2026-09-19T23:54:00+00:00,prs,1.667,0.262438,0.252017,0.258438,0.006421
2026-09-19T23:55:00+00:00,prs,1.6720000000000002,0.261661,0.257017,0.257661,0.000644
2026-09-19T23:56:00+00:00,prs,1.63,0.260871,0.215017,0.256871,0.041854
2026-09-19T23:57:00+00:00,prs,1.659,0.260068,0.244017,0.256069,0.012051
2026-09-19T23:58:00+00:00,prs,1.6179999999999999,0.259254,0.203017,0.255254,0.052237
2026-09-19T23:59:00+00:00,prs,1.655,0.258427,0.240017,0.254427,0.01441
2026-09-20T00:00:00+00:00,prs,1.603,0.257587,0.188017,0.253587,0.06557
2026-09-20T00:01:00+00:00,prs,1.669,0.256735,0.254017,0.252735,-0.001282
2026-09-20T00:02:00+00:00,prs,1.671,0.255871,0.256017,0.251871,-0.004146
2026-09-20T00:03:00+00:00,prs,1.579,0.254995,0.164017,0.250995,0.086978
2026-09-20T00:04:00+00:00,prs,1.63,0.254106,0.215017,0.250106,0.035089
2026-09-20T00:05:00+00:00,prs,1.601,0.253206,0.186017,0.249206,0.063189
2026-09-20T00:06:00+00:00,prs,1.6059999999999999,0.252293,0.191017,0.248293,0.057276
2026-09-20T00:07:00+00:00,prs,1.593,0.251369,0.178017,0.247369,0.069352
2026-09-20T00:08:00+00:00,prs,1.604,0.250432,0.189017,0.246432,0.057415
2026-09-20T00:09:00+00:00,prs,1.616,0.249484,0.201017,0.245484,0.044467
2026-09-20T00:10:00+00:00,prs,1.6179999999999999,0.248523,0.203017,0.244524,0.041506
2026-09-20T00:11:00+00:00,prs,1.6680000000000001,0.247551,0.253017,0.243552,-0.009466
2026-09-20T00:12:00+00:00,prs,1.5939999999999999,0.246568,0.179017,0.242568,0.063551
2026-09-20T00:13:00+00:00,prs,1.6179999999999999,0.245572,0.203017,0.241572,0.038555
2026-09-20T00:14:00+00:00,prs,1.581,0.244565,0.166017,0.240565,0.074548
2026-09-20T00:15:00+00:00,prs,1.561,0.243547,0.146017,0.239547,0.09353
2026-09-20T00:16:00+00:00,prs,1.595,0.242517,0.180017,0.238517,0.0585
2026-09-20T00:17:00+00:00,prs,1.587,0.241475,0.172017,0.237475,0.065458
2026-09-20T00:18:00+00:00,prs,1.591,0.240423,0.176017,0.236423,0.060406
2026-09-20T00:19:00+00:00,prs,1.608,0.239359,0.193017,0.235359,0.042342
2026-09-20T00:20:00+00:00,prs,1.576,0.238283,0.161017,0.234283,0.073266
2026-09-20T00:21:00+00:00,prs,1.572,0.237197,0.157017,0.233197,0.07618
2026-09-20T00:22:00+00:00,prs,1.553,0.236099,0.138017,0.232099,0.094082
2026-09-20T00:23:00+00:00,prs,1.6,0.234991,0.185017,0.230991,0.045974
2026-09-20T00:24:00+00:00,prs,1.5939999999999999,0.233871,0.179017,0.229871,0.050854
2026-09-20T00:25:00+00:00,prs,1.6059999999999999,0.232741,0.191017,0.228741,0.037724
2026-09-20T00:26:00+00:00,prs,1.608,0.231599,0.193017,0.227599,0.034582
2026-09-20T00:27:00+00:00,prs,1.549,0.230447,0.134017,0.226447,0.09243
2026-09-20T00:28:00+00:00,prs,1.579,0.229285,0.164017,0.225285,0.061268
2026-09-20T00:29:00+00:00,prs,1.562,0.228111,0.147017,0.224111,0.077094
2026-09-20T00:30:00+00:00,prs,1.562,0.226927,0.147017,0.222927,0.07591
2026-09-20T00:31:00+00:00,prs,1.5659999999999998,0.225733,0.151017,0.221733,0.070716
2026-09-20T00:32:00+00:00,prs,1.571,0.224528,0.156017,0.220528,0.064511
2026-09-20T00:33:00+00:00,prs,1.546,0.223313,0.131017,0.219313,0.088296
2026-09-20T00:34:00+00:00,prs,1.548,0.222087,0.133017,0.218087,0.08507
2026-09-20T00:35:00+00:00,prs,1.546,0.220852,0.131017,0.216852,0.085835
2026-09-20T00:36:00+00:00,prs,1.525,0.219606,0.110017,0.215606,0.105589
2026-09-20T00:37:00+00:00,prs,1.524,0.21835,0.109017,0.21435,0.105333
2026-09-20T00:38:00+00:00,prs,1.52,0.217084,0.105017,0.213084,0.108067
2026-09-20T00:39:00+00:00,prs,1.5310000000000001,0.215808,0.116017,0.211809,0.095791
2026-09-20T00:40:00+00:00,prs,1.544,0.214523,0.129017,0.210523,0.081506
2026-09-20T00:41:00+00:00,prs,1.518,0.213228,0.103017,0.209228,0.106211
2026-09-20T00:42:00+00:00,prs,1.521,0.211923,0.106017,0.207923,0.101906
2026-09-20T00:43:00+00:00,prs,1.504,0.210608,0.089017,0.206608,0.117591
2026-09-20T00:44:00+00:00,prs,1.549,0.209284,0.134017,0.205284,0.071267
2026-09-20T00:45:00+00:00,prs,1.478,0.207951,0.063017,0.203951,0.140934
2026-09-20T00:46:00+00:00,prs,1.5150000000000001,0.206608,0.100017,0.202608,0.102591
2026-09-20T00:47:00+00:00,prs,1.55,0.205256,0.135017,0.201256,0.066239
2026-09-20T00:48:00+00:00,prs,1.47,0.203894,0.055017,0.199894,0.144877
2026-09-20T00:49:00+00:00,prs,1.517,0.202524,0.102017,0.198524,0.096507
2026-09-20T00:50:00+00:00,prs,1.484,0.201144,0.069017,0.197145,0.128127
2026-09-20T00:51:00+00:00,prs,1.494,0.199756,0.079017,0.195756,0.116739
2026-09-20T00:52:00+00:00,prs,1.475,0.198359,0.060017,0.194359,0.134342
2026-09-20T00:53:00+00:00,prs,1.5270000000000001,0.196953,0.112017,0.192953,0.080936
2026-09-20T00:54:00+00:00,prs,1.4849999999999999,0.195538,0.070017,0.191538,0.121521
2026-09-20T00:55:00+00:00,prs,1.496,0.194115,0.081017,0.190115,0.109098
2026-09-20T00:56:00+00:00,prs,1.455,0.192683,0.040017,0.188683,0.148666
2026-09-20T00:57:00+00:00,prs,1.467,0.191243,0.052017,0.187243,0.135226
2026-09-20T00:58:00+00:00,prs,1.447,0.189794,0.032017,0.185794,0.153777
2026-09-20T00:59:00+00:00,prs,1.465,0.188337,0.050017,0.184337,0.13432
2026-09-20T01:00:00+00:00,prs,1.47,0.186872,0.055017,0.182872,0.127855
2026-09-20T01:01:00+00:00,prs,1.439,0.185399,0.024017,0.181399,0.157382
2026-09-20T01:02:00+00:00,prs,1.49,0.183918,0.075017,0.179918,0.104901
2026-09-20T01:03:00+00:00,prs,1.482,0.182428,0.067017,0.178429,0.111411
2026-09-20T01:04:00+00:00,prs,1.479,0.180931,0.064017,0.176932,0.112915
2026-09-20T01:05:00+00:00,prs,1.451,0.179427,0.036017,0.175427,0.13941
2026-09-20T01:06:00+00:00,prs,1.475,0.177915,0.060017,0.173915,0.113898
2026-09-20T01:07:00+00:00,prs,1.437,0.176395,0.022017,0.172395,0.150378
2026-09-20T01:08:00+00:00,prs,1.458,0.174867,0.043017,0.170867,0.12785
2026-09-20T01:09:00+00:00,prs,1.451,0.173333,0.036017,0.169333,0.133316
2026-09-20T01:10:00+00:00,prs,1.422,0.171791,0.007017,0.167791,0.160774
2026-09-20T01:11:00+00:00,prs,1.468,0.170241,0.053017,0.166242,0.113224
2026-09-20T01:12:00+00:00,prs,1.408,0.168685,-0.006983,0.164685,0.171668
2026-09-20T01:13:00+00:00,prs,1.446,0.167122,0.031017,0.163122,0.132105
2026-09-20T01:14:00+00:00,prs,1.426,0.165552,0.011017,0.161552,0.150535
2026-09-20T01:15:00+00:00,prs,1.417,0.163975,0.002017,0.159975,0.157958
2026-09-20T01:16:00+00:00,prs,1.444,0.162391,0.029017,0.158391,0.129374
2026-09-20T01:17:00+00:00,prs,1.419,0.160801,0.004017,0.156801,0.152784
2026-09-20T01:18:00+00:00,prs,1.426,0.159204,0.011017,0.155204,0.144187
2026-09-20T01:19:00+00:00,prs,1.422,0.1576,0.007017,0.1536,0.146583
2026-09-20T01:20:00+00:00,prs,1.431,0.155991,0.016017,0.151991,0.135974
2026-09-20T01:21:00+00:00,prs,1.409,0.154375,-0.005983,0.150375,0.156358
2026-09-20T01:22:00+00:00,prs,1.423,0.152753,0.008017,0.148753,0.140736
2026-09-20T01:23:00+00:00,prs,1.419,0.151125,0.004017,0.147125,0.143108
2026-09-20T01:24:00+00:00,prs,1.412,0.14949,-0.002983,0.145491,0.148473
2026-09-20T01:25:00+00:00,prs,1.44,0.14785,0.025017,0.143851,0.118834
2026-09-20T01:26:00+00:00,prs,1.3980000000000001,0.146205,-0.016983,0.142205,0.159188
2026-09-20T01:27:00+00:00,prs,1.389,0.144553,-0.025983,0.140553,0.166536
2026-09-20T01:28:00+00:00,prs,1.421,0.142896,0.006017,0.138897,0.132879
2026-09-20T01:29:00+00:00,prs,1.391,0.141234,-0.023983,0.137234,0.161217
2026-09-20T01:30:00+00:00,prs,1.383,0.139566,-0.031983,0.135566,0.167549
2026-09-20T01:31:00+00:00,prs,1.3639999999999999,0.137893,-0.050983,0.133893,0.184876
2026-09-20T01:32:00+00:00,prs,1.375,0.136215,-0.039983,0.132215,0.172198
2026-09-20T01:33:00+00:00,prs,1.361,0.134532,-0.053983,0.130532,0.184515
2026-09-20T01:34:00+00:00,prs,1.339,0.132843,-0.075983,0.128844,0.204826
2026-09-20T01:35:00+00:00,prs,1.3479999999999999,0.13115,-0.066983,0.12715,0.194133
2026-09-20T01:36:00+00:00,prs,1.381,0.129452,-0.033983,0.125453,0.159435
2026-09-20T01:37:00+00:00,prs,1.374,0.12775,-0.040983,0.12375,0.164733
2026-09-20T01:38:00+00:00,prs,1.359,0.126043,-0.055983,0.122043,0.178026
2026-09-20T01:39:00+00:00,prs,1.34,0.124331,-0.074983,0.120331,0.195314
2026-09-20T01:40:00+00:00,prs,1.349,0.122615,-0.065983,0.118615,0.184598
2026-09-20T01:41:00+00:00,prs,1.308,0.120895,-0.106983,0.116895,0.223878
2026-09-20T01:42:00+00:00,prs,1.383,0.11917,-0.031983,0.115171,0.147153
2026-09-20T01:43:00+00:00,prs,1.363,0.117442,-0.051983,0.113442,0.165425
2026-09-20T01:44:00+00:00,prs,1.37,0.11571,-0.044983,0.11171,0.156693
2026-09-20T01:45:00+00:00,prs,1.3439999999999999,0.113973,-0.070983,0.109973,0.180956
2026-09-20T01:46:00+00:00,prs,1.363,0.112233,-0.051983,0.108233,0.160216
2026-09-20T01:47:00+00:00,prs,1.332,0.11049,-0.082983,0.10649,0.189473
2026-09-20T01:48:00+00:00,prs,1.334,0.108742,-0.080983,0.104742,0.185725
2026-09-20T01:49:00+00:00,prs,1.342,0.106992,-0.072983,0.102992,0.175975
2026-09-20T01:50:00+00:00,prs,1.334,0.105238,-0.080983,0.101238,0.182221
2026-09-20T01:51:00+00:00,prs,1.325,0.10348,-0.089983,0.09948,0.189463
2026-09-20T01:52:00+00:00,prs,1.334,0.10172,-0.080983,0.09772,0.178703
2026-09-20T01:53:00+00:00,prs,1.295,0.099957,-0.119983,0.095957,0.21594
2026-09-20T01:54:00+00:00,prs,1.334,0.09819,-0.080983,0.09419,0.175173
2026-09-20T01:55:00+00:00,prs,1.304,0.096421,-0.110983,0.092421,0.203404
2026-09-20T01:56:00+00:00,prs,1.313,0.094649,-0.101983,0.090649,0.192632
2026-09-20T01:57:00+00:00,prs,1.34,0.092875,-0.074983,0.088875,0.163858
2026-09-20T01:58:00+00:00,prs,1.308,0.091097,-0.106983,0.087098,0.194081
2026-09-20T01:59:00+00:00,prs,1.306,0.089318,-0.108983,0.085318,0.194301
2026-09-20T02:00:00+00:00,prs,1.283,0.087536,-0.131983,0.083536,0.215519
2026-09-20T02:01:00+00:00,prs,1.285,0.085752,-0.129983,0.081752,0.211735
2026-09-20T02:02:00+00:00,prs,1.31,0.083966,-0.104983,0.079966,0.184949
2026-09-20T02:03:00+00:00,prs,1.278,0.082178,-0.136983,0.078178,0.215161
2026-09-20T02:04:00+00:00,prs,1.307,0.080388,-0.107983,0.076388,0.184371
2026-09-20T02:05:00+00:00,prs,1.301,0.078597,-0.113983,0.074597,0.18858
2026-09-20T02:06:00+00:00,prs,1.317,0.076803,-0.097983,0.072803,0.170786
2026-09-20T02:07:00+00:00,prs,1.297,0.075008,-0.117983,0.071008,0.188991
2026-09-20T02:08:00+00:00,prs,1.2770000000000001,0.073212,-0.137983,0.069212,0.207195
2026-09-20T02:09:00+00:00,prs,1.267,0.071414,-0.147983,0.067414,0.215397
2026-09-20T02:10:00+00:00,prs,1.259,0.069615,-0.155983,0.065615,0.221598
2026-09-20T02:11:00+00:00,prs,1.31,0.067815,-0.104983,0.063815,0.168798
2026-09-20T02:12:00+00:00,prs,1.285,0.066013,-0.129983,0.062014,0.191997
2026-09-20T02:13:00+00:00,prs,1.299,0.064211,-0.115983,0.060211,0.176194
2026-09-20T02:14:00+00:00,prs,1.2469999999999999,0.062408,-0.167983,0.058408,0.226391
2026-09-20T02:15:00+00:00,prs,1.256,0.060604,-0.158983,0.056605,0.215587
2026-09-20T02:16:00+00:00,prs,1.27,0.0588,-0.144983,0.0548,0.199783
2026-09-20T02:18:00+00:00,prs,1.222,0.05519,-0.192983,0.05119,0.244173
2026-09-20T02:19:00+00:00,prs,1.248,0.053384,-0.166983,0.049384,0.216367
2026-09-20T02:20:00+00:00,prs,1.2349999999999999,0.051578,-0.179983,0.047578,0.227561
2026-09-20T02:21:00+00:00,prs,1.244,0.049772,-0.170983,0.045772,0.216755
2026-09-20T02:22:00+00:00,prs,1.224,0.047966,-0.190983,0.043966,0.234949
2026-09-20T02:23:00+00:00,prs,1.255,0.04616,-0.159983,0.04216,0.202143
2026-09-20T02:24:00+00:00,prs,1.222,0.044354,-0.192983,0.040355,0.233337
2026-09-20T02:25:00+00:00,prs,1.231,0.042549,-0.183983,0.038549,0.222532
2026-09-20T02:26:00+00:00,prs,1.237,0.040744,-0.177983,0.036744,0.214727
2026-09-20T02:27:00+00:00,prs,1.233,0.03894,-0.181983,0.03494,0.216923
2026-09-20T02:28:00+00:00,prs,1.248,0.037136,-0.166983,0.033136,0.200119
2026-09-20T02:29:00+00:00,prs,1.213,0.035332,-0.201983,0.031333,0.233316
2026-09-20T02:30:00+00:00,prs,1.24,0.03353,-0.174983,0.02953,0.204513
2026-09-20T02:31:00+00:00,prs,1.259,0.031729,-0.155983,0.027729,0.183712
2026-09-20T02:32:00+00:00,prs,1.224,0.029928,-0.190983,0.025928,0.216911
2026-09-20T02:33:00+00:00,prs,1.224,0.028129,-0.190983,0.024129,0.215112
2026-09-20T02:34:00+00:00,prs,1.204,0.026331,-0.210983,0.022331,0.233314
2026-09-20T02:35:00+00:00,prs,1.207,0.024534,-0.207983,0.020534,0.228517
2026-09-20T02:36:00+00:00,prs,1.221,0.022739,-0.193983,0.018739,0.212722
2026-09-20T02:37:00+00:00,prs,1.226,0.020945,-0.188983,0.016946,0.205928
2026-09-20T02:38:00+00:00,prs,1.205,0.019153,-0.209983,0.015153,0.225136
2026-09-20T02:39:00+00:00,prs,1.209,0.017363,-0.205983,0.013363,0.219346
2026-09-20T02:40:00+00:00,prs,1.194,0.015575,-0.220983,0.011575,0.232558
2026-09-20T02:41:00+00:00,prs,1.197,0.013788,-0.217983,0.009788,0.227771
2026-09-20T02:42:00+00:00,prs,1.209,0.012004,-0.205983,0.008004,0.213987
2026-09-20T02:43:00+00:00,prs,1.185,0.010221,-0.229983,0.006221,0.236204
2026-09-20T02:44:00+00:00,prs,1.177,0.008441,-0.237983,0.004441,0.242424
2026-09-20T02:45:00+00:00,prs,1.191,0.006663,-0.223983,0.002664,0.226646
2026-09-20T02:46:00+00:00,prs,1.207,0.004888,-0.207983,0.000888,0.208871
2026-09-20T02:47:00+00:00,prs,1.167,0.003115,-0.247983,-0.000884,0.247098
2026-09-20T02:48:00+00:00,prs,1.165,0.001345,-0.249983,-0.002655,0.247328
2026-09-20T02:49:00+00:00,prs,1.21,-0.000422,-0.204983,-0.004422,0.200561
2026-09-20T02:50:00+00:00,prs,1.198,-0.002187,-0.216983,-0.006186,0.210797
2026-09-20T02:51:00+00:00,prs,1.197,-0.003948,-0.217983,-0.007948,0.210035
2026-09-20T02:52:00+00:00,prs,1.209,-0.005707,-0.205983,-0.009706,0.196276
2026-09-20T02:53:00+00:00,prs,1.154,-0.007462,-0.260983,-0.011462,0.249521
2026-09-20T02:54:00+00:00,prs,1.144,-0.009214,-0.270983,-0.013214,0.257769
2026-09-20T02:55:00+00:00,prs,1.155,-0.010963,-0.259983,-0.014963,0.24502
2026-09-20T02:56:00+00:00,prs,1.16,-0.012708,-0.254983,-0.016708,0.238275
2026-09-20T02:57:00+00:00,prs,1.148,-0.01445,-0.266983,-0.01845,0.248533
2026-09-20T02:58:00+00:00,prs,1.1400000000000001,-0.016188,-0.274983,-0.020188,0.254795
2026-09-20T02:59:00+00:00,prs,1.1400000000000001,-0.017923,-0.274983,-0.021923,0.25306
2026-09-20T03:00:00+00:00,prs,1.167,-0.019653,-0.247983,-0.023653,0.22433
2026-09-20T03:01:00+00:00,prs,1.146,-0.02138,-0.268983,-0.02538,0.243603
2026-09-20T03:02:00+00:00,prs,1.115,-0.023103,-0.299983,-0.027103,0.27288
2026-09-20T03:03:00+00:00,prs,1.154,-0.024821,-0.260983,-0.028821,0.232162
2026-09-20T03:04:00+00:00,prs,1.142,-0.026536,-0.272983,-0.030536,0.242447
2026-09-20T03:05:00+00:00,prs,1.15,-0.028246,-0.264983,-0.032246,0.232737
2026-09-20T03:06:00+00:00,prs,1.141,-0.029952,-0.273983,-0.033952,0.240031
2026-09-20T03:07:00+00:00,prs,1.116,-0.031653,-0.298983,-0.035653,0.26333
2026-09-20T03:08:00+00:00,prs,1.15,-0.03335,-0.264983,-0.03735,0.227633
2026-09-20T03:09:00+00:00,prs,1.138,-0.035042,-0.276983,-0.039042,0.237941
2026-09-20T03:10:00+00:00,prs,1.151,-0.036729,-0.263983,-0.040729,0.223254
2026-09-20T03:11:00+00:00,prs,1.1320000000000001,-0.038411,-0.282983,-0.042411,0.240572
2026-09-20T03:12:00+00:00,prs,1.149,-0.040089,-0.265983,-0.044089,0.221894
2026-09-20T03:13:00+00:00,prs,1.155,-0.041761,-0.259983,-0.045761,0.214222
2026-09-20T03:14:00+00:00,prs,1.147,-0.043429,-0.267983,-0.047429,0.220554
2026-09-20T03:15:00+00:00,prs,1.147,-0.045091,-0.267983,-0.049091,0.218892
2026-09-20T03:16:00+00:00,prs,1.157,-0.046748,-0.257983,-0.050747,0.207235
2026-09-20T03:17:00+00:00,prs,1.121,-0.048399,-0.293983,-0.052399,0.241584
2026-09-20T03:18:00+00:00,prs,1.1320000000000001,-0.050045,-0.282983,-0.054045,0.228938
2026-09-20T03:19:00+00:00,prs,1.1280000000000001,-0.051685,-0.286983,-0.055685,0.231298
2026-09-20T03:20:00+00:00,prs,1.139,-0.05332,-0.275983,-0.05732,0.218663
2026-09-20T03:21:00+00:00,prs,1.154,-0.054949,-0.260983,-0.058949,0.202034
2026-09-20T03:22:00+00:00,prs,1.111,-0.056572,-0.303983,-0.060572,0.243411
2026-09-20T03:23:00+00:00,prs,1.125,-0.058189,-0.289983,-0.062189,0.227794
2026-09-20T03:24:00+00:00,prs,1.12,-0.059801,-0.294983,-0.063801,0.231182
2026-09-20T03:25:00+00:00,prs,1.142,-0.061406,-0.272983,-0.065406,0.207577
2026-09-20T03:26:00+00:00,prs,1.1360000000000001,-0.063005,-0.278983,-0.067005,0.211978
2026-09-20T03:27:00+00:00,prs,1.125,-0.064598,-0.289983,-0.068597,0.221385
2026-09-20T03:28:00+00:00,prs,1.108,-0.066184,-0.306983,-0.070184,0.236799
2026-09-20T03:29:00+00:00,prs,1.126,-0.067764,-0.288983,-0.071764,0.217219
2026-09-20T03:30:00+00:00,prs,1.1280000000000001,-0.069337,-0.286983,-0.073337,0.213646
2026-09-20T03:31:00+00:00,prs,1.135,-0.070904,-0.279983,-0.074904,0.205079
2026-09-20T03:32:00+00:00,prs,1.139,-0.072465,-0.275983,-0.076464,0.199519
2026-09-20T03:33:00+00:00,prs,1.108,-0.074018,-0.306983,-0.078018,0.228965
2026-09-20T03:34:00+00:00,prs,1.13,-0.075565,-0.284983,-0.079565,0.205418
2026-09-20T03:35:00+00:00,prs,1.12,-0.077104,-0.294983,-0.081104,0.213879
2026-09-20T03:36:00+00:00,prs,1.129,-0.078637,-0.285983,-0.082637,0.203346
2026-09-20T03:37:00+00:00,prs,1.123,-0.080163,-0.291983,-0.084163,0.20782
2026-09-20T03:38:00+00:00,prs,1.139,-0.081681,-0.275983,-0.085681,0.190302
2026-09-20T03:39:00+00:00,prs,1.106,-0.083193,-0.308983,-0.087193,0.22179
2026-09-20T03:40:00+00:00,prs,1.1179999999999999,-0.084697,-0.296983,-0.088697,0.208286
2026-09-20T03:41:00+00:00,prs,1.104,-0.086193,-0.310983,-0.090193,0.22079
2026-09-20T03:42:00+00:00,prs,1.12,-0.087682,-0.294983,-0.091682,0.203301
2026-09-20T03:43:00+00:00,prs,1.126,-0.089164,-0.288983,-0.093164,0.195819
2026-09-20T03:44:00+00:00,prs,1.108,-0.090638,-0.306983,-0.094638,0.212345
2026-09-20T03:45:00+00:00,prs,1.115,-0.092105,-0.299983,-0.096104,0.203878
2026-09-20T03:46:00+00:00,prs,1.106,-0.093563,-0.308983,-0.097563,0.21142
2026-09-20T03:47:00+00:00,prs,1.112,-0.095014,-0.302983,-0.099014,0.203969
2026-09-20T03:48:00+00:00,prs,1.137,-0.096457,-0.277983,-0.100457,0.177526
2026-09-20T03:49:00+00:00,prs,1.1360000000000001,-0.097892,-0.278983,-0.101892,0.177091
2026-09-20T03:50:00+00:00,prs,1.115,-0.099319,-0.299983,-0.103319,0.196664
2026-09-20T03:51:00+00:00,prs,1.091,-0.100737,-0.323983,-0.104737,0.219246
2026-09-20T03:52:00+00:00,prs,1.109,-0.102148,-0.305983,-0.106148,0.199835
2026-09-20T03:53:00+00:00,prs,1.116,-0.10355,-0.298983,-0.10755,0.191433
2026-09-20T03:54:00+00:00,prs,1.116,-0.104944,-0.298983,-0.108944,0.190039
2026-09-20T03:55:00+00:00,prs,1.116,-0.10633,-0.298983,-0.11033,0.188653
2026-09-20T03:56:00+00:00,prs,1.125,-0.107707,-0.289983,-0.111707,0.178276
2026-09-20T03:57:00+00:00,prs,1.108,-0.109076,-0.306983,-0.113076,0.193907
2026-09-20T03:58:00+00:00,prs,1.131,-0.110436,-0.283983,-0.114436,0.169547
2026-09-20T03:59:00+00:00,prs,1.142,-0.111788,-0.272983,-0.115787,0.157195
2026-09-20T04:00:00+00:00,prs,1.1179999999999999,-0.11313,-0.296983,-0.11713,0.179853
2026-09-20T04:01:00+00:00,prs,1.112,-0.114464,-0.302983,-0.118464,0.184519
2026-09-20T04:02:00+00:00,prs,1.081,-0.115789,-0.333983,-0.119789,0.214194
2026-09-20T04:03:00+00:00,prs,1.105,-0.117106,-0.309983,-0.121105,0.188877
2026-09-20T04:04:00+00:00,prs,1.117,-0.118413,-0.297983,-0.122413,0.17557
2026-09-20T04:05:00+00:00,prs,1.09,-0.119711,-0.324983,-0.123711,0.201272
2026-09-20T04:06:00+00:00,prs,1.108,-0.121,-0.306983,-0.125,0.181983
2026-09-20T04:07:00+00:00,prs,1.1280000000000001,-0.12228,-0.286983,-0.12628,0.160703
2026-09-20T04:08:00+00:00,prs,1.125,-0.123551,-0.289983,-0.127551,0.162432
2026-09-20T04:09:00+00:00,prs,1.109,-0.124812,-0.305983,-0.128812,0.177171
2026-09-20T04:10:00+00:00,prs,1.121,-0.126065,-0.293983,-0.130065,0.163918
2026-09-20T04:11:00+00:00,prs,1.13,-0.127307,-0.284983,-0.131307,0.153676
2026-09-20T04:12:00+00:00,prs,1.096,-0.128541,-0.318983,-0.132541,0.186442
2026-09-20T04:13:00+00:00,prs,1.145,-0.129765,-0.269983,-0.133765,0.136218
2026-09-20T04:14:00+00:00,prs,1.126,-0.130979,-0.288983,-0.134979,0.154004
2026-09-20T04:15:00+00:00,prs,1.103,-0.132184,-0.311983,-0.136184,0.175799
2026-09-20T04:16:00+00:00,prs,1.106,-0.133379,-0.308983,-0.137379,0.171604
2026-09-20T04:17:00+00:00,prs,1.1179999999999999,-0.134564,-0.296983,-0.138564,0.158419
2026-09-20T04:18:00+00:00,prs,1.126,-0.13574,-0.288983,-0.13974,0.149243
2026-09-20T04:19:00+00:00,prs,1.095,-0.136905,-0.319983,-0.140905,0.179078
2026-09-20T04:20:00+00:00,prs,1.091,-0.138061,-0.323983,-0.142061,0.181922
2026-09-20T04:21:00+00:00,prs,1.106,-0.139207,-0.308983,-0.143207,0.165776
2026-09-20T04:22:00+00:00,prs,1.105,-0.140343,-0.309983,-0.144343,0.16564
2026-09-20T04:23:00+00:00,prs,1.112,-0.141469,-0.302983,-0.145469,0.157514
2026-09-20T04:24:00+00:00,prs,1.113,-0.142585,-0.301983,-0.146585,0.155398
2026-09-20T04:25:00+00:00,prs,1.108,-0.143691,-0.306983,-0.147691,0.159292
2026-09-20T04:26:00+00:00,prs,1.1179999999999999,-0.144787,-0.296983,-0.148787,0.148196
2026-09-20T04:27:00+00:00,prs,1.084,-0.145873,-0.330983,-0.149873,0.18111
2026-09-20T04:28:00+00:00,prs,1.084,-0.146948,-0.330983,-0.150948,0.180035
2026-09-20T04:29:00+00:00,prs,1.106,-0.148013,-0.308983,-0.152013,0.15697
2026-09-20T04:30:00+00:00,prs,1.071,-0.149068,-0.343983,-0.153068,0.190915
2026-09-20T04:31:00+00:00,prs,1.065,-0.150112,-0.349983,-0.154112,0.195871
2026-09-20T04:32:00+00:00,prs,1.072,-0.151146,-0.342983,-0.155146,0.187837
2026-09-20T04:33:00+00:00,prs,1.072,-0.152169,-0.342983,-0.156169,0.186814
2026-09-20T04:34:00+00:00,prs,1.094,-0.153182,-0.320983,-0.157182,0.163801
2026-09-20T04:35:00+00:00,prs,1.077,-0.154185,-0.337983,-0.158185,0.179798
2026-09-20T04:36:00+00:00,prs,1.074,-0.155177,-0.340983,-0.159176,0.181806
2026-09-20T04:37:00+00:00,prs,1.051,-0.156158,-0.363983,-0.160158,0.203825
2026-09-20T04:38:00+00:00,prs,1.048,-0.157128,-0.366983,-0.161128,0.205855
2026-09-20T04:39:00+00:00,prs,1.071,-0.158088,-0.343983,-0.162088,0.181895
2026-09-20T04:40:00+00:00,prs,1.064,-0.159038,-0.350983,-0.163038,0.187945
2026-09-20T04:41:00+00:00,prs,1.082,-0.159976,-0.332983,-0.163976,0.169007
2026-09-20T04:42:00+00:00,prs,1.084,-0.160904,-0.330983,-0.164904,0.166079
2026-09-20T04:43:00+00:00,prs,1.07,-0.161821,-0.344983,-0.165821,0.179162
2026-09-20T04:44:00+00:00,prs,1.081,-0.162727,-0.333983,-0.166727,0.167256
2026-09-20T04:45:00+00:00,prs,1.078,-0.163622,-0.336983,-0.167622,0.169361
2026-09-20T04:46:00+00:00,prs,1.071,-0.164506,-0.343983,-0.168506,0.175477
2026-09-20T04:47:00+00:00,prs,1.059,-0.165379,-0.355983,-0.169379,0.186604
2026-09-20T04:48:00+00:00,prs,1.066,-0.166242,-0.348983,-0.170242,0.178741
2026-09-20T04:49:00+00:00,prs,1.073,-0.167093,-0.341983,-0.171093,0.17089
2026-09-20T04:50:00+00:00,prs,1.054,-0.167933,-0.360983,-0.171933,0.18905
2026-09-20T04:51:00+00:00,prs,1.06,-0.168763,-0.354983,-0.172763,0.18222
2026-09-20T04:52:00+00:00,prs,1.054,-0.169581,-0.360983,-0.173581,0.187402
2026-09-20T04:53:00+00:00,prs,1.057,-0.170388,-0.357983,-0.174388,0.183595
2026-09-20T04:54:00+00:00,prs,1.063,-0.171184,-0.351983,-0.175184,0.176799
2026-09-20T04:55:00+00:00,prs,1.062,-0.171969,-0.352983,-0.175969,0.177014
2026-09-20T04:56:00+00:00,prs,1.059,-0.172743,-0.355983,-0.176742,0.17924
2026-09-20T04:57:00+00:00,prs,1.041,-0.173505,-0.373983,-0.177505,0.196478
2026-09-20T04:58:00+00:00,prs,1.06,-0.174256,-0.354983,-0.178256,0.176727
2026-09-20T04:59:00+00:00,prs,1.055,-0.174996,-0.359983,-0.178996,0.180987
2026-09-20T05:00:00+00:00,prs,1.055,-0.175725,-0.359983,-0.179725,0.180258
2026-09-20T05:01:00+00:00,prs,1.052,-0.176443,-0.362983,-0.180443,0.18254
2026-09-20T05:02:00+00:00,prs,1.063,-0.177149,-0.351983,-0.181149,0.170834
2026-09-20T05:03:00+00:00,prs,1.044,-0.177844,-0.370983,-0.181844,0.189139
2026-09-20T05:04:00+00:00,prs,1.077,-0.178527,-0.337983,-0.182527,0.155456
2026-09-20T05:05:00+00:00,prs,1.074,-0.1792,-0.340983,-0.1832,0.157783
2026-09-20T05:06:00+00:00,prs,1.072,-0.179861,-0.342983,-0.183861,0.159122
2026-09-20T05:07:00+00:00,prs,1.074,-0.18051,-0.340983,-0.18451,0.156473
2026-09-20T05:08:00+00:00,prs,1.056,-0.181148,-0.358983,-0.185148,0.173835
2026-09-20T05:09:00+00:00,prs,1.069,-0.181775,-0.345983,-0.185775,0.160208
2026-09-20T05:10:00+00:00,prs,1.063,-0.182391,-0.351983,-0.18639,0.165592
2026-09-20T05:11:00+00:00,prs,1.061,-0.182995,-0.353983,-0.186994,0.166989
2026-09-20T05:12:00+00:00,prs,1.081,-0.183587,-0.333983,-0.187587,0.146396
2026-09-20T05:13:00+00:00,prs,1.064,-0.184168,-0.350983,-0.188168,0.162815
2026-09-20T05:14:00+00:00,prs,1.07,-0.184738,-0.344983,-0.188738,0.156245
2026-09-20T05:15:00+00:00,prs,1.094,-0.185296,-0.320983,-0.189296,0.131687
2026-09-20T05:16:00+00:00,prs,1.054,-0.185843,-0.360983,-0.189843,0.17114
2026-09-20T05:17:00+00:00,prs,1.063,-0.186378,-0.351983,-0.190378,0.161605
2026-09-20T05:18:00+00:00,prs,1.066,-0.186902,-0.348983,-0.190902,0.158081
2026-09-20T05:19:00+00:00,prs,1.068,-0.187415,-0.346983,-0.191415,0.155568
2026-09-20T05:20:00+00:00,prs,1.07,-0.187916,-0.344983,-0.191916,0.153067
2026-09-20T05:21:00+00:00,prs,1.046,-0.188405,-0.368983,-0.192405,0.176578
2026-09-20T05:22:00+00:00,prs,1.085,-0.188883,-0.329983,-0.192883,0.1371
2026-09-20T05:23:00+00:00,prs,1.034,-0.18935,-0.380983,-0.19335,0.187633
2026-09-20T05:24:00+00:00,prs,1.06,-0.189805,-0.354983,-0.193805,0.161178
2026-09-20T05:25:00+00:00,prs,1.057,-0.190249,-0.357983,-0.194249,0.163734
2026-09-20T05:26:00+00:00,prs,1.074,-0.190681,-0.340983,-0.194681,0.146302
2026-09-20T05:27:00+00:00,prs,1.1,-0.191102,-0.314983,-0.195102,0.119881
2026-09-20T05:28:00+00:00,prs,1.083,-0.191511,-0.331983,-0.195511,0.136472
2026-09-20T05:29:00+00:00,prs,1.071,-0.191909,-0.343983,-0.195909,0.148074
2026-09-20T05:30:00+00:00,prs,1.083,-0.192295,-0.331983,-0.196295,0.135688
2026-09-20T05:31:00+00:00,prs,1.072,-0.19267,-0.342983,-0.19667,0.146313
2026-09-20T05:32:00+00:00,prs,1.067,-0.193034,-0.347983,-0.197033,0.150949
2026-09-20T05:33:00+00:00,prs,1.063,-0.193386,-0.351983,-0.197386,0.154597
2026-09-20T05:34:00+00:00,prs,1.078,-0.193726,-0.336983,-0.197726,0.139257
2026-09-20T05:35:00+00:00,prs,1.057,-0.194056,-0.357983,-0.198055,0.159928
2026-09-20T05:36:00+00:00,prs,1.083,-0.194373,-0.331983,-0.198373,0.13361
2026-09-20T05:37:00+00:00,prs,1.064,-0.19468,-0.350983,-0.19868,0.152303
2026-09-20T05:38:00+00:00,prs,1.066,-0.194975,-0.348983,-0.198975,0.150008
2026-09-20T05:39:00+00:00,prs,1.068,-0.195259,-0.346983,-0.199259,0.147724
2026-09-20T05:40:00+00:00,prs,1.074,-0.195531,-0.340983,-0.199531,0.141452
2026-09-20T05:41:00+00:00,prs,1.069,-0.195792,-0.345983,-0.199792,0.146191
2026-09-20T05:42:00+00:00,prs,1.082,-0.196042,-0.332983,-0.200042,0.132941
2026-09-20T05:43:00+00:00,prs,1.079,-0.19628,-0.335983,-0.20028,0.135703
2026-09-20T05:44:00+00:00,prs,1.093,-0.196507,-0.321983,-0.200507,0.121476
2026-09-20T05:45:00+00:00,prs,1.076,-0.196723,-0.338983,-0.200723,0.13826
2026-09-20T05:46:00+00:00,prs,1.116,-0.196928,-0.298983,-0.200927,0.098055
2026-09-20T05:47:00+00:00,prs,1.098,-0.197121,-0.316983,-0.201121,0.115862
2026-09-20T05:48:00+00:00,prs,1.111,-0.197303,-0.303983,-0.201303,0.10268
2026-09-20T05:49:00+00:00,prs,1.1,-0.197474,-0.314983,-0.201474,0.113509
2026-09-20T05:50:00+00:00,prs,1.091,-0.197634,-0.323983,-0.201634,0.122349
2026-09-20T05:51:00+00:00,prs,1.104,-0.197782,-0.310983,-0.201782,0.109201
2026-09-20T05:52:00+00:00,prs,1.1179999999999999,-0.19792,-0.296983,-0.20192,0.095063
2026-09-20T05:53:00+00:00,prs,1.08,-0.198046,-0.334983,-0.202046,0.132937
2026-09-20T05:54:00+00:00,prs,1.072,-0.198161,-0.342983,-0.202161,0.140822
2026-09-20T05:55:00+00:00,prs,1.096,-0.198265,-0.318983,-0.202265,0.116718
2026-09-20T05:56:00+00:00,prs,1.091,-0.198359,-0.323983,-0.202358,0.121624
2026-09-20T05:57:00+00:00,prs,1.09,-0.198441,-0.324983,-0.202441,0.122542
2026-09-20T05:58:00+00:00,prs,1.099,-0.198512,-0.315983,-0.202512,0.113471
2026-09-20T05:59:00+00:00,prs,1.104,-0.198572,-0.310983,-0.202572,0.108411
2026-09-20T06:00:00+00:00,prs,1.093,-0.198621,-0.321983,-0.202621,0.119362
2026-09-20T06:01:00+00:00,prs,1.061,-0.19866,-0.353983,-0.20266,0.151323
2026-09-20T06:02:00+00:00,prs,1.091,-0.198687,-0.323983,-0.202687,0.121296
2026-09-20T06:03:00+00:00,prs,1.102,-0.198704,-0.312983,-0.202704,0.110279
2026-09-20T06:04:00+00:00,prs,1.065,-0.19871,-0.349983,-0.20271,0.147273
2026-09-20T06:05:00+00:00,prs,1.105,-0.198705,-0.309983,-0.202705,0.107278
2026-09-20T06:06:00+00:00,prs,1.066,-0.198689,-0.348983,-0.202689,0.146294
2026-09-20T06:07:00+00:00,prs,1.105,-0.198663,-0.309983,-0.202663,0.10732
2026-09-20T06:08:00+00:00,prs,1.078,-0.198626,-0.336983,-0.202626,0.134357
2026-09-20T06:09:00+00:00,prs,1.071,-0.198578,-0.343983,-0.202578,0.141405
2026-09-20T06:10:00+00:00,prs,1.083,-0.19852,-0.331983,-0.20252,0.129463
2026-09-20T06:11:00+00:00,prs,1.103,-0.198451,-0.311983,-0.202451,0.109532
2026-09-20T06:12:00+00:00,prs,1.082,-0.198372,-0.332983,-0.202372,0.130611
2026-09-20T06:13:00+00:00,prs,1.08,-0.198282,-0.334983,-0.202282,0.132701
2026-09-20T06:14:00+00:00,prs,1.074,-0.198182,-0.340983,-0.202182,0.138801
2026-09-20T06:15:00+00:00,prs,1.069,-0.198071,-0.345983,-0.202071,0.143912
2026-09-20T06:16:00+00:00,prs,1.077,-0.19795,-0.337983,-0.20195,0.136033
2026-09-20T06:17:00+00:00,prs,1.09,-0.197819,-0.324983,-0.201819,0.123164
2026-09-20T06:18:00+00:00,prs,1.104,-0.197677,-0.310983,-0.201677,0.109306
2026-09-20T06:19:00+00:00,prs,1.079,-0.197525,-0.335983,-0.201525,0.134458
2026-09-20T06:20:00+00:00,prs,1.066,-0.197363,-0.348983,-0.201363,0.14762
2026-09-20T06:21:00+00:00,prs,1.097,-0.197191,-0.317983,-0.201191,0.116792
2026-09-20T06:22:00+00:00,prs,1.088,-0.197009,-0.326983,-0.201008,0.125974
2026-09-20T06:23:00+00:00,prs,1.105,-0.196816,-0.309983,-0.200816,0.109167
2026-09-20T06:24:00+00:00,prs,1.072,-0.196614,-0.342983,-0.200614,0.142369
2026-09-20T06:25:00+00:00,prs,1.052,-0.196401,-0.362983,-0.200401,0.162582
2026-09-20T06:26:00+00:00,prs,1.112,-0.196179,-0.302983,-0.200179,0.102804
2026-09-20T06:27:00+00:00,prs,1.082,-0.195947,-0.332983,-0.199946,0.133037
2026-09-20T06:28:00+00:00,prs,1.104,-0.195704,-0.310983,-0.199704,0.111279
2026-09-20T06:29:00+00:00,prs,1.109,-0.195453,-0.305983,-0.199452,0.10653
2026-09-20T06:30:00+00:00,prs,1.107,-0.195191,-0.307983,-0.199191,0.108792
2026-09-20T06:31:00+00:00,prs,1.113,-0.19492,-0.301983,-0.19892,0.103063
2026-09-20T06:32:00+00:00,prs,1.117,-0.194639,-0.297983,-0.198639,0.099344
2026-09-20T06:33:00+00:00,prs,1.117,-0.194348,-0.297983,-0.198348,0.099635
2026-09-20T06:34:00+00:00,prs,1.1,-0.194048,-0.314983,-0.198048,0.116935
2026-09-20T06:35:00+00:00,prs,1.101,-0.193739,-0.313983,-0.197738,0.116245
2026-09-20T06:36:00+00:00,prs,1.083,-0.19342,-0.331983,-0.197419,0.134564
2026-09-20T06:37:00+00:00,prs,1.1,-0.193091,-0.314983,-0.197091,0.117892
2026-09-20T06:38:00+00:00,prs,1.134,-0.192754,-0.280983,-0.196753,0.08423
2026-09-20T06:39:00+00:00,prs,1.083,-0.192407,-0.331983,-0.196406,0.135576
2026-09-20T06:40:00+00:00,prs,1.098,-0.19205,-0.316983,-0.19605,0.120933
2026-09-20T06:41:00+00:00,prs,1.092,-0.191685,-0.322983,-0.195685,0.127298
2026-09-20T06:42:00+00:00,prs,1.116,-0.191311,-0.298983,-0.195311,0.103672
2026-09-20T06:43:00+00:00,prs,1.115,-0.190927,-0.299983,-0.194927,0.105056
2026-09-20T06:44:00+00:00,prs,1.098,-0.190535,-0.316983,-0.194535,0.122448
2026-09-20T06:45:00+00:00,prs,1.1,-0.190134,-0.314983,-0.194133,0.12085
2026-09-20T06:46:00+00:00,prs,1.105,-0.189723,-0.309983,-0.193723,0.11626
2026-09-20T06:47:00+00:00,prs,1.117,-0.189304,-0.297983,-0.193304,0.104679
2026-09-20T06:48:00+00:00,prs,1.095,-0.188877,-0.319983,-0.192876,0.127106
2026-09-20T06:49:00+00:00,prs,1.114,-0.18844,-0.300983,-0.19244,0.108543
2026-09-20T06:50:00+00:00,prs,1.112,-0.187995,-0.302983,-0.191995,0.110988
2026-09-20T06:51:00+00:00,prs,1.119,-0.187541,-0.295983,-0.191541,0.104442
2026-09-20T06:52:00+00:00,prs,1.105,-0.187079,-0.309983,-0.191079,0.118904
2026-09-20T06:53:00+00:00,prs,1.115,-0.186609,-0.299983,-0.190609,0.109374
2026-09-20T06:54:00+00:00,prs,1.134,-0.18613,-0.280983,-0.19013,0.090853
2026-09-20T06:55:00+00:00,prs,1.121,-0.185643,-0.293983,-0.189642,0.10434
2026-09-20T06:56:00+00:00,prs,1.147,-0.185147,-0.267983,-0.189147,0.078836
2026-09-20T06:57:00+00:00,prs,1.13,-0.184643,-0.284983,-0.188643,0.09634
2026-09-20T06:58:00+00:00,prs,1.1280000000000001,-0.184132,-0.286983,-0.188132,0.098851
2026-09-20T06:59:00+00:00,prs,1.157,-0.183612,-0.257983,-0.187612,0.070371
2026-09-20T07:00:00+00:00,prs,1.127,-0.183084,-0.287983,-0.187084,0.100899
2026-09-20T07:01:00+00:00,prs,1.146,-0.182548,-0.268983,-0.186548,0.082435
2026-09-20T07:02:00+00:00,prs,1.114,-0.182005,-0.300983,-0.186005,0.114978
2026-09-20T07:03:00+00:00,prs,1.155,-0.181453,-0.259983,-0.185453,0.07453
2026-09-20T07:04:00+00:00,prs,1.13,-0.180894,-0.284983,-0.184894,0.100089
2026-09-20T07:05:00+00:00,prs,1.138,-0.180328,-0.276983,-0.184328,0.092655
2026-09-20T07:06:00+00:00,prs,1.143,-0.179753,-0.271983,-0.183753,0.08823
2026-09-20T07:07:00+00:00,prs,1.18,-0.179172,-0.234983,-0.183171,0.051811
2026-09-20T07:08:00+00:00,prs,1.172,-0.178582,-0.242983,-0.182582,0.060401
2026-09-20T07:09:00+00:00,prs,1.175,-0.177986,-0.239983,-0.181986,0.057997
2026-09-20T07:10:00+00:00,prs,1.182,-0.177382,-0.232983,-0.181382,0.051601
2026-09-20T07:11:00+00:00,prs,1.192,-0.176771,-0.222983,-0.180771,0.042212
2026-09-20T07:12:00+00:00,prs,1.188,-0.176152,-0.226983,-0.180152,0.046831
2026-09-20T07:13:00+00:00,prs,1.171,-0.175527,-0.243983,-0.179527,0.064456
2026-09-20T07:14:00+00:00,prs,1.161,-0.174895,-0.253983,-0.178895,0.075088
2026-09-20T07:15:00+00:00,prs,1.165,-0.174256,-0.249983,-0.178255,0.071727
2026-09-20T07:16:00+00:00,prs,1.155,-0.173609,-0.259983,-0.177609,0.082374
2026-09-20T07:17:00+00:00,prs,1.175,-0.172957,-0.239983,-0.176956,0.063026
2026-09-20T07:18:00+00:00,prs,1.16,-0.172297,-0.254983,-0.176297,0.078686
2026-09-20T07:19:00+00:00,prs,1.157,-0.171631,-0.257983,-0.175631,0.082352
2026-09-20T07:20:00+00:00,prs,1.157,-0.170958,-0.257983,-0.174958,0.083025
2026-09-20T07:21:00+00:00,prs,1.179,-0.170279,-0.235983,-0.174278,0.061704
2026-09-20T07:22:00+00:00,prs,1.199,-0.169593,-0.215983,-0.173593,0.04239
2026-09-20T07:23:00+00:00,prs,1.213,-0.168901,-0.201983,-0.172901,0.029082
2026-09-20T07:24:00+00:00,prs,1.205,-0.168202,-0.209983,-0.172202,0.037781
2026-09-20T07:25:00+00:00,prs,1.192,-0.167498,-0.222983,-0.171498,0.051485
2026-09-20T07:26:00+00:00,prs,1.203,-0.166787,-0.211983,-0.170787,0.041196
2026-09-20T07:27:00+00:00,prs,1.218,-0.166071,-0.196983,-0.170071,0.026912
2026-09-20T07:28:00+00:00,prs,1.21,-0.165348,-0.204983,-0.169348,0.035635
2026-09-20T07:29:00+00:00,prs,1.224,-0.16462,-0.190983,-0.16862,0.022363
2026-09-20T07:30:00+00:00,prs,1.217,-0.163886,-0.197983,-0.167885,0.030098
2026-09-20T07:31:00+00:00,prs,1.23,-0.163146,-0.184983,-0.167145,0.017837
2026-09-20T07:33:00+00:00,prs,1.248,-0.161649,-0.166983,-0.165649,0.001334
2026-09-20T07:34:00+00:00,prs,1.205,-0.160892,-0.209983,-0.164892,0.045091
2026-09-20T07:35:00+00:00,prs,1.21,-0.16013,-0.204983,-0.16413,0.040853
2026-09-20T07:36:00+00:00,prs,1.23,-0.159363,-0.184983,-0.163363,0.02162
2026-09-20T07:37:00+00:00,prs,1.212,-0.15859,-0.202983,-0.16259,0.040393
2026-09-20T07:38:00+00:00,prs,1.227,-0.157813,-0.187983,-0.161812,0.02617
2026-09-20T07:39:00+00:00,prs,1.2349999999999999,-0.15703,-0.179983,-0.16103,0.018953
2026-09-20T07:40:00+00:00,prs,1.232,-0.156242,-0.182983,-0.160242,0.022741
2026-09-20T07:41:00+00:00,prs,1.2469999999999999,-0.155449,-0.167983,-0.159449,0.008534
2026-09-20T07:42:00+00:00,prs,1.234,-0.154652,-0.180983,-0.158652,0.022331
2026-09-20T07:43:00+00:00,prs,1.244,-0.153849,-0.170983,-0.157849,0.013134
2026-09-20T07:44:00+00:00,prs,1.224,-0.153043,-0.190983,-0.157042,0.03394
2026-09-20T07:45:00+00:00,prs,1.248,-0.152231,-0.166983,-0.156231,0.010752
2026-09-20T07:46:00+00:00,prs,1.232,-0.151415,-0.182983,-0.155415,0.027568
2026-09-20T07:47:00+00:00,prs,1.259,-0.150594,-0.155983,-0.154594,0.001389
2026-09-20T07:48:00+00:00,prs,1.248,-0.14977,-0.166983,-0.15377,0.013213
2026-09-20T07:49:00+00:00,prs,1.21,-0.148941,-0.204983,-0.152941,0.052042
2026-09-20T07:50:00+00:00,prs,1.228,-0.148107,-0.186983,-0.152107,0.034876
2026-09-20T07:51:00+00:00,prs,1.227,-0.14727,-0.187983,-0.15127,0.036713
2026-09-20T07:52:00+00:00,prs,1.241,-0.146429,-0.173983,-0.150429,0.023554
2026-09-20T07:53:00+00:00,prs,1.249,-0.145584,-0.165983,-0.149583,0.016399
2026-09-20T07:54:00+00:00,prs,1.176,-0.144735,-0.238983,-0.148734,0.090249
2026-09-20T07:55:00+00:00,prs,1.231,-0.143882,-0.183983,-0.147882,0.036101
2026-09-20T07:56:00+00:00,prs,1.196,-0.143025,-0.218983,-0.147025,0.071958
2026-09-20T07:57:00+00:00,prs,1.251,-0.142165,-0.163983,-0.146165,0.017818
2026-09-20T07:58:00+00:00,prs,1.232,-0.141302,-0.182983,-0.145301,0.037681
2026-09-20T07:59:00+00:00,prs,1.231,-0.140435,-0.183983,-0.144434,0.039548
2026-09-20T08:00:00+00:00,prs,1.228,-0.139564,-0.186983,-0.143564,0.043419
2026-09-20T08:01:00+00:00,prs,1.233,-0.138691,-0.181983,-0.142691,0.039292
2026-09-20T08:02:00+00:00,prs,1.2469999999999999,-0.137814,-0.167983,-0.141814,0.026169
2026-09-20T08:03:00+00:00,prs,1.24,-0.136934,-0.174983,-0.140934,0.034049
2026-09-20T08:04:00+00:00,prs,1.199,-0.136051,-0.215983,-0.140051,0.075932
2026-09-20T08:05:00+00:00,prs,1.2730000000000001,-0.135166,-0.141983,-0.139166,0.002817
2026-09-20T08:06:00+00:00,prs,1.26,-0.134277,-0.154983,-0.138277,0.016706
2026-09-20T08:07:00+00:00,prs,1.233,-0.133386,-0.181983,-0.137386,0.044597
2026-09-20T08:08:00+00:00,prs,1.276,-0.132492,-0.138983,-0.136492,0.002491
2026-09-20T08:09:00+00:00,prs,1.245,-0.131596,-0.169983,-0.135595,0.034387
2026-09-20T08:10:00+00:00,prs,1.191,-0.130697,-0.223983,-0.134696,0.089286
2026-09-20T08:11:00+00:00,prs,1.287,-0.129795,-0.127983,-0.133795,-0.005812
2026-09-20T08:12:00+00:00,prs,1.315,-0.128892,-0.099983,-0.132892,-0.032909
2026-09-20T08:13:00+00:00,prs,1.31,-0.127986,-0.104983,-0.131986,-0.027003
2026-09-20T08:14:00+00:00,prs,1.242,-0.127078,-0.172983,-0.131078,0.041905
2026-09-20T08:15:00+00:00,prs,1.255,-0.126168,-0.159983,-0.130168,0.029815
2026-09-20T08:16:00+00:00,prs,1.2650000000000001,-0.125256,-0.149983,-0.129256,0.020727
2026-09-20T08:17:00+00:00,prs,1.28,-0.124342,-0.134983,-0.128342,0.006641
2026-09-20T08:18:00+00:00,prs,1.268,-0.123426,-0.146983,-0.127426,0.019557
2026-09-20T08:19:00+00:00,prs,1.285,-0.122509,-0.129983,-0.126509,0.003474
2026-09-20T08:20:00+00:00,prs,1.318,-0.12159,-0.096983,-0.12559,-0.028607
2026-09-20T08:21:00+00:00,prs,1.232,-0.120669,-0.182983,-0.124669,0.058314
2026-09-20T08:22:00+00:00,prs,1.27,-0.119747,-0.144983,-0.123747,0.021236
2026-09-20T08:23:00+00:00,prs,1.22,-0.118824,-0.194983,-0.122824,0.072159
2026-09-20T08:24:00+00:00,prs,1.2530000000000001,-0.117899,-0.161983,-0.121899,0.040084
2026-09-20T08:25:00+00:00,prs,1.294,-0.116973,-0.120983,-0.120973,1e-05
2026-09-20T08:26:00+00:00,prs,1.271,-0.116046,-0.143983,-0.120046,0.023937
2026-09-20T08:27:00+00:00,prs,1.307,-0.115118,-0.107983,-0.119118,-0.011135
2026-09-20T08:28:00+00:00,prs,1.33,-0.114189,-0.084983,-0.118189,-0.033206
2026-09-20T08:29:00+00:00,prs,1.217,-0.113259,-0.197983,-0.117259,0.080724
2026-09-20T08:30:00+00:00,prs,1.29,-0.112329,-0.124983,-0.116329,0.008654
2026-09-20T08:31:00+00:00,prs,1.283,-0.111398,-0.131983,-0.115397,0.016585
2026-09-20T08:32:00+00:00,prs,1.246,-0.110466,-0.168983,-0.114466,0.054517
2026-09-20T08:33:00+00:00,prs,1.287,-0.109533,-0.127983,-0.113533,0.01445
2026-09-20T08:34:00+00:00,prs,1.322,-0.108601,-0.092983,-0.1126,-0.019618
2026-09-20T08:35:00+00:00,prs,1.301,-0.107667,-0.113983,-0.111667,0.002316
2026-09-20T08:36:00+00:00,prs,1.3479999999999999,-0.106734,-0.066983,-0.110734,-0.043751
2026-09-20T08:37:00+00:00,prs,1.237,-0.1058,-0.177983,-0.1098,0.068183
2026-09-20T08:38:00+00:00,prs,1.298,-0.104867,-0.116983,-0.108867,0.008116
2026-09-20T08:39:00+00:00,prs,1.336,-0.103933,-0.078983,-0.107933,-0.02895
2026-09-20T08:40:00+00:00,prs,1.293,-0.102999,-0.121983,-0.106999,0.014984
2026-09-20T08:41:00+00:00,prs,1.3439999999999999,-0.102066,-0.070983,-0.106066,-0.035083
2026-09-20T08:42:00+00:00,prs,1.312,-0.101133,-0.102983,-0.105133,-0.00215
2026-09-20T08:43:00+00:00,prs,1.26,-0.1002,-0.154983,-0.1042,0.050783
2026-09-20T08:44:00+00:00,prs,1.283,-0.099267,-0.131983,-0.103267,0.028716
2026-09-20T08:45:00+00:00,prs,1.2610000000000001,-0.098335,-0.153983,-0.102335,0.051648
2026-09-20T08:46:00+00:00,prs,1.284,-0.097404,-0.130983,-0.101404,0.029579
2026-09-20T08:47:00+00:00,prs,1.35,-0.096473,-0.064983,-0.100473,-0.03549
2026-09-20T08:48:00+00:00,prs,1.322,-0.095543,-0.092983,-0.099543,-0.00656
2026-09-20T08:49:00+00:00,prs,1.355,-0.094614,-0.059983,-0.098614,-0.038631
2026-09-20T08:50:00+00:00,prs,1.272,-0.093686,-0.142983,-0.097685,0.045297
2026-09-20T08:51:00+00:00,prs,1.2690000000000001,-0.092758,-0.145983,-0.096758,0.049225
2026-09-20T08:52:00+00:00,prs,1.353,-0.091832,-0.061983,-0.095832,-0.033849
2026-09-20T08:53:00+00:00,prs,1.351,-0.090907,-0.063983,-0.094907,-0.030924
2026-09-20T08:54:00+00:00,prs,1.2610000000000001,-0.089983,-0.153983,-0.093983,0.06
2026-09-20T08:55:00+00:00,prs,1.383,-0.08906,-0.031983,-0.09306,-0.061077
2026-09-20T08:56:00+00:00,prs,1.339,-0.088139,-0.075983,-0.092139,-0.016156
2026-09-20T08:57:00+00:00,prs,1.249,-0.087219,-0.165983,-0.091219,0.074764
2026-09-20T08:58:00+00:00,prs,1.343,-0.086301,-0.071983,-0.090301,-0.018318
2026-09-20T08:59:00+00:00,prs,1.2429999999999999,-0.085385,-0.171983,-0.089385,0.082598
2026-09-20T09:00:00+00:00,prs,1.2389999999999999,-0.08447,-0.175983,-0.08847,0.087513
2026-09-20T09:01:00+00:00,prs,1.278,-0.083557,-0.136983,-0.087557,0.049426
2026-09-20T09:02:00+00:00,prs,1.285,-0.082645,-0.129983,-0.086645,0.043338
2026-09-20T09:03:00+00:00,prs,1.33,-0.081736,-0.084983,-0.085736,-0.000753
2026-09-20T09:04:00+00:00,prs,1.332,-0.080829,-0.082983,-0.084829,-0.001846
2026-09-20T09:05:00+00:00,prs,1.304,-0.079924,-0.110983,-0.083924,0.027059
2026-09-20T09:06:00+00:00,prs,1.275,-0.079021,-0.139983,-0.083021,0.056962
2026-09-20T09:07:00+00:00,prs,1.292,-0.07812,-0.122983,-0.08212,0.040863
2026-09-20T09:08:00+00:00,prs,1.271,-0.077222,-0.143983,-0.081222,0.062761
2026-09-20T09:09:00+00:00,prs,1.211,-0.076326,-0.203983,-0.080326,0.123657
2026-09-20T09:10:00+00:00,prs,1.385,-0.075432,-0.029983,-0.079432,-0.049449
2026-09-20T09:11:00+00:00,prs,1.369,-0.074541,-0.045983,-0.078541,-0.032558
2026-09-20T09:12:00+00:00,prs,1.326,-0.073653,-0.088983,-0.077653,0.01133
2026-09-20T09:13:00+00:00,prs,1.423,-0.072767,0.008017,-0.076767,-0.084784
2026-09-20T09:14:00+00:00,prs,1.291,-0.071885,-0.123983,-0.075885,0.048098
2026-09-20T09:15:00+00:00,prs,1.245,-0.071005,-0.169983,-0.075005,0.094978
2026-09-20T09:16:00+00:00,prs,1.312,-0.070128,-0.102983,-0.074128,0.028855
2026-09-20T09:17:00+00:00,prs,1.264,-0.069254,-0.150983,-0.073254,0.077729
2026-09-20T09:18:00+00:00,prs,1.331,-0.068383,-0.083983,-0.072383,0.0116
2026-09-20T09:19:00+00:00,prs,1.307,-0.067515,-0.107983,-0.071515,0.036468
2026-09-20T09:20:00+00:00,prs,1.333,-0.06665,-0.081983,-0.07065,0.011333
2026-09-20T09:21:00+00:00,prs,1.33,-0.065789,-0.084983,-0.069789,0.015194
2026-09-20T09:22:00+00:00,prs,1.33,-0.064931,-0.084983,-0.068931,0.016052
2026-09-20T09:23:00+00:00,prs,1.34,-0.064077,-0.074983,-0.068077,0.006906
2026-09-20T09:24:00+00:00,prs,1.3900000000000001,-0.063226,-0.024983,-0.067226,-0.042243
2026-09-20T09:25:00+00:00,prs,1.225,-0.062379,-0.189983,-0.066379,0.123604
2026-09-20T09:26:00+00:00,prs,1.305,-0.061535,-0.109983,-0.065535,0.044448
2026-09-20T09:27:00+00:00,prs,1.384,-0.060695,-0.030983,-0.064695,-0.033712
2026-09-20T09:28:00+00:00,prs,1.317,-0.059859,-0.097983,-0.063859,0.034124
2026-09-20T09:29:00+00:00,prs,1.427,-0.059027,0.012017,-0.063026,-0.075044
2026-09-20T09:30:00+00:00,prs,1.3860000000000001,-0.058198,-0.028983,-0.062198,-0.033215
2026-09-20T09:31:00+00:00,prs,1.3519999999999999,-0.057374,-0.062983,-0.061374,0.001609
2026-09-20T09:32:00+00:00,prs,1.195,-0.056553,-0.219983,-0.060553,0.15943
2026-09-20T09:33:00+00:00,prs,1.203,-0.055737,-0.211983,-0.059737,0.152246
2026-09-20T09:34:00+00:00,prs,1.302,-0.054925,-0.112983,-0.058925,0.054058
2026-09-20T09:35:00+00:00,prs,1.3940000000000001,-0.054118,-0.020983,-0.058117,-0.037135
2026-09-20T09:36:00+00:00,prs,1.388,-0.053314,-0.026983,-0.057314,-0.030331
2026-09-20T09:37:00+00:00,prs,1.3639999999999999,-0.052515,-0.050983,-0.056515,-0.005532
2026-09-20T09:38:00+00:00,prs,1.316,-0.051721,-0.098983,-0.055721,0.043262
2026-09-20T09:39:00+00:00,prs,1.272,-0.050931,-0.142983,-0.054931,0.088052
2026-09-20T09:40:00+00:00,prs,1.254,-0.050145,-0.160983,-0.054145,0.106838
2026-09-20T09:41:00+00:00,prs,1.464,-0.049364,0.049017,-0.053364,-0.102381
2026-09-20T09:42:00+00:00,prs,1.295,-0.048588,-0.119983,-0.052588,0.067395
2026-09-20T09:43:00+00:00,prs,1.358,-0.047817,-0.056983,-0.051817,0.005166
2026-09-20T09:44:00+00:00,prs,1.255,-0.047051,-0.159983,-0.05105,0.108932
2026-09-20T09:45:00+00:00,prs,1.453,-0.046289,0.038017,-0.050289,-0.088306
2026-09-20T09:46:00+00:00,prs,1.303,-0.045532,-0.111983,-0.049532,0.062451
2026-09-20T09:47:00+00:00,prs,1.37,-0.044781,-0.044983,-0.048781,-0.003798
2026-09-20T09:48:00+00:00,prs,1.404,-0.044034,-0.010983,-0.048034,-0.037051
2026-09-20T09:49:00+00:00,prs,1.3860000000000001,-0.043293,-0.028983,-0.047293,-0.01831
2026-09-20T09:50:00+00:00,prs,1.342,-0.042557,-0.072983,-0.046557,0.026426
2026-09-20T09:51:00+00:00,prs,1.362,-0.041826,-0.052983,-0.045826,0.007157
2026-09-20T09:52:00+00:00,prs,1.424,-0.0411,0.009017,-0.0451,-0.054117
2026-09-20T09:53:00+00:00,prs,1.3599999999999999,-0.04038,-0.054983,-0.04438,0.010603
2026-09-20T09:54:00+00:00,prs,1.414,-0.039665,-0.000983,-0.043665,-0.042682
2026-09-20T09:55:00+00:00,prs,1.387,-0.038956,-0.027983,-0.042956,-0.014973
2026-09-20T09:56:00+00:00,prs,1.457,-0.038252,0.042017,-0.042252,-0.084269
2026-09-20T09:57:00+00:00,prs,1.244,-0.037554,-0.170983,-0.041553,0.129429
2026-09-20T09:58:00+00:00,prs,1.268,-0.036861,-0.146983,-0.040861,0.106122
2026-09-20T09:59:00+00:00,prs,1.295,-0.036174,-0.119983,-0.040174,0.079809
2026-09-20T10:00:00+00:00,prs,1.279,-0.035493,-0.135983,-0.039493,0.09649
2026-09-20T10:01:00+00:00,prs,1.412,-0.034818,-0.002983,-0.038817,-0.035834
2026-09-20T10:02:00+00:00,prs,1.282,-0.034148,-0.132983,-0.038148,0.094835
2026-09-20T10:03:00+00:00,prs,1.367,-0.033484,-0.047983,-0.037484,0.010499
2026-09-20T10:04:00+00:00,prs,1.361,-0.032827,-0.053983,-0.036827,0.017156
2026-09-20T10:05:00+00:00,prs,1.401,-0.032175,-0.013983,-0.036175,-0.022192
2026-09-20T10:06:00+00:00,prs,1.216,-0.031529,-0.198983,-0.035529,0.163454
2026-09-20T10:07:00+00:00,prs,1.38,-0.03089,-0.034983,-0.03489,9.3e-05
2026-09-20T10:08:00+00:00,prs,1.419,-0.030256,0.004017,-0.034256,-0.038273
2026-09-20T10:09:00+00:00,prs,1.4,-0.029629,-0.014983,-0.033629,-0.018646
2026-09-20T10:10:00+00:00,prs,1.337,-0.029008,-0.077983,-0.033008,0.044975
2026-09-20T10:11:00+00:00,prs,1.3980000000000001,-0.028394,-0.016983,-0.032394,-0.015411
2026-09-20T10:12:00+00:00,prs,1.367,-0.027785,-0.047983,-0.031785,0.016198
2026-09-20T10:13:00+00:00,prs,1.442,-0.027183,0.027017,-0.031183,-0.0582
2026-09-20T10:14:00+00:00,prs,1.389,-0.026588,-0.025983,-0.030588,-0.004605
2026-09-20T10:15:00+00:00,prs,1.23,-0.025999,-0.184983,-0.029999,0.154984
2026-09-20T10:16:00+00:00,prs,1.139,-0.025416,-0.275983,-0.029416,0.246567
2026-09-20T10:17:00+00:00,prs,1.168,-0.02484,-0.246983,-0.02884,0.218143
2026-09-20T10:18:00+00:00,prs,1.306,-0.024271,-0.108983,-0.02827,0.080712
2026-09-20T10:19:00+00:00,prs,1.284,-0.023708,-0.130983,-0.027708,0.103275
2026-09-20T10:20:00+00:00,prs,1.357,-0.023152,-0.057983,-0.027151,0.030831
2026-09-20T10:21:00+00:00,prs,1.301,-0.022602,-0.113983,-0.026602,0.087381
2026-09-20T10:22:00+00:00,prs,1.377,-0.022059,-0.037983,-0.026059,0.011924
2026-09-20T10:23:00+00:00,prs,1.3780000000000001,-0.021523,-0.036983,-0.025523,0.01146
2026-09-20T10:24:00+00:00,prs,1.442,-0.020994,0.027017,-0.024994,-0.052011
2026-09-20T10:25:00+00:00,prs,1.416,-0.020472,0.001017,-0.024472,-0.025489
2026-09-20T10:26:00+00:00,prs,1.373,-0.019957,-0.041983,-0.023957,0.018026
2026-09-20T10:27:00+00:00,prs,1.336,-0.019448,-0.078983,-0.023448,0.055535
2026-09-20T10:28:00+00:00,prs,1.225,-0.018947,-0.189983,-0.022947,0.167036
2026-09-20T10:29:00+00:00,prs,1.482,-0.018452,0.067017,-0.022452,-0.089469
2026-09-20T10:30:00+00:00,prs,1.362,-0.017965,-0.052983,-0.021965,0.031018
2026-09-20T10:31:00+00:00,prs,1.408,-0.017485,-0.006983,-0.021485,-0.014502
2026-09-20T10:32:00+00:00,prs,1.3940000000000001,-0.017011,-0.020983,-0.021011,-2.8e-05
2026-09-20T10:33:00+00:00,prs,1.343,-0.016545,-0.071983,-0.020545,0.051438
2026-09-20T10:34:00+00:00,prs,1.347,-0.016086,-0.067983,-0.020086,0.047897
2026-09-20T10:35:00+00:00,prs,1.315,-0.015635,-0.099983,-0.019635,0.080348
2026-09-20T10:36:00+00:00,prs,1.305,-0.01519,-0.109983,-0.01919,0.090793
2026-09-20T10:37:00+00:00,prs,1.295,-0.014753,-0.119983,-0.018753,0.10123
2026-09-20T10:38:00+00:00,prs,1.2810000000000001,-0.014323,-0.133983,-0.018323,0.11566
2026-09-20T10:39:00+00:00,prs,1.331,-0.0139,-0.083983,-0.0179,0.066083
2026-09-20T10:40:00+00:00,prs,1.3900000000000001,-0.013485,-0.024983,-0.017485,0.007498
2026-09-20T10:41:00+00:00,prs,1.366,-0.013077,-0.048983,-0.017076,0.031906
2026-09-20T10:42:00+00:00,prs,1.325,-0.012676,-0.089983,-0.016676,0.073307
2026-09-20T10:43:00+00:00,prs,1.316,-0.012283,-0.098983,-0.016283,0.0827
2026-09-20T10:44:00+00:00,prs,1.094,-0.011897,-0.320983,-0.015897,0.305086
2026-09-20T10:45:00+00:00,prs,1.417,-0.011518,0.002017,-0.015518,-0.017535
2026-09-20T10:46:00+00:00,prs,1.317,-0.011148,-0.097983,-0.015147,0.082835
2026-09-20T10:47:00+00:00,prs,1.362,-0.010784,-0.052983,-0.014784,0.038199
2026-09-20T10:48:00+00:00,prs,1.416,-0.010428,0.001017,-0.014428,-0.015445
2026-09-20T10:49:00+00:00,prs,1.321,-0.01008,-0.093983,-0.01408,0.079903
2026-09-20T10:50:00+00:00,prs,1.401,-0.009739,-0.013983,-0.013739,0.000244
2026-09-20T10:51:00+00:00,prs,1.287,-0.009406,-0.127983,-0.013406,0.114577
2026-09-20T10:52:00+00:00,prs,1.518,-0.00908,0.103017,-0.01308,-0.116097
2026-09-20T10:53:00+00:00,prs,1.417,-0.008762,0.002017,-0.012762,-0.014779
2026-09-20T10:54:00+00:00,prs,1.384,-0.008452,-0.030983,-0.012452,0.018531
2026-09-20T10:55:00+00:00,prs,1.432,-0.008149,0.017017,-0.012149,-0.029166
2026-09-20T10:56:00+00:00,prs,1.46,-0.007854,0.045017,-0.011854,-0.056871
2026-09-20T10:57:00+00:00,prs,1.423,-0.007566,0.008017,-0.011566,-0.019583
2026-09-20T10:58:00+00:00,prs,1.415,-0.007287,1.7e-05,-0.011287,-0.011304
2026-09-20T10:59:00+00:00,prs,1.358,-0.007015,-0.056983,-0.011015,0.045968
2026-09-20T11:00:00+00:00,prs,1.51,-0.00675,0.095017,-0.01075,-0.105767
2026-09-20T11:01:00+00:00,prs,1.44,-0.006494,0.025017,-0.010494,-0.035511
2026-09-20T11:02:00+00:00,prs,1.441,-0.006245,0.026017,-0.010245,-0.036262
2026-09-20T11:03:00+00:00,prs,1.437,-0.006004,0.022017,-0.010004,-0.032021
2026-09-20T11:04:00+00:00,prs,1.339,-0.00577,-0.075983,-0.00977,0.066213
2026-09-20T11:05:00+00:00,prs,1.2650000000000001,-0.005545,-0.149983,-0.009544,0.140438
2026-09-20T11:06:00+00:00,prs,1.421,-0.005327,0.006017,-0.009327,-0.015344
2026-09-20T11:07:00+00:00,prs,1.538,-0.005117,0.123017,-0.009116,-0.132134
2026-09-20T11:08:00+00:00,prs,1.448,-0.004914,0.033017,-0.008914,-0.041931
2026-09-20T11:09:00+00:00,prs,1.225,-0.00472,-0.189983,-0.00872,0.181263
2026-09-20T11:10:00+00:00,prs,1.397,-0.004533,-0.017983,-0.008533,0.00945
2026-09-20T11:11:00+00:00,prs,1.3780000000000001,-0.004354,-0.036983,-0.008354,0.028629
2026-09-20T11:12:00+00:00,prs,1.412,-0.004183,-0.002983,-0.008183,-0.0052
2026-09-20T11:13:00+00:00,prs,1.3940000000000001,-0.004019,-0.020983,-0.008019,0.012964
2026-09-20T11:14:00+00:00,prs,1.334,-0.003864,-0.080983,-0.007864,0.073119
2026-09-20T11:15:00+00:00,prs,1.225,-0.003716,-0.189983,-0.007716,0.182267
2026-09-20T11:16:00+00:00,prs,1.291,-0.003576,-0.123983,-0.007576,0.116407
2026-09-20T11:17:00+00:00,prs,1.465,-0.003444,0.050017,-0.007444,-0.057461
2026-09-20T11:18:00+00:00,prs,1.571,-0.00332,0.156017,-0.00732,-0.163337
2026-09-20T11:19:00+00:00,prs,1.346,-0.003203,-0.068983,-0.007203,0.06178
2026-09-20T11:20:00+00:00,prs,1.5270000000000001,-0.003094,0.112017,-0.007094,-0.119111
2026-09-20T11:21:00+00:00,prs,1.3719999999999999,-0.002993,-0.042983,-0.006993,0.03599
2026-09-20T11:22:00+00:00,prs,1.458,-0.0029,0.043017,-0.0069,-0.049917
2026-09-20T11:23:00+00:00,prs,1.464,-0.002815,0.049017,-0.006815,-0.055832
2026-09-20T11:24:00+00:00,prs,1.453,-0.002737,0.038017,-0.006737,-0.044754
2026-09-20T11:25:00+00:00,prs,1.373,-0.002667,-0.041983,-0.006667,0.035316
2026-09-20T11:26:00+00:00,prs,1.403,-0.002605,-0.011983,-0.006605,0.005378
2026-09-20T11:27:00+00:00,prs,1.558,-0.002551,0.143017,-0.006551,-0.149568
2026-09-20T11:28:00+00:00,prs,1.31,-0.002504,-0.104983,-0.006504,0.098479
2026-09-20T11:29:00+00:00,prs,1.407,-0.002466,-0.007983,-0.006466,0.001517
2026-09-20T11:30:00+00:00,prs,1.441,-0.002435,0.026017,-0.006434,-0.032452
2026-09-20T11:31:00+00:00,prs,1.404,-0.002411,-0.010983,-0.006411,0.004572
2026-09-20T11:33:00+00:00,prs,1.426,-0.002388,0.011017,-0.006387,-0.017405
2026-09-20T11:34:00+00:00,prs,1.403,-0.002387,-0.011983,-0.006387,0.005596
2026-09-20T11:35:00+00:00,prs,1.303,-0.002395,-0.111983,-0.006395,0.105588
2026-09-20T11:36:00+00:00,prs,1.301,-0.00241,-0.113983,-0.00641,0.107573
2026-09-20T11:37:00+00:00,prs,1.3980000000000001,-0.002432,-0.016983,-0.006432,0.010551
2026-09-20T11:38:00+00:00,prs,1.305,-0.002463,-0.109983,-0.006463,0.10352
2026-09-20T11:39:00+00:00,prs,1.482,-0.002501,0.067017,-0.006501,-0.073518
2026-09-20T11:40:00+00:00,prs,1.419,-0.002546,0.004017,-0.006546,-0.010563
2026-09-20T11:41:00+00:00,prs,1.272,-0.002599,-0.142983,-0.006599,0.136384
2026-09-20T11:42:00+00:00,prs,1.323,-0.00266,-0.091983,-0.00666,0.085323
2026-09-20T11:43:00+00:00,prs,1.223,-0.002728,-0.191983,-0.006728,0.185255
2026-09-20T11:44:00+00:00,prs,1.432,-0.002804,0.017017,-0.006804,-0.023821
2026-09-20T11:45:00+00:00,prs,1.3900000000000001,-0.002887,-0.024983,-0.006887,0.018096
2026-09-20T11:46:00+00:00,prs,1.431,-0.002978,0.016017,-0.006978,-0.022995
2026-09-20T11:48:00+00:00,prs,1.431,-0.003182,0.016017,-0.007182,-0.023199
2026-09-20T11:49:00+00:00,prs,1.399,-0.003295,-0.015983,-0.007295,0.008688
2026-09-20T11:50:00+00:00,prs,1.419,-0.003415,0.004017,-0.007415,-0.011432
2026-09-20T11:51:00+00:00,prs,1.373,-0.003543,-0.041983,-0.007543,0.03444
2026-09-20T11:52:00+00:00,prs,1.413,-0.003678,-0.001983,-0.007678,-0.005695
2026-09-20T11:53:00+00:00,prs,1.3599999999999999,-0.00382,-0.054983,-0.00782,0.047163
2026-09-20T11:54:00+00:00,prs,1.4060000000000001,-0.00397,-0.008983,-0.00797,0.001013
2026-09-20T11:55:00+00:00,prs,1.417,-0.004127,0.002017,-0.008127,-0.010144
2026-09-20T11:56:00+00:00,prs,1.358,-0.004291,-0.056983,-0.008291,0.048692
2026-09-20T11:57:00+00:00,prs,1.3780000000000001,-0.004462,-0.036983,-0.008462,0.028521
2026-09-20T11:58:00+00:00,prs,1.374,-0.004641,-0.040983,-0.008641,0.032342
2026-09-20T11:59:00+00:00,prs,1.404,-0.004827,-0.010983,-0.008826,0.002156
2026-09-20T12:00:00+00:00,prs,1.358,-0.005019,-0.056983,-0.009019,0.047964
2026-09-20T12:01:00+00:00,prs,1.237,-0.005219,-0.177983,-0.009219,0.168764
2026-09-20T12:02:00+00:00,prs,1.376,-0.005426,-0.038983,-0.009426,0.029557
2026-09-20T12:03:00+00:00,prs,1.426,-0.00564,0.011017,-0.00964,-0.020657
2026-09-20T12:04:00+00:00,prs,1.383,-0.005861,-0.031983,-0.009861,0.022122
2026-09-20T12:05:00+00:00,prs,1.301,-0.006089,-0.113983,-0.010089,0.103894
2026-09-20T12:06:00+00:00,prs,1.17,-0.006323,-0.244983,-0.010323,0.23466
2026-09-20T12:07:00+00:00,prs,1.283,-0.006565,-0.131983,-0.010565,0.121418
2026-09-20T12:08:00+00:00,prs,1.341,-0.006813,-0.073983,-0.010813,0.06317
2026-09-20T12:09:00+00:00,prs,1.134,-0.007069,-0.280983,-0.011069,0.269914
2026-09-20T12:10:00+00:00,prs,1.387,-0.007331,-0.027983,-0.011331,0.016652
2026-09-20T12:11:00+00:00,prs,1.179,-0.007599,-0.235983,-0.011599,0.224384
2026-09-20T12:12:00+00:00,prs,1.325,-0.007875,-0.089983,-0.011875,0.078108
2026-09-20T12:13:00+00:00,prs,1.218,-0.008157,-0.196983,-0.012157,0.184826
2026-09-20T12:14:00+00:00,prs,1.45,-0.008446,0.035017,-0.012445,-0.047462
2026-09-20T12:15:00+00:00,prs,1.335,-0.008741,-0.079983,-0.012741,0.067242
2026-09-20T12:16:00+00:00,prs,1.334,-0.009043,-0.080983,-0.013042,0.067941
2026-09-20T12:17:00+00:00,prs,1.293,-0.009351,-0.121983,-0.013351,0.108632
2026-09-20T12:18:00+00:00,prs,1.391,-0.009665,-0.023983,-0.013665,0.010318
2026-09-20T12:19:00+00:00,prs,1.432,-0.009987,0.017017,-0.013986,-0.031003
2026-09-20T12:20:00+00:00,prs,1.165,-0.010314,-0.249983,-0.014314,0.235669
2026-09-20T12:21:00+00:00,prs,1.43,-0.010648,0.015017,-0.014648,-0.029665
2026-09-20T12:22:00+00:00,prs,1.38,-0.010988,-0.034983,-0.014988,0.019995
2026-09-20T12:23:00+00:00,prs,1.23,-0.011334,-0.184983,-0.015334,0.169649
2026-09-20T12:24:00+00:00,prs,1.334,-0.011686,-0.080983,-0.015686,0.065297
2026-09-20T12:25:00+00:00,prs,1.375,-0.012045,-0.039983,-0.016045,0.023938
2026-09-20T12:26:00+00:00,prs,1.296,-0.012409,-0.118983,-0.016409,0.102574
2026-09-20T12:27:00+00:00,prs,1.331,-0.01278,-0.083983,-0.01678,0.067203
2026-09-20T12:28:00+00:00,prs,1.311,-0.013157,-0.103983,-0.017157,0.086826
2026-09-20T12:29:00+00:00,prs,1.214,-0.013539,-0.200983,-0.017539,0.183444
2026-09-20T12:30:00+00:00,prs,1.228,-0.013928,-0.186983,-0.017928,0.169055
2026-09-20T12:31:00+00:00,prs,1.2770000000000001,-0.014322,-0.137983,-0.018322,0.119661
2026-09-20T12:32:00+00:00,prs,1.291,-0.014722,-0.123983,-0.018722,0.105261
2026-09-20T12:33:00+00:00,prs,1.237,-0.015128,-0.177983,-0.019128,0.158855
2026-09-20T12:34:00+00:00,prs,1.292,-0.015539,-0.122983,-0.019539,0.103444
2026-09-20T12:35:00+00:00,prs,1.227,-0.015957,-0.187983,-0.019956,0.168026
2026-09-20T12:36:00+00:00,prs,1.343,-0.016379,-0.071983,-0.020379,0.051604
2026-09-20T12:37:00+00:00,prs,1.2690000000000001,-0.016807,-0.145983,-0.020807,0.125176
2026-09-20T12:38:00+00:00,prs,1.263,-0.017241,-0.151983,-0.021241,0.130742
2026-09-20T12:39:00+00:00,prs,1.311,-0.01768,-0.103983,-0.02168,0.082303
2026-09-20T12:40:00+00:00,prs,1.387,-0.018125,-0.027983,-0.022125,0.005858
2026-09-20T12:41:00+00:00,prs,1.2429999999999999,-0.018575,-0.171983,-0.022574,0.149409
2026-09-20T12:42:00+00:00,prs,1.346,-0.01903,-0.068983,-0.023029,0.045953
2026-09-20T12:43:00+00:00,prs,1.291,-0.01949,-0.123983,-0.02349,0.100493
2026-09-20T12:44:00+00:00,prs,1.2690000000000001,-0.019955,-0.145983,-0.023955,0.122028
2026-09-20T12:45:00+00:00,prs,1.256,-0.020426,-0.158983,-0.024425,0.134557
2026-09-20T12:46:00+00:00,prs,1.224,-0.020901,-0.190983,-0.024901,0.166082
2026-09-20T12:47:00+00:00,prs,1.362,-0.021381,-0.052983,-0.025381,0.027602
2026-09-20T12:48:00+00:00,prs,1.351,-0.021867,-0.063983,-0.025867,0.038116
2026-09-20T12:49:00+00:00,prs,1.4060000000000001,-0.022357,-0.008983,-0.026357,-0.017374
2026-09-20T12:50:00+00:00,prs,1.426,-0.022852,0.011017,-0.026852,-0.037869
2026-09-20T12:51:00+00:00,prs,1.282,-0.023352,-0.132983,-0.027351,0.105631
2026-09-20T12:52:00+00:00,prs,1.355,-0.023856,-0.059983,-0.027856,0.032127
2026-09-20T12:53:00+00:00,prs,1.318,-0.024365,-0.096983,-0.028365,0.068618
2026-09-20T12:54:00+00:00,prs,1.259,-0.024878,-0.155983,-0.028878,0.127105
2026-09-20T12:55:00+00:00,prs,1.256,-0.025396,-0.158983,-0.029396,0.129587
2026-09-20T12:56:00+00:00,prs,1.373,-0.025919,-0.041983,-0.029919,0.012064
2026-09-20T12:57:00+00:00,prs,1.409,-0.026445,-0.005983,-0.030445,-0.024462
2026-09-20T12:58:00+00:00,prs,1.3439999999999999,-0.026976,-0.070983,-0.030976,0.040007
2026-09-20T12:59:00+00:00,prs,1.333,-0.027512,-0.081983,-0.031512,0.050471
2026-09-20T13:00:00+00:00,prs,1.137,-0.028051,-0.277983,-0.032051,0.245932
2026-09-20T13:01:00+00:00,prs,1.263,-0.028595,-0.151983,-0.032594,0.119389
2026-09-20T13:02:00+00:00,prs,1.336,-0.029142,-0.078983,-0.033142,0.045841
2026-09-20T13:03:00+00:00,prs,1.188,-0.029694,-0.226983,-0.033693,0.19329
2026-09-20T13:04:00+00:00,prs,1.283,-0.030249,-0.131983,-0.034249,0.097734
2026-09-20T13:05:00+00:00,prs,1.192,-0.030808,-0.222983,-0.034808,0.188175
2026-09-20T13:06:00+00:00,prs,1.307,-0.031371,-0.107983,-0.035371,0.072612
2026-09-20T13:07:00+00:00,prs,1.319,-0.031938,-0.095983,-0.035938,0.060045
2026-09-20T13:08:00+00:00,prs,0.968,-0.032508,-0.446983,-0.036508,0.410475
2026-09-20T13:09:00+00:00,prs,1.184,-0.033082,-0.230983,-0.037082,0.193901
2026-09-20T13:10:00+00:00,prs,1.295,-0.033659,-0.119983,-0.037659,0.082324
2026-09-20T13:11:00+00:00,prs,1.325,-0.03424,-0.089983,-0.03824,0.051743
2026-09-20T13:12:00+00:00,prs,1.232,-0.034824,-0.182983,-0.038824,0.144159
2026-09-20T13:13:00+00:00,prs,1.195,-0.035412,-0.219983,-0.039412,0.180571
2026-09-20T13:14:00+00:00,prs,1.196,-0.036002,-0.218983,-0.040002,0.178981
2026-09-20T13:15:00+00:00,prs,1.187,-0.036596,-0.227983,-0.040596,0.187387
2026-09-20T13:16:00+00:00,prs,1.156,-0.037193,-0.258983,-0.041193,0.21779
2026-09-20T13:17:00+00:00,prs,1.333,-0.037793,-0.081983,-0.041793,0.04019
2026-09-20T13:18:00+00:00,prs,1.359,-0.038396,-0.055983,-0.042396,0.013587
2026-09-20T13:19:00+00:00,prs,1.388,-0.039001,-0.026983,-0.043001,-0.016018
2026-09-20T13:20:00+00:00,prs,1.052,-0.03961,-0.362983,-0.04361,0.319373
2026-09-20T13:21:00+00:00,prs,1.212,-0.040221,-0.202983,-0.044221,0.158762
2026-09-20T13:22:00+00:00,prs,1.103,-0.040835,-0.311983,-0.044835,0.267148
2026-09-20T13:23:00+00:00,prs,1.27,-0.041451,-0.144983,-0.045451,0.099532
2026-09-20T13:24:00+00:00,prs,1.411,-0.04207,-0.003983,-0.04607,-0.042087
2026-09-20T13:25:00+00:00,prs,1.254,-0.042692,-0.160983,-0.046691,0.114291
2026-09-20T13:26:00+00:00,prs,1.2429999999999999,-0.043315,-0.171983,-0.047315,0.124668
2026-09-20T13:27:00+00:00,prs,1.222,-0.043941,-0.192983,-0.047941,0.145042
2026-09-20T13:28:00+00:00,prs,1.064,-0.044569,-0.350983,-0.048569,0.302414
2026-09-20T13:29:00+00:00,prs,1.401,-0.0452,-0.013983,-0.0492,-0.035217
2026-09-20T13:30:00+00:00,prs,1.307,-0.045832,-0.107983,-0.049832,0.058151
2026-09-20T13:31:00+00:00,prs,1.171,-0.046466,-0.243983,-0.050466,0.193517
2026-09-20T13:32:00+00:00,prs,1.2690000000000001,-0.047103,-0.145983,-0.051103,0.09488
2026-09-20T13:33:00+00:00,prs,1.308,-0.047741,-0.106983,-0.051741,0.055242
2026-09-20T13:34:00+00:00,prs,1.066,-0.048381,-0.348983,-0.05238,0.296603
2026-09-20T13:35:00+00:00,prs,1.142,-0.049022,-0.272983,-0.053022,0.219961
2026-09-20T13:36:00+00:00,prs,1.07,-0.049665,-0.344983,-0.053665,0.291318
2026-09-20T13:37:00+00:00,prs,1.148,-0.05031,-0.266983,-0.05431,0.212673
2026-09-20T13:38:00+00:00,prs,1.29,-0.050956,-0.124983,-0.054956,0.070027
2026-09-20T13:39:00+00:00,prs,1.227,-0.051603,-0.187983,-0.055603,0.13238
2026-09-20T13:40:00+00:00,prs,1.362,-0.052252,-0.052983,-0.056252,-0.003269
2026-09-20T13:41:00+00:00,prs,1.276,-0.052902,-0.138983,-0.056902,0.082081
2026-09-20T13:42:00+00:00,prs,1.259,-0.053553,-0.155983,-0.057553,0.09843
2026-09-20T13:43:00+00:00,prs,1.201,-0.054205,-0.213983,-0.058205,0.155778
2026-09-20T13:44:00+00:00,prs,1.296,-0.054859,-0.118983,-0.058859,0.060124
2026-09-20T13:45:00+00:00,prs,1.282,-0.055513,-0.132983,-0.059513,0.07347
2026-09-20T13:46:00+00:00,prs,1.1400000000000001,-0.056168,-0.274983,-0.060168,0.214815
2026-09-20T13:47:00+00:00,prs,1.276,-0.056823,-0.138983,-0.060823,0.07816
2026-09-20T13:48:00+00:00,prs,1.2690000000000001,-0.05748,-0.145983,-0.06148,0.084503
2026-09-20T13:49:00+00:00,prs,1.23,-0.058137,-0.184983,-0.062137,0.122846
2026-09-20T13:50:00+00:00,prs,1.248,-0.058794,-0.166983,-0.062794,0.104189
2026-09-20T13:51:00+00:00,prs,1.245,-0.059452,-0.169983,-0.063452,0.106531
2026-09-20T13:52:00+00:00,prs,1.3679999999999999,-0.06011,-0.046983,-0.06411,-0.017127
2026-09-20T13:53:00+00:00,prs,1.23,-0.060769,-0.184983,-0.064769,0.120214
2026-09-20T13:54:00+00:00,prs,1.339,-0.061428,-0.075983,-0.065428,0.010555
2026-09-20T13:55:00+00:00,prs,1.276,-0.062087,-0.138983,-0.066087,0.072896
2026-09-20T13:56:00+00:00,prs,1.2389999999999999,-0.062746,-0.175983,-0.066745,0.109237
2026-09-20T13:57:00+00:00,prs,1.266,-0.063404,-0.148983,-0.067404,0.081579
2026-09-20T13:58:00+00:00,prs,1.248,-0.064063,-0.166983,-0.068063,0.09892
2026-09-20T13:59:00+00:00,prs,1.148,-0.064722,-0.266983,-0.068722,0.198261
2026-09-20T14:00:00+00:00,prs,1.147,-0.06538,-0.267983,-0.06938,0.198603
2026-09-20T14:01:00+00:00,prs,1.241,-0.066038,-0.173983,-0.070038,0.103945
2026-09-20T14:02:00+00:00,prs,1.354,-0.066696,-0.060983,-0.070696,-0.009713
2026-09-20T14:03:00+00:00,prs,1.142,-0.067353,-0.272983,-0.071353,0.20163
2026-09-20T14:04:00+00:00,prs,1.326,-0.068009,-0.088983,-0.072009,0.016974
2026-09-20T14:05:00+00:00,prs,1.294,-0.068665,-0.120983,-0.072665,0.048318
2026-09-20T14:06:00+00:00,prs,1.2610000000000001,-0.06932,-0.153983,-0.07332,0.080663
2026-09-20T14:07:00+00:00,prs,1.233,-0.069974,-0.181983,-0.073974,0.108009
2026-09-20T14:08:00+00:00,prs,1.3,-0.070628,-0.114983,-0.074628,0.040355
2026-09-20T14:09:00+00:00,prs,1.212,-0.07128,-0.202983,-0.07528,0.127703
2026-09-20T14:10:00+00:00,prs,1.244,-0.071931,-0.170983,-0.075931,0.095052
2026-09-20T14:11:00+00:00,prs,1.296,-0.072581,-0.118983,-0.076581,0.042402
2026-09-20T14:12:00+00:00,prs,1.19,-0.07323,-0.224983,-0.07723,0.147753
2026-09-20T14:13:00+00:00,prs,1.337,-0.073878,-0.077983,-0.077878,0.000105
2026-09-20T14:14:00+00:00,prs,1.256,-0.074524,-0.158983,-0.078524,0.080459
2026-09-20T14:15:00+00:00,prs,1.221,-0.075169,-0.193983,-0.079169,0.114814
2026-09-20T14:16:00+00:00,prs,1.232,-0.075812,-0.182983,-0.079812,0.103171
2026-09-20T14:17:00+00:00,prs,1.316,-0.076453,-0.098983,-0.080453,0.01853
2026-09-20T14:18:00+00:00,prs,1.301,-0.077093,-0.113983,-0.081093,0.03289
2026-09-20T14:19:00+00:00,prs,1.256,-0.077731,-0.158983,-0.081731,0.077252
2026-09-20T14:20:00+00:00,prs,1.149,-0.078368,-0.265983,-0.082368,0.183615
2026-09-20T14:21:00+00:00,prs,1.225,-0.079002,-0.189983,-0.083002,0.106981
2026-09-20T14:22:00+00:00,prs,1.23,-0.079634,-0.184983,-0.083634,0.101349
2026-09-20T14:23:00+00:00,prs,1.225,-0.080264,-0.189983,-0.084264,0.105719
2026-09-20T14:24:00+00:00,prs,1.182,-0.080892,-0.232983,-0.084892,0.148091
2026-09-20T14:25:00+00:00,prs,1.204,-0.081518,-0.210983,-0.085518,0.125465
2026-09-20T14:26:00+00:00,prs,1.17,-0.082141,-0.244983,-0.086141,0.158842
2026-09-20T14:27:00+00:00,prs,1.259,-0.082762,-0.155983,-0.086762,0.069221
2026-09-20T14:28:00+00:00,prs,1.2469999999999999,-0.083381,-0.167983,-0.087381,0.080602
2026-09-20T14:29:00+00:00,prs,1.233,-0.083997,-0.181983,-0.087997,0.093986
2026-09-20T14:30:00+00:00,prs,1.151,-0.08461,-0.263983,-0.08861,0.175373
2026-09-20T14:31:00+00:00,prs,1.22,-0.08522,-0.194983,-0.08922,0.105763
2026-09-20T14:32:00+00:00,prs,1.237,-0.085828,-0.177983,-0.089828,0.088155
2026-09-20T14:33:00+00:00,prs,1.315,-0.086433,-0.099983,-0.090433,0.00955
2026-09-20T14:34:00+00:00,prs,1.201,-0.087035,-0.213983,-0.091035,0.122948
2026-09-20T14:35:00+00:00,prs,1.164,-0.087633,-0.250983,-0.091633,0.15935
2026-09-20T14:36:00+00:00,prs,1.187,-0.088229,-0.227983,-0.092229,0.135754
2026-09-20T14:37:00+00:00,prs,1.161,-0.088822,-0.253983,-0.092822,0.161161
2026-09-20T14:38:00+00:00,prs,1.18,-0.089411,-0.234983,-0.093411,0.141572
2026-09-20T14:39:00+00:00,prs,1.179,-0.089997,-0.235983,-0.093997,0.141986
2026-09-20T14:40:00+00:00,prs,1.286,-0.090579,-0.128983,-0.094579,0.034404
2026-09-20T14:41:00+00:00,prs,1.275,-0.091158,-0.139983,-0.095158,0.044825
2026-09-20T14:42:00+00:00,prs,1.238,-0.091733,-0.176983,-0.095733,0.08125
2026-09-20T14:43:00+00:00,prs,1.21,-0.092305,-0.204983,-0.096305,0.108678
2026-09-20T14:44:00+00:00,prs,1.272,-0.092873,-0.142983,-0.096873,0.04611
2026-09-20T14:45:00+00:00,prs,1.275,-0.093437,-0.139983,-0.097437,0.042546
2026-09-20T14:46:00+00:00,prs,1.245,-0.093997,-0.169983,-0.097997,0.071986
2026-09-20T14:47:00+00:00,prs,1.146,-0.094554,-0.268983,-0.098554,0.170429
2026-09-20T14:48:00+00:00,prs,1.168,-0.095106,-0.246983,-0.099106,0.147877
2026-09-20T14:49:00+00:00,prs,1.246,-0.095654,-0.168983,-0.099654,0.069329
2026-09-20T14:50:00+00:00,prs,1.294,-0.096198,-0.120983,-0.100198,0.020785
2026-09-20T14:51:00+00:00,prs,1.228,-0.096738,-0.186983,-0.100738,0.086245
2026-09-20T14:52:00+00:00,prs,1.204,-0.097273,-0.210983,-0.101273,0.10971
2026-09-20T14:53:00+00:00,prs,1.285,-0.097804,-0.129983,-0.101804,0.028179
2026-09-20T14:54:00+00:00,prs,1.26,-0.098331,-0.154983,-0.102331,0.052652
2026-09-20T14:55:00+00:00,prs,1.248,-0.098853,-0.166983,-0.102853,0.06413
2026-09-20T14:56:00+00:00,prs,1.2610000000000001,-0.09937,-0.153983,-0.10337,0.050613
2026-09-20T14:57:00+00:00,prs,1.23,-0.099883,-0.184983,-0.103883,0.0811
2026-09-20T14:58:00+00:00,prs,1.2730000000000001,-0.100391,-0.141983,-0.10439,0.037593
2026-09-20T14:59:00+00:00,prs,1.222,-0.100894,-0.192983,-0.104893,0.088089
2026-09-20T15:00:00+00:00,prs,1.192,-0.101392,-0.222983,-0.105392,0.117591
2026-09-20T15:01:00+00:00,prs,1.227,-0.101885,-0.187983,-0.105885,0.082098
2026-09-20T15:02:00+00:00,prs,1.266,-0.102373,-0.148983,-0.106373,0.04261
2026-09-20T15:03:00+00:00,prs,1.226,-0.102856,-0.188983,-0.106856,0.082127
2026-09-20T15:04:00+00:00,prs,1.272,-0.103333,-0.142983,-0.107333,0.03565
2026-09-20T15:05:00+00:00,prs,1.2469999999999999,-0.103806,-0.167983,-0.107806,0.060177
2026-09-20T15:06:00+00:00,prs,1.22,-0.104273,-0.194983,-0.108273,0.08671
2026-09-20T15:07:00+00:00,prs,1.319,-0.104735,-0.095983,-0.108735,-0.012752
2026-09-20T15:08:00+00:00,prs,1.236,-0.105191,-0.178983,-0.109191,0.069792
2026-09-20T15:09:00+00:00,prs,1.175,-0.105642,-0.239983,-0.109642,0.130341
2026-09-20T15:10:00+00:00,prs,1.17,-0.106087,-0.244983,-0.110087,0.134896
2026-09-20T15:11:00+00:00,prs,1.181,-0.106526,-0.233983,-0.110526,0.123457
2026-09-20T15:12:00+00:00,prs,1.237,-0.10696,-0.177983,-0.11096,0.067023
2026-09-20T15:13:00+00:00,prs,1.25,-0.107388,-0.164983,-0.111388,0.053595
2026-09-20T15:14:00+00:00,prs,1.214,-0.10781,-0.200983,-0.11181,0.089173
2026-09-20T15:15:00+00:00,prs,1.1320000000000001,-0.108226,-0.282983,-0.112226,0.170757
2026-09-20T15:16:00+00:00,prs,1.224,-0.108636,-0.190983,-0.112636,0.078347
2026-09-20T15:17:00+00:00,prs,1.289,-0.10904,-0.125983,-0.11304,0.012943
2026-09-20T15:18:00+00:00,prs,1.232,-0.109437,-0.182983,-0.113437,0.069546
2026-09-20T15:19:00+00:00,prs,1.244,-0.109829,-0.170983,-0.113829,0.057154
2026-09-20T15:20:00+00:00,prs,1.2530000000000001,-0.110214,-0.161983,-0.114214,0.047769
2026-09-20T15:21:00+00:00,prs,1.244,-0.110593,-0.170983,-0.114593,0.05639
2026-09-20T15:22:00+00:00,prs,1.23,-0.110966,-0.184983,-0.114966,0.070017
2026-09-20T15:23:00+00:00,prs,1.158,-0.111332,-0.256983,-0.115332,0.141651
2026-09-20T15:24:00+00:00,prs,1.198,-0.111692,-0.216983,-0.115692,0.101291
2026-09-20T15:25:00+00:00,prs,1.203,-0.112045,-0.211983,-0.116045,0.095938
2026-09-20T15:26:00+00:00,prs,1.204,-0.112391,-0.210983,-0.116391,0.094592
2026-09-20T15:27:00+00:00,prs,1.309,-0.112731,-0.105983,-0.11673,-0.010748
2026-09-20T15:28:00+00:00,prs,1.242,-0.113063,-0.172983,-0.117063,0.05592
2026-09-20T15:29:00+00:00,prs,1.234,-0.113389,-0.180983,-0.117389,0.063594
2026-09-20T15:30:00+00:00,prs,1.187,-0.113709,-0.227983,-0.117709,0.110274
2026-09-20T15:31:00+00:00,prs,1.284,-0.114021,-0.130983,-0.118021,0.012962
2026-09-20T15:33:00+00:00,prs,1.256,-0.114624,-0.158983,-0.118624,0.040359
2026-09-20T15:34:00+00:00,prs,1.256,-0.114915,-0.158983,-0.118915,0.040068
2026-09-20T15:35:00+00:00,prs,1.182,-0.115199,-0.232983,-0.119199,0.113784
2026-09-20T15:36:00+00:00,prs,1.2730000000000001,-0.115476,-0.141983,-0.119475,0.022507
2026-09-20T15:37:00+00:00,prs,1.271,-0.115745,-0.143983,-0.119745,0.024238
2026-09-20T15:38:00+00:00,prs,1.184,-0.116007,-0.230983,-0.120007,0.110976
2026-09-20T15:39:00+00:00,prs,1.143,-0.116261,-0.271983,-0.120261,0.151722
2026-09-20T15:40:00+00:00,prs,1.211,-0.116508,-0.203983,-0.120508,0.083475
2026-09-20T15:41:00+00:00,prs,1.276,-0.116748,-0.138983,-0.120748,0.018235
2026-09-20T15:42:00+00:00,prs,1.173,-0.11698,-0.241983,-0.12098,0.121003
2026-09-20T15:43:00+00:00,prs,1.2530000000000001,-0.117204,-0.161983,-0.121204,0.040779
2026-09-20T15:44:00+00:00,prs,1.208,-0.117421,-0.206983,-0.121421,0.085562
2026-09-20T15:45:00+00:00,prs,1.19,-0.11763,-0.224983,-0.12163,0.103353
2026-09-20T15:46:00+00:00,prs,1.2810000000000001,-0.117831,-0.133983,-0.121831,0.012152
2026-09-20T15:48:00+00:00,prs,1.219,-0.11821,-0.195983,-0.12221,0.073773
2026-09-20T15:49:00+00:00,prs,1.203,-0.118388,-0.211983,-0.122388,0.089595
2026-09-20T15:50:00+00:00,prs,1.271,-0.118557,-0.143983,-0.122557,0.021426
2026-09-20T15:51:00+00:00,prs,1.279,-0.118719,-0.135983,-0.122719,0.013264
2026-09-20T15:52:00+00:00,prs,1.233,-0.118872,-0.181983,-0.122872,0.059111
2026-09-20T15:53:00+00:00,prs,1.226,-0.119018,-0.188983,-0.123018,0.065965
2026-09-20T15:54:00+00:00,prs,1.251,-0.119155,-0.163983,-0.123155,0.040828
2026-09-20T15:55:00+00:00,prs,1.26,-0.119284,-0.154983,-0.123284,0.031699
2026-09-20T15:56:00+00:00,prs,1.215,-0.119405,-0.199983,-0.123405,0.076578
2026-09-20T15:57:00+00:00,prs,1.165,-0.119517,-0.249983,-0.123517,0.126466
2026-09-20T15:58:00+00:00,prs,1.211,-0.119621,-0.203983,-0.123621,0.080362
2026-09-20T15:59:00+00:00,prs,1.241,-0.119717,-0.173983,-0.123717,0.050266
2026-09-20T16:00:00+00:00,prs,1.2349999999999999,-0.119804,-0.179983,-0.123804,0.056179
2026-09-20T16:01:00+00:00,prs,1.218,-0.119883,-0.196983,-0.123883,0.0731
2026-09-20T16:02:00+00:00,prs,1.112,-0.119953,-0.302983,-0.123953,0.17903
2026-09-20T16:03:00+00:00,prs,1.223,-0.120015,-0.191983,-0.124015,0.067968
2026-09-20T16:04:00+00:00,prs,1.2349999999999999,-0.120068,-0.179983,-0.124068,0.055915
2026-09-20T16:05:00+00:00,prs,1.229,-0.120113,-0.185983,-0.124113,0.06187
2026-09-20T16:06:00+00:00,prs,1.206,-0.120149,-0.208983,-0.124149,0.084834
2026-09-20T16:07:00+00:00,prs,1.148,-0.120176,-0.266983,-0.124176,0.142807
2026-09-20T16:08:00+00:00,prs,1.198,-0.120194,-0.216983,-0.124194,0.092789
2026-09-20T16:09:00+00:00,prs,1.194,-0.120204,-0.220983,-0.124204,0.096779
2026-09-20T16:10:00+00:00,prs,1.289,-0.120204,-0.125983,-0.124204,0.001779
2026-09-20T16:11:00+00:00,prs,1.24,-0.120196,-0.174983,-0.124196,0.050787
2026-09-20T16:12:00+00:00,prs,1.19,-0.120179,-0.224983,-0.124179,0.100804
2026-09-20T16:13:00+00:00,prs,1.127,-0.120153,-0.287983,-0.124153,0.16383
2026-09-20T16:14:00+00:00,prs,1.196,-0.120118,-0.218983,-0.124118,0.094865
2026-09-20T16:15:00+00:00,prs,1.104,-0.120074,-0.310983,-0.124074,0.186909
2026-09-20T16:16:00+00:00,prs,1.24,-0.120021,-0.174983,-0.124021,0.050962
2026-09-20T16:17:00+00:00,prs,1.222,-0.119959,-0.192983,-0.123959,0.069024
2026-09-20T16:18:00+00:00,prs,1.233,-0.119888,-0.181983,-0.123888,0.058095
2026-09-20T16:19:00+00:00,prs,1.197,-0.119808,-0.217983,-0.123808,0.094175
2026-09-20T16:20:00+00:00,prs,1.284,-0.119719,-0.130983,-0.123718,0.007264
2026-09-20T16:21:00+00:00,prs,1.238,-0.11962,-0.176983,-0.12362,0.053363
2026-09-20T16:22:00+00:00,prs,1.151,-0.119512,-0.263983,-0.123512,0.140471
2026-09-20T16:23:00+00:00,prs,1.2610000000000001,-0.119395,-0.153983,-0.123395,0.030588
2026-09-20T16:24:00+00:00,prs,1.2690000000000001,-0.119269,-0.145983,-0.123269,0.022714
2026-09-20T16:25:00+00:00,prs,1.246,-0.119133,-0.168983,-0.123133,0.04585
2026-09-20T16:26:00+00:00,prs,1.279,-0.118988,-0.135983,-0.122988,0.012995
2026-09-20T16:27:00+00:00,prs,1.252,-0.118834,-0.162983,-0.122834,0.040149
2026-09-20T16:28:00+00:00,prs,1.212,-0.11867,-0.202983,-0.12267,0.080313
2026-09-20T16:29:00+00:00,prs,1.242,-0.118497,-0.172983,-0.122497,0.050486
2026-09-20T16:30:00+00:00,prs,1.252,-0.118314,-0.162983,-0.122314,0.040669
2026-09-20T16:31:00+00:00,prs,1.259,-0.118122,-0.155983,-0.122122,0.033861
2026-09-20T16:32:00+00:00,prs,1.238,-0.117921,-0.176983,-0.121921,0.055062
2026-09-20T16:33:00+00:00,prs,1.263,-0.11771,-0.151983,-0.12171,0.030273
2026-09-20T16:34:00+00:00,prs,1.218,-0.117489,-0.196983,-0.121489,0.075494
2026-09-20T16:35:00+00:00,prs,1.229,-0.117259,-0.185983,-0.121259,0.064724
2026-09-20T16:36:00+00:00,prs,1.2610000000000001,-0.11702,-0.153983,-0.12102,0.032963
2026-09-20T16:37:00+00:00,prs,1.258,-0.116771,-0.156983,-0.120771,0.036212
2026-09-20T16:38:00+00:00,prs,1.2610000000000001,-0.116512,-0.153983,-0.120512,0.033471
2026-09-20T16:39:00+00:00,prs,1.219,-0.116244,-0.195983,-0.120244,0.075739
2026-09-20T16:40:00+00:00,prs,1.233,-0.115966,-0.181983,-0.119966,0.062017
2026-09-20T16:41:00+00:00,prs,1.205,-0.115678,-0.209983,-0.119678,0.090305
2026-09-20T16:42:00+00:00,prs,1.271,-0.115381,-0.143983,-0.119381,0.024602
2026-09-20T16:43:00+00:00,prs,1.267,-0.115074,-0.147983,-0.119074,0.028909
2026-09-20T16:44:00+00:00,prs,1.213,-0.114758,-0.201983,-0.118758,0.083225
2026-09-20T16:45:00+00:00,prs,1.242,-0.114432,-0.172983,-0.118432,0.054551
2026-09-20T16:46:00+00:00,prs,1.211,-0.114096,-0.203983,-0.118096,0.085887
2026-09-20T16:47:00+00:00,prs,1.306,-0.11375,-0.108983,-0.11775,-0.008767
2026-09-20T16:48:00+00:00,prs,1.232,-0.113395,-0.182983,-0.117395,0.065588
2026-09-20T16:49:00+00:00,prs,1.27,-0.11303,-0.144983,-0.11703,0.027953
2026-09-20T16:50:00+00:00,prs,1.234,-0.112655,-0.180983,-0.116655,0.064328
2026-09-20T16:51:00+00:00,prs,1.217,-0.112271,-0.197983,-0.116271,0.081712
2026-09-20T16:52:00+00:00,prs,1.161,-0.111876,-0.253983,-0.115876,0.138107
2026-09-20T16:53:00+00:00,prs,1.283,-0.111472,-0.131983,-0.115472,0.016511
2026-09-20T16:54:00+00:00,prs,1.249,-0.111059,-0.165983,-0.115058,0.050924
2026-09-20T16:55:00+00:00,prs,1.322,-0.110635,-0.092983,-0.114635,-0.021652
2026-09-20T16:56:00+00:00,prs,1.203,-0.110202,-0.211983,-0.114202,0.097781
2026-09-20T16:57:00+00:00,prs,1.166,-0.109759,-0.248983,-0.113758,0.135224
2026-09-20T16:58:00+00:00,prs,1.226,-0.109306,-0.188983,-0.113306,0.075677
2026-09-20T16:59:00+00:00,prs,1.25,-0.108843,-0.164983,-0.112843,0.05214
2026-09-20T17:00:00+00:00,prs,1.332,-0.108371,-0.082983,-0.112371,-0.029388
2026-09-20T17:01:00+00:00,prs,1.236,-0.107888,-0.178983,-0.111888,0.067095
2026-09-20T17:02:00+00:00,prs,1.358,-0.107396,-0.056983,-0.111396,-0.054413
2026-09-20T17:03:00+00:00,prs,1.245,-0.106895,-0.169983,-0.110895,0.059088
2026-09-20T17:04:00+00:00,prs,1.298,-0.106383,-0.116983,-0.110383,0.0066
2026-09-20T17:05:00+00:00,prs,1.28,-0.105862,-0.134983,-0.109862,0.025121
2026-09-20T17:06:00+00:00,prs,1.322,-0.105331,-0.092983,-0.109331,-0.016348
2026-09-20T17:07:00+00:00,prs,1.32,-0.10479,-0.094983,-0.10879,-0.013807
2026-09-20T17:08:00+00:00,prs,1.375,-0.104239,-0.039983,-0.108239,-0.068256
2026-09-20T17:09:00+00:00,prs,1.313,-0.103679,-0.101983,-0.107679,-0.005696
2026-09-20T17:10:00+00:00,prs,1.264,-0.103109,-0.150983,-0.107109,0.043874
2026-09-20T17:11:00+00:00,prs,1.242,-0.102529,-0.172983,-0.106529,0.066454
2026-09-20T17:12:00+00:00,prs,1.3,-0.101939,-0.114983,-0.105939,0.009044
2026-09-20T17:13:00+00:00,prs,1.366,-0.10134,-0.048983,-0.10534,-0.056357
2026-09-20T17:14:00+00:00,prs,1.2570000000000001,-0.100731,-0.157983,-0.104731,0.053252
2026-09-20T17:15:00+00:00,prs,1.32,-0.100112,-0.094983,-0.104112,-0.009129
2026-09-20T17:16:00+00:00,prs,1.301,-0.099484,-0.113983,-0.103483,0.010499
2026-09-20T17:17:00+00:00,prs,1.289,-0.098845,-0.125983,-0.102845,0.023138
2026-09-20T17:18:00+00:00,prs,1.214,-0.098198,-0.200983,-0.102198,0.098785
2026-09-20T17:19:00+00:00,prs,1.28,-0.09754,-0.134983,-0.10154,0.033443
2026-09-20T17:20:00+00:00,prs,1.29,-0.096873,-0.124983,-0.100873,0.02411
2026-09-20T17:21:00+00:00,prs,1.385,-0.096196,-0.029983,-0.100196,-0.070213
2026-09-20T17:22:00+00:00,prs,1.343,-0.09551,-0.071983,-0.09951,-0.027527
2026-09-20T17:23:00+00:00,prs,1.2,-0.094814,-0.214983,-0.098814,0.116169
2026-09-20T17:24:00+00:00,prs,1.381,-0.094108,-0.033983,-0.098108,-0.064125
2026-09-20T17:25:00+00:00,prs,1.2389999999999999,-0.093393,-0.175983,-0.097393,0.07859
2026-09-20T17:26:00+00:00,prs,1.318,-0.092669,-0.096983,-0.096669,0.000314
2026-09-20T17:27:00+00:00,prs,1.3639999999999999,-0.091934,-0.050983,-0.095934,-0.044951
2026-09-20T17:28:00+00:00,prs,1.334,-0.091191,-0.080983,-0.095191,-0.014208
2026-09-20T17:29:00+00:00,prs,1.326,-0.090438,-0.088983,-0.094438,-0.005455
2026-09-20T17:30:00+00:00,prs,1.365,-0.089675,-0.049983,-0.093675,-0.043692
2026-09-20T17:31:00+00:00,prs,1.4,-0.088903,-0.014983,-0.092903,-0.07792
2026-09-20T17:32:00+00:00,prs,1.337,-0.088121,-0.077983,-0.092121,-0.014138
2026-09-20T17:33:00+00:00,prs,1.4,-0.087331,-0.014983,-0.09133,-0.076348
2026-09-20T17:34:00+00:00,prs,1.305,-0.08653,-0.109983,-0.09053,0.019453
2026-09-20T17:35:00+00:00,prs,1.3780000000000001,-0.085721,-0.036983,-0.089721,-0.052738
2026-09-20T17:36:00+00:00,prs,1.3780000000000001,-0.084902,-0.036983,-0.088902,-0.051919
2026-09-20T17:37:00+00:00,prs,1.334,-0.084074,-0.080983,-0.088073,-0.00709
2026-09-20T17:38:00+00:00,prs,1.2810000000000001,-0.083236,-0.133983,-0.087236,0.046747
2026-09-20T17:39:00+00:00,prs,1.432,-0.082389,0.017017,-0.086389,-0.103406
2026-09-20T17:40:00+00:00,prs,1.331,-0.081533,-0.083983,-0.085533,-0.00155
2026-09-20T17:41:00+00:00,prs,1.358,-0.080668,-0.056983,-0.084668,-0.027685
2026-09-20T17:42:00+00:00,prs,1.383,-0.079794,-0.031983,-0.083794,-0.051811
2026-09-20T17:43:00+00:00,prs,1.3719999999999999,-0.078911,-0.042983,-0.082911,-0.039928
2026-09-20T17:44:00+00:00,prs,1.396,-0.078018,-0.018983,-0.082018,-0.063035
2026-09-20T17:45:00+00:00,prs,1.358,-0.077117,-0.056983,-0.081117,-0.024134
2026-09-20T17:46:00+00:00,prs,1.309,-0.076206,-0.105983,-0.080206,0.025777
2026-09-20T17:47:00+00:00,prs,1.349,-0.075287,-0.065983,-0.079287,-0.013304
2026-09-20T17:48:00+00:00,prs,1.355,-0.074358,-0.059983,-0.078358,-0.018375
2026-09-20T17:49:00+00:00,prs,1.412,-0.073421,-0.002983,-0.077421,-0.074438
2026-09-20T17:50:00+00:00,prs,1.442,-0.072474,0.027017,-0.076474,-0.103491
2026-09-20T17:51:00+00:00,prs,1.429,-0.071519,0.014017,-0.075519,-0.089536
2026-09-20T17:52:00+00:00,prs,1.412,-0.070555,-0.002983,-0.074555,-0.071572
2026-09-20T17:53:00+00:00,prs,1.391,-0.069583,-0.023983,-0.073583,-0.0496
2026-09-20T17:54:00+00:00,prs,1.377,-0.068601,-0.037983,-0.072601,-0.034618
2026-09-20T17:55:00+00:00,prs,1.418,-0.067611,0.003017,-0.071611,-0.074628
2026-09-20T17:56:00+00:00,prs,1.387,-0.066612,-0.027983,-0.070612,-0.042629
2026-09-20T17:57:00+00:00,prs,1.424,-0.065605,0.009017,-0.069605,-0.078622
2026-09-20T17:58:00+00:00,prs,1.438,-0.064589,0.023017,-0.068589,-0.091606
2026-09-20T17:59:00+00:00,prs,1.414,-0.063565,-0.000983,-0.067565,-0.066582
2026-09-20T18:00:00+00:00,prs,1.4020000000000001,-0.062532,-0.012983,-0.066532,-0.053549
2026-09-20T18:01:00+00:00,prs,1.456,-0.06149,0.041017,-0.06549,-0.106507
2026-09-20T18:02:00+00:00,prs,1.471,-0.060441,0.056017,-0.064441,-0.120458
2026-09-20T18:03:00+00:00,prs,1.363,-0.059383,-0.051983,-0.063382,-0.0114
2026-09-20T18:04:00+00:00,prs,1.3940000000000001,-0.058316,-0.020983,-0.062316,-0.041333
2026-09-20T18:05:00+00:00,prs,1.371,-0.057241,-0.043983,-0.061241,-0.017258
2026-09-20T18:06:00+00:00,prs,1.437,-0.056159,0.022017,-0.060158,-0.082176
2026-09-20T18:07:00+00:00,prs,1.366,-0.055068,-0.048983,-0.059067,-0.010085
2026-09-20T18:08:00+00:00,prs,1.466,-0.053968,0.051017,-0.057968,-0.108985
2026-09-20T18:09:00+00:00,prs,1.467,-0.052861,0.052017,-0.056861,-0.108878
2026-09-20T18:10:00+00:00,prs,1.451,-0.051746,0.036017,-0.055746,-0.091763
2026-09-20T18:11:00+00:00,prs,1.404,-0.050623,-0.010983,-0.054623,-0.04364
2026-09-20T18:12:00+00:00,prs,1.391,-0.049492,-0.023983,-0.053492,-0.029509
2026-09-20T18:13:00+00:00,prs,1.445,-0.048353,0.030017,-0.052353,-0.08237
2026-09-20T18:14:00+00:00,prs,1.453,-0.047206,0.038017,-0.051206,-0.089223
2026-09-20T18:15:00+00:00,prs,1.397,-0.046052,-0.017983,-0.050051,-0.032069
2026-09-20T18:16:00+00:00,prs,1.385,-0.044889,-0.029983,-0.048889,-0.018906
2026-09-20T18:17:00+00:00,prs,1.354,-0.043719,-0.060983,-0.047719,0.013264
2026-09-20T18:18:00+00:00,prs,1.3980000000000001,-0.042542,-0.016983,-0.046542,-0.029559
2026-09-20T18:19:00+00:00,prs,1.524,-0.041357,0.109017,-0.045357,-0.154374
2026-09-20T18:20:00+00:00,prs,1.3820000000000001,-0.040165,-0.032983,-0.044165,-0.011182
2026-09-20T18:21:00+00:00,prs,1.45,-0.038965,0.035017,-0.042965,-0.077982
2026-09-20T18:22:00+00:00,prs,1.463,-0.037758,0.048017,-0.041757,-0.089775
2026-09-20T18:23:00+00:00,prs,1.4020000000000001,-0.036543,-0.012983,-0.040543,-0.02756
2026-09-20T18:24:00+00:00,prs,1.491,-0.035321,0.076017,-0.039321,-0.115338
2026-09-20T18:25:00+00:00,prs,1.5350000000000001,-0.034092,0.120017,-0.038092,-0.158109
2026-09-20T18:26:00+00:00,prs,1.4729999999999999,-0.032856,0.058017,-0.036856,-0.094873
2026-09-20T18:27:00+00:00,prs,1.3860000000000001,-0.031613,-0.028983,-0.035613,-0.00663
2026-09-20T18:28:00+00:00,prs,1.4729999999999999,-0.030363,0.058017,-0.034363,-0.09238
2026-09-20T18:29:00+00:00,prs,1.3780000000000001,-0.029106,-0.036983,-0.033106,0.003877
2026-09-20T18:30:00+00:00,prs,1.533,-0.027842,0.118017,-0.031842,-0.149859
2026-09-20T18:31:00+00:00,prs,1.413,-0.026571,-0.001983,-0.030571,-0.028588
2026-09-20T18:32:00+00:00,prs,1.424,-0.025293,0.009017,-0.029293,-0.03831
2026-09-20T18:33:00+00:00,prs,1.461,-0.024009,0.046017,-0.028009,-0.074026
2026-09-20T18:34:00+00:00,prs,1.496,-0.022718,0.081017,-0.026718,-0.107735
2026-09-20T18:35:00+00:00,prs,1.505,-0.021421,0.090017,-0.025421,-0.115438
2026-09-20T18:36:00+00:00,prs,1.464,-0.020117,0.049017,-0.024117,-0.073134
2026-09-20T18:37:00+00:00,prs,1.451,-0.018807,0.036017,-0.022807,-0.058824
2026-09-20T18:38:00+00:00,prs,1.499,-0.01749,0.084017,-0.02149,-0.105507
2026-09-20T18:39:00+00:00,prs,1.509,-0.016167,0.094017,-0.020167,-0.114184
2026-09-20T18:40:00+00:00,prs,1.488,-0.014838,0.073017,-0.018838,-0.091855
2026-09-20T18:41:00+00:00,prs,1.421,-0.013502,0.006017,-0.017502,-0.023519
2026-09-20T18:42:00+00:00,prs,1.508,-0.012161,0.093017,-0.016161,-0.109178
2026-09-20T18:43:00+00:00,prs,1.405,-0.010813,-0.009983,-0.014813,-0.00483
2026-09-20T18:44:00+00:00,prs,1.467,-0.00946,0.052017,-0.01346,-0.065477
2026-09-20T18:45:00+00:00,prs,1.54,-0.008101,0.125017,-0.012101,-0.137118
2026-09-20T18:46:00+00:00,prs,1.538,-0.006736,0.123017,-0.010735,-0.133753
2026-09-20T18:47:00+00:00,prs,1.557,-0.005365,0.142017,-0.009365,-0.151382
2026-09-20T18:48:00+00:00,prs,1.5270000000000001,-0.003988,0.112017,-0.007988,-0.120005
2026-09-20T18:49:00+00:00,prs,1.476,-0.002606,0.061017,-0.006606,-0.067623
2026-09-20T18:50:00+00:00,prs,1.5190000000000001,-0.001219,0.104017,-0.005218,-0.109235
2026-09-20T18:51:00+00:00,prs,1.47,0.000175,0.055017,-0.003825,-0.058842
2026-09-20T18:52:00+00:00,prs,1.478,0.001573,0.063017,-0.002427,-0.065444
2026-09-20T18:53:00+00:00,prs,1.444,0.002977,0.029017,-0.001023,-0.03004
2026-09-20T18:54:00+00:00,prs,1.476,0.004386,0.061017,0.000386,-0.060631
2026-09-20T18:55:00+00:00,prs,1.55,0.0058,0.135017,0.0018,-0.133217
2026-09-20T18:56:00+00:00,prs,1.488,0.007219,0.073017,0.003219,-0.069798
2026-09-20T18:57:00+00:00,prs,1.442,0.008643,0.027017,0.004643,-0.022374
2026-09-20T18:58:00+00:00,prs,1.541,0.010072,0.126017,0.006072,-0.119945
2026-09-20T18:59:00+00:00,prs,1.508,0.011506,0.093017,0.007506,-0.085511
2026-09-20T19:00:00+00:00,prs,1.549,0.012944,0.134017,0.008944,-0.125073
2026-09-20T19:01:00+00:00,prs,1.532,0.014388,0.117017,0.010388,-0.106629
2026-09-20T19:02:00+00:00,prs,1.542,0.015836,0.127017,0.011836,-0.115181
2026-09-20T19:03:00+00:00,prs,1.5779999999999998,0.017288,0.163017,0.013288,-0.149729
2026-09-20T19:04:00+00:00,prs,1.638,0.018745,0.223017,0.014745,-0.208272
2026-09-20T19:05:00+00:00,prs,1.596,0.020206,0.181017,0.016206,-0.164811
2026-09-20T19:06:00+00:00,prs,1.571,0.021671,0.156017,0.017672,-0.138346
2026-09-20T19:07:00+00:00,prs,1.6360000000000001,0.023141,0.221017,0.019141,-0.201876
2026-09-20T19:08:00+00:00,prs,1.548,0.024615,0.133017,0.020615,-0.112402
2026-09-20T19:09:00+00:00,prs,1.591,0.026093,0.176017,0.022093,-0.153924
2026-09-20T19:10:00+00:00,prs,1.5390000000000001,0.027575,0.124017,0.023575,-0.100442
2026-09-20T19:11:00+00:00,prs,1.623,0.02906,0.208017,0.02506,-0.182957
2026-09-20T19:12:00+00:00,prs,1.548,0.03055,0.133017,0.02655,-0.106467
2026-09-20T19:13:00+00:00,prs,1.533,0.032043,0.118017,0.028043,-0.089974
2026-09-20T19:14:00+00:00,prs,1.653,0.033539,0.238017,0.02954,-0.208478
2026-09-20T19:15:00+00:00,prs,1.592,0.03504,0.177017,0.03104,-0.145977
2026-09-20T19:16:00+00:00,prs,1.564,0.036543,0.149017,0.032544,-0.116473
2026-09-20T19:17:00+00:00,prs,1.6560000000000001,0.038051,0.241017,0.034051,-0.206966
2026-09-20T19:18:00+00:00,prs,1.608,0.039561,0.193017,0.035561,-0.157456
2026-09-20T19:19:00+00:00,prs,1.5979999999999999,0.041075,0.183017,0.037075,-0.145942
2026-09-20T19:20:00+00:00,prs,1.649,0.042591,0.234017,0.038591,-0.195426
2026-09-20T19:21:00+00:00,prs,1.5110000000000001,0.044111,0.096017,0.040111,-0.055906
2026-09-20T19:22:00+00:00,prs,1.631,0.045634,0.216017,0.041634,-0.174383
2026-09-20T19:23:00+00:00,prs,1.629,0.047159,0.214017,0.043159,-0.170858
2026-09-20T19:24:00+00:00,prs,1.613,0.048687,0.198017,0.044687,-0.15333
2026-09-20T19:25:00+00:00,prs,1.623,0.050218,0.208017,0.046218,-0.161799
2026-09-20T19:26:00+00:00,prs,1.612,0.051752,0.197017,0.047752,-0.149265
2026-09-20T19:27:00+00:00,prs,1.662,0.053288,0.247017,0.049288,-0.197729
2026-09-20T19:28:00+00:00,prs,1.568,0.054826,0.153017,0.050826,-0.102191
2026-09-20T19:29:00+00:00,prs,1.588,0.056367,0.173017,0.052367,-0.12065
2026-09-20T19:30:00+00:00,prs,1.599,0.05791,0.184017,0.05391,-0.130107
2026-09-20T19:31:00+00:00,prs,1.587,0.059455,0.172017,0.055455,-0.116562
2026-09-20T19:32:00+00:00,prs,1.6179999999999999,0.061002,0.203017,0.057002,-0.146015
2026-09-20T19:33:00+00:00,prs,1.616,0.062551,0.201017,0.058552,-0.142465
2026-09-20T19:34:00+00:00,prs,1.617,0.064103,0.202017,0.060103,-0.141914
2026-09-20T19:35:00+00:00,prs,1.6139999999999999,0.065655,0.199017,0.061655,-0.137362
2026-09-20T19:36:00+00:00,prs,1.617,0.06721,0.202017,0.06321,-0.138807
2026-09-20T19:37:00+00:00,prs,1.641,0.068766,0.226017,0.064766,-0.161251
2026-09-20T19:38:00+00:00,prs,1.623,0.070324,0.208017,0.066324,-0.141693
2026-09-20T19:39:00+00:00,prs,1.688,0.071883,0.273017,0.067883,-0.205134
2026-09-20T19:40:00+00:00,prs,1.663,0.073443,0.248017,0.069443,-0.178574
2026-09-20T19:41:00+00:00,prs,1.5899999999999999,0.075005,0.175017,0.071005,-0.104012
2026-09-20T19:42:00+00:00,prs,1.681,0.076567,0.266017,0.072567,-0.19345
2026-09-20T19:43:00+00:00,prs,1.6440000000000001,0.078131,0.229017,0.074131,-0.154886
2026-09-20T19:44:00+00:00,prs,1.6800000000000002,0.079696,0.265017,0.075696,-0.189321
2026-09-20T19:45:00+00:00,prs,1.674,0.081262,0.259017,0.077262,-0.181755
2026-09-20T19:46:00+00:00,prs,1.657,0.082828,0.242017,0.078828,-0.163189
2026-09-20T19:47:00+00:00,prs,1.605,0.084395,0.190017,0.080395,-0.109622
2026-09-20T19:48:00+00:00,prs,1.595,0.085963,0.180017,0.081963,-0.098054
2026-09-20T19:49:00+00:00,prs,1.697,0.087531,0.282017,0.083531,-0.198486
2026-09-20T19:50:00+00:00,prs,1.584,0.0891,0.169017,0.0851,-0.083917
2026-09-20T19:51:00+00:00,prs,1.612,0.090669,0.197017,0.086669,-0.110348
2026-09-20T19:52:00+00:00,prs,1.627,0.092238,0.212017,0.088238,-0.123779
2026-09-20T19:53:00+00:00,prs,1.603,0.093807,0.188017,0.089807,-0.09821
2026-09-20T19:54:00+00:00,prs,1.6440000000000001,0.095377,0.229017,0.091377,-0.13764
2026-09-20T19:55:00+00:00,prs,1.653,0.096946,0.238017,0.092946,-0.145071
2026-09-20T19:56:00+00:00,prs,1.746,0.098515,0.331017,0.094515,-0.236502
2026-09-20T19:57:00+00:00,prs,1.649,0.100084,0.234017,0.096084,-0.137933
2026-09-20T19:58:00+00:00,prs,1.612,0.101652,0.197017,0.097652,-0.099365
2026-09-20T19:59:00+00:00,prs,1.6480000000000001,0.10322,0.233017,0.09922,-0.133797
2026-09-20T20:00:00+00:00,prs,1.607,0.104788,0.192017,0.100788,-0.091229
2026-09-20T20:01:00+00:00,prs,1.679,0.106355,0.264017,0.102355,-0.161662
2026-09-20T20:02:00+00:00,prs,1.638,0.107921,0.223017,0.103921,-0.119096
2026-09-20T20:03:00+00:00,prs,1.609,0.109487,0.194017,0.105487,-0.08853
2026-09-20T20:04:00+00:00,prs,1.641,0.111051,0.226017,0.107051,-0.118966
2026-09-20T20:05:00+00:00,prs,1.638,0.112615,0.223017,0.108615,-0.114402
2026-09-20T20:06:00+00:00,prs,1.597,0.114177,0.182017,0.110177,-0.07184
2026-09-20T20:07:00+00:00,prs,1.7229999999999999,0.115738,0.308017,0.111738,-0.196279
2026-09-20T20:08:00+00:00,prs,1.713,0.117298,0.298017,0.113298,-0.184719
2026-09-20T20:09:00+00:00,prs,1.697,0.118857,0.282017,0.114857,-0.16716
2026-09-20T20:10:00+00:00,prs,1.718,0.120414,0.303017,0.116414,-0.186603
2026-09-20T20:11:00+00:00,prs,1.685,0.121969,0.270017,0.117969,-0.152048
2026-09-20T20:12:00+00:00,prs,1.6989999999999998,0.123523,0.284017,0.119523,-0.164494
2026-09-20T20:13:00+00:00,prs,1.7189999999999999,0.125075,0.304017,0.121075,-0.182942
2026-09-20T20:14:00+00:00,prs,1.791,0.126625,0.376017,0.122625,-0.253392
2026-09-20T20:15:00+00:00,prs,1.638,0.128174,0.223017,0.124174,-0.098843
2026-09-20T20:16:00+00:00,prs,1.683,0.12972,0.268017,0.12572,-0.142297
2026-09-20T20:17:00+00:00,prs,1.667,0.131264,0.252017,0.127264,-0.124753
2026-09-20T20:18:00+00:00,prs,1.732,0.132806,0.317017,0.128806,-0.188211
2026-09-20T20:19:00+00:00,prs,1.666,0.134345,0.251017,0.130345,-0.120672
2026-09-20T20:20:00+00:00,prs,1.737,0.135882,0.322017,0.131883,-0.190135
2026-09-20T20:21:00+00:00,prs,1.6560000000000001,0.137417,0.241017,0.133417,-0.1076
2026-09-20T20:22:00+00:00,prs,1.776,0.138949,0.361017,0.134949,-0.226068
2026-09-20T20:23:00+00:00,prs,1.799,0.140478,0.384017,0.136478,-0.247539
2026-09-20T20:24:00+00:00,prs,1.654,0.142005,0.239017,0.138005,-0.101012
2026-09-20T20:25:00+00:00,prs,1.737,0.143528,0.322017,0.139528,-0.182489
2026-09-20T20:26:00+00:00,prs,1.7349999999999999,0.145049,0.320017,0.141049,-0.178968
2026-09-20T20:27:00+00:00,prs,1.749,0.146567,0.334017,0.142567,-0.19145
2026-09-20T20:28:00+00:00,prs,1.736,0.148081,0.321017,0.144081,-0.176936
2026-09-20T20:29:00+00:00,prs,1.6989999999999998,0.149592,0.284017,0.145592,-0.138425
2026-09-20T20:30:00+00:00,prs,1.779,0.1511,0.364017,0.1471,-0.216917
2026-09-20T20:31:00+00:00,prs,1.7730000000000001,0.152604,0.358017,0.148604,-0.209413
2026-09-20T20:33:00+00:00,prs,1.6909999999999998,0.155602,0.276017,0.151602,-0.124415
2026-09-20T20:34:00+00:00,prs,1.756,0.157095,0.341017,0.153095,-0.187922
2026-09-20T20:35:00+00:00,prs,1.77,0.158585,0.355017,0.154585,-0.200432
2026-09-20T20:36:00+00:00,prs,1.778,0.16007,0.363017,0.15607,-0.206947
2026-09-20T20:37:00+00:00,prs,1.675,0.161552,0.260017,0.157552,-0.102465
2026-09-20T20:38:00+00:00,prs,1.786,0.163029,0.371017,0.159029,-0.211988
2026-09-20T20:39:00+00:00,prs,1.729,0.164502,0.314017,0.160503,-0.153515
2026-09-20T20:40:00+00:00,prs,1.812,0.165971,0.397017,0.161972,-0.235046
2026-09-20T20:41:00+00:00,prs,1.74,0.167436,0.325017,0.163436,-0.161581
2026-09-20T20:42:00+00:00,prs,1.772,0.168896,0.357017,0.164896,-0.192121
2026-09-20T20:43:00+00:00,prs,1.741,0.170352,0.326017,0.166352,-0.159665
2026-09-20T20:44:00+00:00,prs,1.722,0.171803,0.307017,0.167803,-0.139214
2026-09-20T20:45:00+00:00,prs,1.738,0.173249,0.323017,0.169249,-0.153768
2026-09-20T20:46:00+00:00,prs,1.742,0.17469,0.327017,0.17069,-0.156327
2026-09-20T20:48:00+00:00,prs,1.807,0.177558,0.392017,0.173558,-0.218459
2026-09-20T20:49:00+00:00,prs,1.736,0.178984,0.321017,0.174984,-0.146033
2026-09-20T20:50:00+00:00,prs,1.776,0.180405,0.361017,0.176405,-0.184612
2026-09-20T20:51:00+00:00,prs,1.726,0.181821,0.311017,0.177821,-0.133196
2026-09-20T20:52:00+00:00,prs,1.762,0.183231,0.347017,0.179231,-0.167786
2026-09-20T20:53:00+00:00,prs,1.692,0.184636,0.277017,0.180636,-0.096381
2026-09-20T20:54:00+00:00,prs,1.7389999999999999,0.186035,0.324017,0.182036,-0.141982
2026-09-20T20:55:00+00:00,prs,1.7810000000000001,0.187429,0.366017,0.183429,-0.182588
2026-09-20T20:56:00+00:00,prs,1.795,0.188817,0.380017,0.184817,-0.1952
2026-09-20T20:57:00+00:00,prs,1.75,0.190199,0.335017,0.186199,-0.148818
2026-09-20T20:58:00+00:00,prs,1.726,0.191575,0.311017,0.187576,-0.123442
2026-09-20T20:59:00+00:00,prs,1.802,0.192946,0.387017,0.188946,-0.198071
2026-09-20T21:00:00+00:00,prs,1.814,0.19431,0.399017,0.19031,-0.208707
2026-09-20T21:01:00+00:00,prs,1.839,0.195668,0.424017,0.191668,-0.232349
2026-09-20T21:02:00+00:00,prs,1.798,0.197019,0.383017,0.19302,-0.189998
2026-09-20T21:03:00+00:00,prs,1.7469999999999999,0.198365,0.332017,0.194365,-0.137652
2026-09-20T21:04:00+00:00,prs,1.8319999999999999,0.199704,0.417017,0.195704,-0.221313
2026-09-20T21:05:00+00:00,prs,1.7650000000000001,0.201036,0.350017,0.197036,-0.152981
2026-09-20T21:06:00+00:00,prs,1.717,0.202362,0.302017,0.198362,-0.103655
2026-09-20T21:07:00+00:00,prs,1.762,0.203681,0.347017,0.199681,-0.147336
2026-09-20T21:08:00+00:00,prs,1.7690000000000001,0.204993,0.354017,0.200993,-0.153024
2026-09-20T21:09:00+00:00,prs,1.7469999999999999,0.206299,0.332017,0.202299,-0.129718
2026-09-20T21:10:00+00:00,prs,1.807,0.207597,0.392017,0.203598,-0.18842
2026-09-20T21:11:00+00:00,prs,1.804,0.208889,0.389017,0.204889,-0.184128
2026-09-20T21:12:00+00:00,prs,1.7890000000000001,0.210173,0.374017,0.206173,-0.167844
2026-09-20T21:13:00+00:00,prs,1.755,0.211451,0.340017,0.207451,-0.132566
2026-09-20T21:14:00+00:00,prs,1.7730000000000001,0.212721,0.358017,0.208721,-0.149296
2026-09-20T21:15:00+00:00,prs,1.8,0.213983,0.385017,0.209983,-0.175034
2026-09-20T21:16:00+00:00,prs,1.795,0.215238,0.380017,0.211238,-0.168779
2026-09-20T21:17:00+00:00,prs,1.8010000000000002,0.216486,0.386017,0.212486,-0.173531
2026-09-20T21:18:00+00:00,prs,1.81,0.217726,0.395017,0.213726,-0.181291
2026-09-20T21:19:00+00:00,prs,1.814,0.218958,0.399017,0.214958,-0.184059
2026-09-20T21:20:00+00:00,prs,1.811,0.220183,0.396017,0.216183,-0.179834
2026-09-20T21:21:00+00:00,prs,1.8719999999999999,0.2214,0.457017,0.2174,-0.239617
2026-09-20T21:22:00+00:00,prs,1.794,0.222609,0.379017,0.218609,-0.160408
2026-09-20T21:23:00+00:00,prs,1.866,0.223809,0.451017,0.21981,-0.231208
2026-09-20T21:24:00+00:00,prs,1.8479999999999999,0.225002,0.433017,0.221002,-0.212015
2026-09-20T21:25:00+00:00,prs,1.8199999999999998,0.226187,0.405017,0.222187,-0.18283
2026-09-20T21:26:00+00:00,prs,1.771,0.227363,0.356017,0.223363,-0.132654
2026-09-20T21:27:00+00:00,prs,1.8479999999999999,0.228531,0.433017,0.224531,-0.208486
2026-09-20T21:28:00+00:00,prs,1.817,0.229691,0.402017,0.225691,-0.176326
2026-09-20T21:29:00+00:00,prs,1.841,0.230842,0.426017,0.226842,-0.199175
2026-09-20T21:30:00+00:00,prs,1.746,0.231985,0.331017,0.227985,-0.103032
2026-09-20T21:31:00+00:00,prs,1.7730000000000001,0.233119,0.358017,0.229119,-0.128898
2026-09-20T21:32:00+00:00,prs,1.853,0.234245,0.438017,0.230245,-0.207772
2026-09-20T21:33:00+00:00,prs,1.846,0.235361,0.431017,0.231361,-0.199656
2026-09-20T21:34:00+00:00,prs,1.826,0.236469,0.411017,0.232469,-0.178548
2026-09-20T21:35:00+00:00,prs,1.829,0.237568,0.414017,0.233568,-0.180449
2026-09-20T21:36:00+00:00,prs,1.787,0.238658,0.372017,0.234658,-0.137359
2026-09-20T21:37:00+00:00,prs,1.858,0.239739,0.443017,0.235739,-0.207278
2026-09-20T21:38:00+00:00,prs,1.8279999999999998,0.240811,0.413017,0.236811,-0.176206
2026-09-20T21:39:00+00:00,prs,1.833,0.241874,0.418017,0.237874,-0.180143
2026-09-20T21:40:00+00:00,prs,1.841,0.242927,0.426017,0.238927,-0.18709
2026-09-20T21:41:00+00:00,prs,1.8479999999999999,0.243971,0.433017,0.239971,-0.193046
2026-09-20T21:42:00+00:00,prs,1.8900000000000001,0.245006,0.475017,0.241006,-0.234011
2026-09-20T21:43:00+00:00,prs,1.847,0.246031,0.432017,0.242031,-0.189986
2026-09-20T21:44:00+00:00,prs,1.791,0.247047,0.376017,0.243047,-0.13297
2026-09-20T21:45:00+00:00,prs,1.837,0.248053,0.422017,0.244053,-0.177964
2026-09-20T21:46:00+00:00,prs,1.811,0.249049,0.396017,0.245049,-0.150968
2026-09-20T21:47:00+00:00,prs,1.7810000000000001,0.250036,0.366017,0.246036,-0.119981
2026-09-20T21:48:00+00:00,prs,1.831,0.251013,0.416017,0.247013,-0.169004
2026-09-20T21:49:00+00:00,prs,1.7770000000000001,0.25198,0.362017,0.24798,-0.114037
2026-09-20T21:50:00+00:00,prs,1.8050000000000002,0.252937,0.390017,0.248937,-0.14108
2026-09-20T21:51:00+00:00,prs,1.849,0.253884,0.434017,0.249884,-0.184133
2026-09-20T21:52:00+00:00,prs,1.8199999999999998,0.254821,0.405017,0.250821,-0.154196
2026-09-20T21:53:00+00:00,prs,1.7469999999999999,0.255748,0.332017,0.251748,-0.080269
2026-09-20T21:54:00+00:00,prs,1.762,0.256665,0.347017,0.252665,-0.094352
2026-09-20T21:55:00+00:00,prs,1.8050000000000002,0.257571,0.390017,0.253571,-0.136446
2026-09-20T21:56:00+00:00,prs,1.831,0.258467,0.416017,0.254467,-0.16155
2026-09-20T21:57:00+00:00,prs,1.7850000000000001,0.259353,0.370017,0.255353,-0.114664
2026-09-20T21:58:00+00:00,prs,1.817,0.260229,0.402017,0.256229,-0.145788
2026-09-20T21:59:00+00:00,prs,1.8239999999999998,0.261094,0.409017,0.257094,-0.151923
2026-09-20T22:00:00+00:00,prs,1.799,0.261948,0.384017,0.257948,-0.126069
2026-09-20T22:01:00+00:00,prs,1.795,0.262792,0.380017,0.258792,-0.121225
2026-09-20T22:03:00+00:00,prs,1.813,0.264447,0.398017,0.260447,-0.13757
2026-09-20T22:04:00+00:00,prs,1.7810000000000001,0.265259,0.366017,0.261259,-0.104758
2026-09-20T22:05:00+00:00,prs,1.833,0.26606,0.418017,0.26206,-0.155957
2026-09-20T22:06:00+00:00,prs,1.8010000000000002,0.26685,0.386017,0.26285,-0.123167
2026-09-20T22:07:00+00:00,prs,1.796,0.267629,0.381017,0.263629,-0.117388
2026-09-20T22:08:00+00:00,prs,1.7810000000000001,0.268397,0.366017,0.264397,-0.10162
2026-09-20T22:09:00+00:00,prs,1.837,0.269154,0.422017,0.265154,-0.156863
2026-09-20T22:10:00+00:00,prs,1.823,0.2699,0.408017,0.2659,-0.142117
2026-09-20T22:11:00+00:00,prs,1.815,0.270634,0.400017,0.266635,-0.133383
2026-09-20T22:12:00+00:00,prs,1.817,0.271358,0.402017,0.267358,-0.134659
2026-09-20T22:13:00+00:00,prs,1.8439999999999999,0.27207,0.429017,0.26807,-0.160947
2026-09-20T22:14:00+00:00,prs,1.849,0.272771,0.434017,0.268771,-0.165246
2026-09-20T22:15:00+00:00,prs,1.7890000000000001,0.273461,0.374017,0.269461,-0.104556
2026-09-20T22:16:00+00:00,prs,1.8479999999999999,0.274139,0.433017,0.270139,-0.162878
2026-09-20T22:18:00+00:00,prs,1.8599999999999999,0.275462,0.445017,0.271462,-0.173555
2026-09-20T22:19:00+00:00,prs,1.8359999999999999,0.276105,0.421017,0.272105,-0.148912
2026-09-20T22:20:00+00:00,prs,1.8479999999999999,0.276738,0.433017,0.272738,-0.160279
2026-09-20T22:21:00+00:00,prs,1.8159999999999998,0.277358,0.401017,0.273358,-0.127659
2026-09-20T22:22:00+00:00,prs,1.792,0.277967,0.377017,0.273967,-0.10305
2026-09-20T22:23:00+00:00,prs,1.776,0.278565,0.361017,0.274565,-0.086452
2026-09-20T22:24:00+00:00,prs,1.7970000000000002,0.27915,0.382017,0.27515,-0.106867
2026-09-20T22:25:00+00:00,prs,1.833,0.279724,0.418017,0.275724,-0.142293
2026-09-20T22:26:00+00:00,prs,1.79,0.280286,0.375017,0.276286,-0.098731
2026-09-20T22:27:00+00:00,prs,1.812,0.280836,0.397017,0.276836,-0.120181
2026-09-20T22:28:00+00:00,prs,1.81,0.281374,0.395017,0.277374,-0.117643
2026-09-20T22:29:00+00:00,prs,1.806,0.2819,0.391017,0.2779,-0.113117
2026-09-20T22:30:00+00:00,prs,1.815,0.282414,0.400017,0.278414,-0.121603
2026-09-20T22:31:00+00:00,prs,1.819,0.282916,0.404017,0.278916,-0.125101
2026-09-20T22:32:00+00:00,prs,1.7890000000000001,0.283406,0.374017,0.279407,-0.094611
2026-09-20T22:33:00+00:00,prs,1.7890000000000001,0.283884,0.374017,0.279885,-0.094133
2026-09-20T22:34:00+00:00,prs,1.811,0.28435,0.396017,0.28035,-0.115667
2026-09-20T22:35:00+00:00,prs,1.8090000000000002,0.284804,0.394017,0.280804,-0.113213
2026-09-20T22:36:00+00:00,prs,1.8199999999999998,0.285245,0.405017,0.281246,-0.123772
2026-09-20T22:37:00+00:00,prs,1.7610000000000001,0.285675,0.346017,0.281675,-0.064342
2026-09-20T22:38:00+00:00,prs,1.795,0.286092,0.380017,0.282092,-0.097925
2026-09-20T22:39:00+00:00,prs,1.804,0.286496,0.389017,0.282496,-0.106521
2026-09-20T22:40:00+00:00,prs,1.8050000000000002,0.286889,0.390017,0.282889,-0.107128
2026-09-20T22:41:00+00:00,prs,1.8050000000000002,0.287269,0.390017,0.283269,-0.106748
2026-09-20T22:42:00+00:00,prs,1.786,0.287636,0.371017,0.283636,-0.087381
2026-09-20T22:43:00+00:00,prs,1.746,0.287991,0.331017,0.283992,-0.047026
2026-09-20T22:44:00+00:00,prs,1.737,0.288334,0.322017,0.284334,-0.037683
2026-09-20T22:45:00+00:00,prs,1.804,0.288664,0.389017,0.284665,-0.104353
2026-09-20T22:46:00+00:00,prs,1.8239999999999998,0.288982,0.409017,0.284982,-0.124035
2026-09-20T22:47:00+00:00,prs,1.779,0.289287,0.364017,0.285288,-0.078729
2026-09-20T22:48:00+00:00,prs,1.7650000000000001,0.28958,0.350017,0.28558,-0.064437
2026-09-20T22:49:00+00:00,prs,1.792,0.28986,0.377017,0.28586,-0.091157
2026-09-20T22:50:00+00:00,prs,1.755,0.290128,0.340017,0.286128,-0.053889
2026-09-20T22:51:00+00:00,prs,1.712,0.290383,0.297017,0.286383,-0.010634
2026-09-20T22:52:00+00:00,prs,1.7429999999999999,0.290625,0.328017,0.286625,-0.041392
2026-09-20T22:53:00+00:00,prs,1.693,0.290855,0.278017,0.286855,0.008838
2026-09-20T22:54:00+00:00,prs,1.787,0.291072,0.372017,0.287072,-0.084945
2026-09-20T22:55:00+00:00,prs,1.72,0.291276,0.305017,0.287276,-0.017741
2026-09-20T22:56:00+00:00,prs,1.744,0.291467,0.329017,0.287467,-0.04155
2026-09-20T22:57:00+00:00,prs,1.7349999999999999,0.291646,0.320017,0.287646,-0.032371
2026-09-20T22:58:00+00:00,prs,1.771,0.291812,0.356017,0.287812,-0.068205
2026-09-20T22:59:00+00:00,prs,1.758,0.291965,0.343017,0.287966,-0.055052
2026-09-20T23:00:00+00:00,prs,1.7770000000000001,0.292106,0.362017,0.288106,-0.073911
2026-09-20T23:01:00+00:00,prs,1.7189999999999999,0.292234,0.304017,0.288234,-0.015783
2026-09-20T23:02:00+00:00,prs,1.7890000000000001,0.292348,0.374017,0.288349,-0.085669
2026-09-20T23:03:00+00:00,prs,1.7530000000000001,0.29245,0.338017,0.288451,-0.049566
2026-09-20T23:04:00+00:00,prs,1.795,0.29254,0.380017,0.28854,-0.091477
2026-09-20T23:05:00+00:00,prs,1.75,0.292616,0.335017,0.288616,-0.046401
2026-09-20T23:06:00+00:00,prs,1.7269999999999999,0.29268,0.312017,0.28868,-0.023337
2026-09-20T23:07:00+00:00,prs,1.791,0.29273,0.376017,0.28873,-0.087287
2026-09-20T23:08:00+00:00,prs,1.756,0.292768,0.341017,0.288768,-0.052249
2026-09-20T23:09:00+00:00,prs,1.754,0.292793,0.339017,0.288793,-0.050224
2026-09-20T23:10:00+00:00,prs,1.704,0.292805,0.289017,0.288805,-0.000212
2026-09-20T23:11:00+00:00,prs,1.659,0.292804,0.244017,0.288804,0.044787
2026-09-20T23:12:00+00:00,prs,1.7309999999999999,0.29279,0.316017,0.28879,-0.027227
2026-09-20T23:13:00+00:00,prs,1.692,0.292763,0.277017,0.288763,0.011746
2026-09-20T23:14:00+00:00,prs,1.734,0.292724,0.319017,0.288724,-0.030293
2026-09-20T23:15:00+00:00,prs,1.741,0.292671,0.326017,0.288671,-0.037346
2026-09-20T23:16:00+00:00,prs,1.734,0.292606,0.319017,0.288606,-0.030411
2026-09-20T23:17:00+00:00,prs,1.701,0.292527,0.286017,0.288527,0.00251
2026-09-20T23:18:00+00:00,prs,1.705,0.292436,0.290017,0.288436,-0.001581
2026-09-20T23:19:00+00:00,prs,1.745,0.292332,0.330017,0.288332,-0.041685
2026-09-20T23:20:00+00:00,prs,1.697,0.292215,0.282017,0.288215,0.006198
2026-09-20T23:21:00+00:00,prs,1.669,0.292084,0.254017,0.288085,0.034067
2026-09-20T23:22:00+00:00,prs,1.683,0.291941,0.268017,0.287942,0.019924
2026-09-20T23:23:00+00:00,prs,1.734,0.291786,0.319017,0.287786,-0.031231
2026-09-20T23:24:00+00:00,prs,1.6760000000000002,0.291617,0.261017,0.287617,0.0266
2026-09-20T23:25:00+00:00,prs,1.639,0.291435,0.224017,0.287435,0.063418
2026-09-20T23:26:00+00:00,prs,1.726,0.29124,0.311017,0.28724,-0.023777
2026-09-20T23:27:00+00:00,prs,1.713,0.291033,0.298017,0.287033,-0.010984
2026-09-20T23:28:00+00:00,prs,1.6680000000000001,0.290812,0.253017,0.286812,0.033795
2026-09-20T23:29:00+00:00,prs,1.654,0.290579,0.239017,0.286579,0.047562
2026-09-20T23:30:00+00:00,prs,1.675,0.290333,0.260017,0.286333,0.026316
2026-09-20T23:31:00+00:00,prs,1.6600000000000001,0.290074,0.245017,0.286074,0.041057
2026-09-20T23:32:00+00:00,prs,1.643,0.289802,0.228017,0.285802,0.057785
2026-09-20T23:33:00+00:00,prs,1.6800000000000002,0.289517,0.265017,0.285517,0.0205
2026-09-20T23:34:00+00:00,prs,1.69,0.28922,0.275017,0.28522,0.010203
2026-09-20T23:35:00+00:00,prs,1.694,0.288909,0.279017,0.284909,0.005892
2026-09-20T23:36:00+00:00,prs,1.74,0.288586,0.325017,0.284586,-0.040431
2026-09-20T23:37:00+00:00,prs,1.697,0.28825,0.282017,0.28425,0.002233
2026-09-20T23:38:00+00:00,prs,1.6800000000000002,0.287901,0.265017,0.283901,0.018884
2026-09-20T23:39:00+00:00,prs,1.714,0.28754,0.299017,0.28354,-0.015477
2026-09-20T23:40:00+00:00,prs,1.679,0.287165,0.264017,0.283165,0.019148
2026-09-20T23:41:00+00:00,prs,1.597,0.286778,0.182017,0.282778,0.100761
2026-09-20T23:42:00+00:00,prs,1.675,0.286379,0.260017,0.282379,0.022362
2026-09-20T23:43:00+00:00,prs,1.642,0.285966,0.227017,0.281966,0.054949
2026-09-20T23:44:00+00:00,prs,1.6179999999999999,0.285541,0.203017,0.281541,0.078524
2026-09-20T23:45:00+00:00,prs,1.662,0.285104,0.247017,0.281104,0.034087
2026-09-20T23:46:00+00:00,prs,1.67,0.284653,0.255017,0.280653,0.025636
2026-09-20T23:47:00+00:00,prs,1.722,0.28419,0.307017,0.28019,-0.026827
2026-09-20T23:48:00+00:00,prs,1.6,0.283715,0.185017,0.279715,0.094698
2026-09-20T23:49:00+00:00,prs,1.661,0.283227,0.246017,0.279227,0.03321
2026-09-20T23:50:00+00:00,prs,1.627,0.282726,0.212017,0.278726,0.066709
2026-09-20T23:51:00+00:00,prs,1.671,0.282213,0.256017,0.278213,0.022196
2026-09-20T23:52:00+00:00,prs,1.6720000000000002,0.281687,0.257017,0.277687,0.02067
2026-09-20T23:53:00+00:00,prs,1.659,0.281149,0.244017,0.277149,0.033132
2026-09-20T23:54:00+00:00,prs,1.646,0.280599,0.231017,0.276599,0.045582
2026-09-20T23:55:00+00:00,prs,1.634,0.280036,0.219017,0.276036,0.057019
2026-09-20T23:56:00+00:00,prs,1.663,0.27946,0.248017,0.27546,0.027443
2026-09-20T23:57:00+00:00,prs,1.6760000000000002,0.278873,0.261017,0.274873,0.013856
2026-09-20T23:58:00+00:00,prs,1.674,0.278273,0.259017,0.274273,0.015256
2026-09-20T23:59:00+00:00,prs,1.6320000000000001,0.277661,0.217017,0.273661,0.056644
2026-09-21T00:00:00+00:00,prs,1.662,0.277036,0.247017,0.273036,0.026019
2026-09-21T00:01:00+00:00,prs,1.679,0.276399,0.264017,0.272399,0.008382
2026-09-21T00:02:00+00:00,prs,1.681,0.27575,0.266017,0.271751,0.005733
2026-09-21T00:03:00+00:00,prs,1.625,0.275089,0.210017,0.271089,0.061072
2026-09-21T00:04:00+00:00,prs,1.638,0.274416,0.223017,0.270416,0.047399
2026-09-21T00:05:00+00:00,prs,1.6760000000000002,0.273731,0.261017,0.269731,0.008714
2026-09-21T00:06:00+00:00,prs,1.659,0.273034,0.244017,0.269034,0.025017
2026-09-21T00:07:00+00:00,prs,1.665,0.272324,0.250017,0.268324,0.018307
2026-09-21T00:08:00+00:00,prs,1.615,0.271603,0.200017,0.267603,0.067586
2026-09-21T00:09:00+00:00,prs,1.6480000000000001,0.27087,0.233017,0.26687,0.033853
2026-09-21T00:10:00+00:00,prs,1.6219999999999999,0.270125,0.207017,0.266125,0.059108
2026-09-21T00:11:00+00:00,prs,1.6320000000000001,0.269368,0.217017,0.265368,0.048351
2026-09-21T00:12:00+00:00,prs,1.624,0.268599,0.209017,0.264599,0.055582
2026-09-21T00:13:00+00:00,prs,1.589,0.267819,0.174017,0.263819,0.089802
2026-09-21T00:14:00+00:00,prs,1.657,0.267026,0.242017,0.263026,0.021009
2026-09-21T00:15:00+00:00,prs,1.588,0.266222,0.173017,0.262222,0.089205
2026-09-21T00:16:00+00:00,prs,1.649,0.265407,0.234017,0.261407,0.02739
2026-09-21T00:17:00+00:00,prs,1.599,0.26458,0.184017,0.26058,0.076563
2026-09-21T00:18:00+00:00,prs,1.633,0.263741,0.218017,0.259741,0.041724
2026-09-21T00:19:00+00:00,prs,1.611,0.262891,0.196017,0.258891,0.062874
2026-09-21T00:20:00+00:00,prs,1.629,0.262029,0.214017,0.258029,0.044012
2026-09-21T00:21:00+00:00,prs,1.6520000000000001,0.261156,0.237017,0.257156,0.020139
2026-09-21T00:22:00+00:00,prs,1.607,0.260271,0.192017,0.256271,0.064254
2026-09-21T00:23:00+00:00,prs,1.6400000000000001,0.259375,0.225017,0.255376,0.030359
2026-09-21T00:24:00+00:00,prs,1.613,0.258468,0.198017,0.254469,0.056451
2026-09-21T00:25:00+00:00,prs,1.6640000000000001,0.25755,0.249017,0.25355,0.004533
2026-09-21T00:26:00+00:00,prs,1.579,0.256621,0.164017,0.252621,0.088604
2026-09-21T00:27:00+00:00,prs,1.615,0.25568,0.200017,0.25168,0.051663
2026-09-21T00:28:00+00:00,prs,1.634,0.254728,0.219017,0.250729,0.031711
2026-09-21T00:29:00+00:00,prs,1.63,0.253766,0.215017,0.249766,0.034749
2026-09-21T00:30:00+00:00,prs,1.621,0.252792,0.206017,0.248792,0.042775
2026-09-21T00:31:00+00:00,prs,1.599,0.251808,0.184017,0.247808,0.063791
2026-09-21T00:32:00+00:00,prs,1.604,0.250812,0.189017,0.246812,0.057795
2026-09-21T00:33:00+00:00,prs,1.5899999999999999,0.249806,0.175017,0.245806,0.070789
2026-09-21T00:34:00+00:00,prs,1.557,0.248789,0.142017,0.244789,0.102772
2026-09-21T00:35:00+00:00,prs,1.593,0.247762,0.178017,0.243762,0.065745
2026-09-21T00:36:00+00:00,prs,1.509,0.246723,0.094017,0.242723,0.148706
2026-09-21T00:37:00+00:00,prs,1.5779999999999998,0.245675,0.163017,0.241675,0.078658
2026-09-21T00:38:00+00:00,prs,1.544,0.244615,0.129017,0.240615,0.111598
2026-09-21T00:39:00+00:00,prs,1.524,0.243546,0.109017,0.239546,0.130529
2026-09-21T00:40:00+00:00,prs,1.576,0.242465,0.161017,0.238465,0.077448
2026-09-21T00:41:00+00:00,prs,1.544,0.241375,0.129017,0.237375,0.108358
2026-09-21T00:42:00+00:00,prs,1.595,0.240274,0.180017,0.236274,0.056257
2026-09-21T00:43:00+00:00,prs,1.533,0.239163,0.118017,0.235163,0.117146
2026-09-21T00:44:00+00:00,prs,1.577,0.238042,0.162017,0.234042,0.072025
2026-09-21T00:45:00+00:00,prs,1.569,0.236911,0.154017,0.232911,0.078894
2026-09-21T00:46:00+00:00,prs,1.544,0.23577,0.129017,0.23177,0.102753
2026-09-21T00:47:00+00:00,prs,1.5230000000000001,0.234618,0.108017,0.230619,0.122601
2026-09-21T00:48:00+00:00,prs,1.546,0.233457,0.131017,0.229457,0.09844
2026-09-21T00:49:00+00:00,prs,1.556,0.232286,0.141017,0.228287,0.08727
2026-09-21T00:50:00+00:00,prs,1.575,0.231106,0.160017,0.227106,0.067089
2026-09-21T00:51:00+00:00,prs,1.546,0.229915,0.131017,0.225916,0.094898
2026-09-21T00:52:00+00:00,prs,1.532,0.228715,0.117017,0.224716,0.107698
2026-09-21T00:53:00+00:00,prs,1.537,0.227506,0.122017,0.223506,0.101489
2026-09-21T00:54:00+00:00,prs,1.5590000000000002,0.226287,0.144017,0.222287,0.07827
2026-09-21T00:55:00+00:00,prs,1.521,0.225058,0.106017,0.221058,0.115041
2026-09-21T00:56:00+00:00,prs,1.509,0.223821,0.094017,0.219821,0.125804
2026-09-21T00:57:00+00:00,prs,1.5230000000000001,0.222573,0.108017,0.218573,0.110556
2026-09-21T00:58:00+00:00,prs,1.506,0.221317,0.091017,0.217317,0.1263
2026-09-21T00:59:00+00:00,prs,1.552,0.220052,0.137017,0.216052,0.079035
2026-09-21T01:00:00+00:00,prs,1.513,0.218777,0.098017,0.214777,0.11676
2026-09-21T01:01:00+00:00,prs,1.549,0.217493,0.134017,0.213493,0.079476
2026-09-21T01:02:00+00:00,prs,1.5659999999999998,0.216201,0.151017,0.212201,0.061184
2026-09-21T01:03:00+00:00,prs,1.4889999999999999,0.2149,0.074017,0.2109,0.136883
2026-09-21T01:04:00+00:00,prs,1.5230000000000001,0.213589,0.108017,0.209589,0.101572
2026-09-21T01:05:00+00:00,prs,1.5150000000000001,0.21227,0.100017,0.208271,0.108253
2026-09-21T01:06:00+00:00,prs,1.546,0.210943,0.131017,0.206943,0.075926
2026-09-21T01:07:00+00:00,prs,1.529,0.209607,0.114017,0.205607,0.09159
2026-09-21T01:08:00+00:00,prs,1.536,0.208262,0.121017,0.204262,0.083245
2026-09-21T01:09:00+00:00,prs,1.494,0.206909,0.079017,0.202909,0.123892
2026-09-21T01:10:00+00:00,prs,1.487,0.205548,0.072017,0.201548,0.129531
2026-09-21T01:11:00+00:00,prs,1.448,0.204178,0.033017,0.200179,0.167161
2026-09-21T01:12:00+00:00,prs,1.475,0.202801,0.060017,0.198801,0.138784
2026-09-21T01:13:00+00:00,prs,1.467,0.201415,0.052017,0.197415,0.145398
2026-09-21T01:14:00+00:00,prs,1.495,0.200021,0.080017,0.196021,0.116004
2026-09-21T01:15:00+00:00,prs,1.495,0.198619,0.080017,0.194619,0.114602
2026-09-21T01:16:00+00:00,prs,1.445,0.197209,0.030017,0.193209,0.163192
2026-09-21T01:17:00+00:00,prs,1.492,0.195792,0.077017,0.191792,0.114775
2026-09-21T01:18:00+00:00,prs,1.453,0.194367,0.038017,0.190367,0.15235
2026-09-21T01:19:00+00:00,prs,1.487,0.192934,0.072017,0.188934,0.116917
2026-09-21T01:20:00+00:00,prs,1.468,0.191493,0.053017,0.187493,0.134476
2026-09-21T01:21:00+00:00,prs,1.434,0.190045,0.019017,0.186046,0.167028
2026-09-21T01:22:00+00:00,prs,1.417,0.18859,0.002017,0.18459,0.182573
2026-09-21T01:23:00+00:00,prs,1.433,0.187128,0.018017,0.183128,0.165111
2026-09-21T01:24:00+00:00,prs,1.44,0.185658,0.025017,0.181658,0.156641
2026-09-21T01:25:00+00:00,prs,1.443,0.184181,0.028017,0.180181,0.152164
2026-09-21T01:26:00+00:00,prs,1.448,0.182697,0.033017,0.178697,0.14568
2026-09-21T01:27:00+00:00,prs,1.423,0.181206,0.008017,0.177206,0.169189
2026-09-21T01:28:00+00:00,prs,1.429,0.179708,0.014017,0.175708,0.161691
2026-09-21T01:29:00+00:00,prs,1.424,0.178203,0.009017,0.174203,0.165186
2026-09-21T01:30:00+00:00,prs,1.43,0.176692,0.015017,0.172692,0.157675
2026-09-21T01:31:00+00:00,prs,1.422,0.175174,0.007017,0.171174,0.164157
2026-09-21T01:32:00+00:00,prs,1.437,0.173649,0.022017,0.169649,0.147632
2026-09-21T01:33:00+00:00,prs,1.437,0.172118,0.022017,0.168118,0.146101
2026-09-21T01:34:00+00:00,prs,1.41,0.170581,-0.004983,0.166581,0.171564
2026-09-21T01:35:00+00:00,prs,1.399,0.169037,-0.015983,0.165037,0.18102
2026-09-21T01:36:00+00:00,prs,1.3860000000000001,0.167487,-0.028983,0.163487,0.19247
2026-09-21T01:37:00+00:00,prs,1.405,0.165931,-0.009983,0.161931,0.171914
2026-09-21T01:38:00+00:00,prs,1.369,0.164369,-0.045983,0.160369,0.206352
2026-09-21T01:39:00+00:00,prs,1.38,0.162801,-0.034983,0.158801,0.193784
2026-09-21T01:40:00+00:00,prs,1.381,0.161227,-0.033983,0.157227,0.19121
2026-09-21T01:41:00+00:00,prs,1.363,0.159648,-0.051983,0.155648,0.207631
2026-09-21T01:42:00+00:00,prs,1.385,0.158062,-0.029983,0.154062,0.184045
2026-09-21T01:43:00+00:00,prs,1.3599999999999999,0.156471,-0.054983,0.152472,0.207454
2026-09-21T01:44:00+00:00,prs,1.415,0.154875,1.7e-05,0.150875,0.150858
2026-09-21T01:45:00+00:00,prs,1.374,0.153273,-0.040983,0.149273,0.190256
2026-09-21T01:46:00+00:00,prs,1.3820000000000001,0.151666,-0.032983,0.147666,0.180649
2026-09-21T01:47:00+00:00,prs,1.3820000000000001,0.150054,-0.032983,0.146054,0.179037
2026-09-21T01:48:00+00:00,prs,1.42,0.148436,0.005017,0.144436,0.139419
2026-09-21T01:49:00+00:00,prs,1.383,0.146814,-0.031983,0.142814,0.174797
2026-09-21T01:50:00+00:00,prs,1.395,0.145186,-0.019983,0.141186,0.161169
2026-09-21T01:51:00+00:00,prs,1.374,0.143554,-0.040983,0.139554,0.180537
2026-09-21T01:52:00+00:00,prs,1.35,0.141917,-0.064983,0.137917,0.2029
2026-09-21T01:53:00+00:00,prs,1.374,0.140275,-0.040983,0.136275,0.177258
2026-09-21T01:54:00+00:00,prs,1.376,0.138628,-0.038983,0.134628,0.173611
2026-09-21T01:55:00+00:00,prs,1.388,0.136977,-0.026983,0.132977,0.15996
2026-09-21T01:56:00+00:00,prs,1.335,0.135322,-0.079983,0.131322,0.211305
2026-09-21T01:57:00+00:00,prs,1.345,0.133662,-0.069983,0.129662,0.199645
2026-09-21T01:58:00+00:00,prs,1.38,0.131998,-0.034983,0.127998,0.162981
2026-09-21T01:59:00+00:00,prs,1.349,0.13033,-0.065983,0.12633,0.192313
2026-09-21T02:00:00+00:00,prs,1.3639999999999999,0.128658,-0.050983,0.124658,0.175641
2026-09-21T02:01:00+00:00,prs,1.363,0.126982,-0.051983,0.122982,0.174965
2026-09-21T02:02:00+00:00,prs,1.3900000000000001,0.125302,-0.024983,0.121302,0.146285
2026-09-21T02:03:00+00:00,prs,1.371,0.123619,-0.043983,0.119619,0.163602
2026-09-21T02:04:00+00:00,prs,1.3639999999999999,0.121931,-0.050983,0.117931,0.168914
2026-09-21T02:05:00+00:00,prs,1.369,0.12024,-0.045983,0.116241,0.162223
2026-09-21T02:06:00+00:00,prs,1.3479999999999999,0.118546,-0.066983,0.114546,0.181529
2026-09-21T02:07:00+00:00,prs,1.362,0.116848,-0.052983,0.112848,0.165831
2026-09-21T02:08:00+00:00,prs,1.373,0.115147,-0.041983,0.111147,0.15313
2026-09-21T02:09:00+00:00,prs,1.353,0.113443,-0.061983,0.109443,0.171426
2026-09-21T02:10:00+00:00,prs,1.359,0.111736,-0.055983,0.107736,0.163719
2026-09-21T02:11:00+00:00,prs,1.354,0.110025,-0.060983,0.106026,0.167008
2026-09-21T02:12:00+00:00,prs,1.332,0.108312,-0.082983,0.104312,0.187295
2026-09-21T02:13:00+00:00,prs,1.319,0.106596,-0.095983,0.102596,0.198579
2026-09-21T02:14:00+00:00,prs,1.34,0.104877,-0.074983,0.100877,0.17586
2026-09-21T02:15:00+00:00,prs,1.35,0.103156,-0.064983,0.099156,0.164139
2026-09-21T02:16:00+00:00,prs,1.297,0.101432,-0.117983,0.097432,0.215415
2026-09-21T02:17:00+00:00,prs,1.321,0.099706,-0.093983,0.095706,0.189689
2026-09-21T02:18:00+00:00,prs,1.321,0.097977,-0.093983,0.093977,0.18796
2026-09-21T02:19:00+00:00,prs,1.322,0.096246,-0.092983,0.092246,0.185229
2026-09-21T02:20:00+00:00,prs,1.2810000000000001,0.094513,-0.133983,0.090513,0.224496
2026-09-21T02:21:00+00:00,prs,1.298,0.092778,-0.116983,0.088778,0.205761
2026-09-21T02:22:00+00:00,prs,1.328,0.091041,-0.086983,0.087041,0.174024
2026-09-21T02:23:00+00:00,prs,1.293,0.089302,-0.121983,0.085302,0.207285
2026-09-21T02:24:00+00:00,prs,1.323,0.087561,-0.091983,0.083561,0.175544
2026-09-21T02:25:00+00:00,prs,1.322,0.085818,-0.092983,0.081818,0.174801
2026-09-21T02:26:00+00:00,prs,1.299,0.084074,-0.115983,0.080074,0.196057
2026-09-21T02:27:00+00:00,prs,1.317,0.082329,-0.097983,0.078329,0.176312
2026-09-21T02:28:00+00:00,prs,1.28,0.080582,-0.134983,0.076582,0.211565
2026-09-21T02:29:00+00:00,prs,1.285,0.078834,-0.129983,0.074834,0.204817
2026-09-21T02:30:00+00:00,prs,1.314,0.077084,-0.100983,0.073084,0.174067
2026-09-21T02:31:00+00:00,prs,1.323,0.075334,-0.091983,0.071334,0.163317
2026-09-21T02:32:00+00:00,prs,1.284,0.073582,-0.130983,0.069582,0.200565
2026-09-21T02:33:00+00:00,prs,1.28,0.07183,-0.134983,0.06783,0.202813
2026-09-21T02:34:00+00:00,prs,1.288,0.070077,-0.126983,0.066077,0.19306
2026-09-21T02:35:00+00:00,prs,1.291,0.068323,-0.123983,0.064323,0.188306
2026-09-21T02:36:00+00:00,prs,1.26,0.066568,-0.154983,0.062568,0.217551
2026-09-21T02:37:00+00:00,prs,1.292,0.064813,-0.122983,0.060813,0.183796
2026-09-21T02:38:00+00:00,prs,1.248,0.063058,-0.166983,0.059058,0.226041
2026-09-21T02:39:00+00:00,prs,1.27,0.061302,-0.144983,0.057302,0.202285
2026-09-21T02:40:00+00:00,prs,1.2530000000000001,0.059546,-0.161983,0.055546,0.217529
2026-09-21T02:41:00+00:00,prs,1.263,0.057789,-0.151983,0.05379,0.205772
2026-09-21T02:42:00+00:00,prs,1.272,0.056033,-0.142983,0.052033,0.195016
2026-09-21T02:43:00+00:00,prs,1.308,0.054277,-0.106983,0.050277,0.15726
2026-09-21T02:44:00+00:00,prs,1.309,0.052521,-0.105983,0.048521,0.154504
2026-09-21T02:45:00+00:00,prs,1.26,0.050765,-0.154983,0.046765,0.201748
2026-09-21T02:46:00+00:00,prs,1.304,0.049009,-0.110983,0.045009,0.155992
2026-09-21T02:47:00+00:00,prs,1.2650000000000001,0.047254,-0.149983,0.043254,0.193237
2026-09-21T02:48:00+00:00,prs,1.2570000000000001,0.0455,-0.157983,0.0415,0.199483
2026-09-21T02:49:00+00:00,prs,1.275,0.043746,-0.139983,0.039746,0.179729
2026-09-21T02:50:00+00:00,prs,1.246,0.041992,-0.168983,0.037992,0.206975
2026-09-21T02:51:00+00:00,prs,1.251,0.04024,-0.163983,0.03624,0.200223
2026-09-21T02:52:00+00:00,prs,1.26,0.038488,-0.154983,0.034488,0.189471
2026-09-21T02:53:00+00:00,prs,1.256,0.036737,-0.158983,0.032738,0.19172
2026-09-21T02:54:00+00:00,prs,1.256,0.034988,-0.158983,0.030988,0.189971
2026-09-21T02:55:00+00:00,prs,1.252,0.033239,-0.162983,0.02924,0.192223
2026-09-21T02:56:00+00:00,prs,1.225,0.031492,-0.189983,0.027492,0.217475
2026-09-21T02:57:00+00:00,prs,1.251,0.029747,-0.163983,0.025747,0.18973
2026-09-21T02:58:00+00:00,prs,1.212,0.028002,-0.202983,0.024002,0.226985
2026-09-21T02:59:00+00:00,prs,1.246,0.026259,-0.168983,0.02226,0.191242
2026-09-21T03:00:00+00:00,prs,1.211,0.024518,-0.203983,0.020518,0.224501
2026-09-21T03:01:00+00:00,prs,1.223,0.022779,-0.191983,0.018779,0.210762
2026-09-21T03:02:00+00:00,prs,1.226,0.021041,-0.188983,0.017041,0.206024
2026-09-21T03:03:00+00:00,prs,1.233,0.019306,-0.181983,0.015306,0.197289
2026-09-21T03:04:00+00:00,prs,1.2650000000000001,0.017572,-0.149983,0.013572,0.163555
2026-09-21T03:05:00+00:00,prs,1.2349999999999999,0.01584,-0.179983,0.01184,0.191823
2026-09-21T03:06:00+00:00,prs,1.268,0.014111,-0.146983,0.010111,0.157094
2026-09-21T03:07:00+00:00,prs,1.236,0.012384,-0.178983,0.008384,0.187367
2026-09-21T03:08:00+00:00,prs,1.2469999999999999,0.010659,-0.167983,0.006659,0.174642
2026-09-21T03:09:00+00:00,prs,1.2389999999999999,0.008937,-0.175983,0.004937,0.18092
2026-09-21T03:10:00+00:00,prs,1.2429999999999999,0.007217,-0.171983,0.003217,0.1752
2026-09-21T03:11:00+00:00,prs,1.236,0.0055,-0.178983,0.0015,0.180483
2026-09-21T03:12:00+00:00,prs,1.24,0.003785,-0.174983,-0.000215,0.174768
2026-09-21T03:13:00+00:00,prs,1.236,0.002074,-0.178983,-0.001926,0.177057
2026-09-21T03:14:00+00:00,prs,1.229,0.000365,-0.185983,-0.003635,0.182348
2026-09-21T03:15:00+00:00,prs,1.2349999999999999,-0.001341,-0.179983,-0.005341,0.174642
2026-09-21T03:16:00+00:00,prs,1.242,-0.003043,-0.172983,-0.007043,0.16594
2026-09-21T03:17:00+00:00,prs,1.222,-0.004743,-0.192983,-0.008743,0.18424
2026-09-21T03:18:00+00:00,prs,1.202,-0.006439,-0.212983,-0.010439,0.202544
2026-09-21T03:19:00+00:00,prs,1.205,-0.008132,-0.209983,-0.012132,0.197851
2026-09-21T03:20:00+00:00,prs,1.19,-0.009821,-0.224983,-0.013821,0.211162
2026-09-21T03:21:00+00:00,prs,1.18,-0.011507,-0.234983,-0.015507,0.219476
2026-09-21T03:22:00+00:00,prs,1.219,-0.01319,-0.195983,-0.017189,0.178793
2026-09-21T03:23:00+00:00,prs,1.211,-0.014868,-0.203983,-0.018868,0.185115
2026-09-21T03:24:00+00:00,prs,1.204,-0.016543,-0.210983,-0.020543,0.19044
2026-09-21T03:25:00+00:00,prs,1.209,-0.018214,-0.205983,-0.022214,0.183769
2026-09-21T03:26:00+00:00,prs,1.195,-0.019881,-0.219983,-0.023881,0.196102
2026-09-21T03:27:00+00:00,prs,1.227,-0.021544,-0.187983,-0.025544,0.162439
2026-09-21T03:28:00+00:00,prs,1.199,-0.023203,-0.215983,-0.027203,0.18878
2026-09-21T03:29:00+00:00,prs,1.216,-0.024858,-0.198983,-0.028858,0.170125
2026-09-21T03:30:00+00:00,prs,1.203,-0.026508,-0.211983,-0.030508,0.181475
2026-09-21T03:31:00+00:00,prs,1.182,-0.028154,-0.232983,-0.032154,0.200829
2026-09-21T03:32:00+00:00,prs,1.167,-0.029796,-0.247983,-0.033796,0.214187
2026-09-21T03:33:00+00:00,prs,1.18,-0.031433,-0.234983,-0.035433,0.19955
2026-09-21T03:34:00+00:00,prs,1.173,-0.033065,-0.241983,-0.037065,0.204918
2026-09-21T03:35:00+00:00,prs,1.188,-0.034693,-0.226983,-0.038693,0.18829
2026-09-21T03:36:00+00:00,prs,1.188,-0.036316,-0.226983,-0.040316,0.186667
2026-09-21T03:37:00+00:00,prs,1.181,-0.037934,-0.233983,-0.041934,0.192049
2026-09-21T03:38:00+00:00,prs,1.212,-0.039548,-0.202983,-0.043548,0.159435
2026-09-21T03:39:00+00:00,prs,1.17,-0.041156,-0.244983,-0.045156,0.199827
2026-09-21T03:40:00+00:00,prs,1.179,-0.042759,-0.235983,-0.046759,0.189224
2026-09-21T03:41:00+00:00,prs,1.176,-0.044357,-0.238983,-0.048357,0.190626
2026-09-21T03:42:00+00:00,prs,1.194,-0.04595,-0.220983,-0.049949,0.171034
2026-09-21T03:43:00+00:00,prs,1.178,-0.047537,-0.236983,-0.051537,0.185446
2026-09-21T03:44:00+00:00,prs,1.186,-0.049119,-0.228983,-0.053119,0.175864
2026-09-21T03:45:00+00:00,prs,1.184,-0.050695,-0.230983,-0.054695,0.176288
2026-09-21T03:46:00+00:00,prs,1.196,-0.052266,-0.218983,-0.056266,0.162717
2026-09-21T03:48:00+00:00,prs,1.17,-0.055391,-0.244983,-0.059391,0.185592
2026-09-21T03:49:00+00:00,prs,1.18,-0.056945,-0.234983,-0.060945,0.174038
2026-09-21T03:50:00+00:00,prs,1.158,-0.058493,-0.256983,-0.062492,0.19449
2026-09-21T03:51:00+00:00,prs,1.162,-0.060034,-0.252983,-0.064034,0.188949
2026-09-21T03:52:00+00:00,prs,1.155,-0.06157,-0.259983,-0.06557,0.194413
2026-09-21T03:53:00+00:00,prs,1.167,-0.0631,-0.247983,-0.0671,0.180883
2026-09-21T03:54:00+00:00,prs,1.184,-0.064624,-0.230983,-0.068624,0.162359
2026-09-21T03:55:00+00:00,prs,1.177,-0.066141,-0.237983,-0.070141,0.167842
2026-09-21T03:56:00+00:00,prs,1.176,-0.067652,-0.238983,-0.071652,0.167331
2026-09-21T03:57:00+00:00,prs,1.175,-0.069157,-0.239983,-0.073157,0.166826
2026-09-21T03:58:00+00:00,prs,1.156,-0.070656,-0.258983,-0.074655,0.184328
2026-09-21T03:59:00+00:00,prs,1.161,-0.072147,-0.253983,-0.076147,0.177836
2026-09-21T04:00:00+00:00,prs,1.178,-0.073633,-0.236983,-0.077632,0.159351
2026-09-21T04:01:00+00:00,prs,1.194,-0.075111,-0.220983,-0.079111,0.141872
2026-09-21T04:03:00+00:00,prs,1.175,-0.078048,-0.239983,-0.082048,0.157935
2026-09-21T04:04:00+00:00,prs,1.169,-0.079506,-0.245983,-0.083506,0.162477
2026-09-21T04:05:00+00:00,prs,1.179,-0.080957,-0.235983,-0.084957,0.151026
2026-09-21T04:06:00+00:00,prs,1.172,-0.082401,-0.242983,-0.086401,0.156582
2026-09-21T04:07:00+00:00,prs,1.147,-0.083839,-0.267983,-0.087839,0.180144
2026-09-21T04:08:00+00:00,prs,1.148,-0.085269,-0.266983,-0.089269,0.177714
2026-09-21T04:09:00+00:00,prs,1.169,-0.086692,-0.245983,-0.090691,0.155292
2026-09-21T04:10:00+00:00,prs,1.166,-0.088107,-0.248983,-0.092107,0.156876
2026-09-21T04:11:00+00:00,prs,1.169,-0.089515,-0.245983,-0.093515,0.152468
2026-09-21T04:12:00+00:00,prs,1.162,-0.090916,-0.252983,-0.094916,0.158067
2026-09-21T04:13:00+00:00,prs,1.138,-0.09231,-0.276983,-0.09631,0.180673
2026-09-21T04:14:00+00:00,prs,1.181,-0.093696,-0.233983,-0.097695,0.136287
2026-09-21T04:15:00+00:00,prs,1.156,-0.095074,-0.258983,-0.099074,0.159909
2026-09-21T04:16:00+00:00,prs,1.183,-0.096445,-0.231983,-0.100445,0.131538
2026-09-21T04:17:00+00:00,prs,1.177,-0.097808,-0.237983,-0.101808,0.136175
2026-09-21T04:18:00+00:00,prs,1.173,-0.099163,-0.241983,-0.103163,0.13882
2026-09-21T04:19:00+00:00,prs,1.176,-0.10051,-0.238983,-0.10451,0.134473
2026-09-21T04:20:00+00:00,prs,1.157,-0.10185,-0.257983,-0.10585,0.152133
2026-09-21T04:21:00+00:00,prs,1.169,-0.103182,-0.245983,-0.107181,0.138801
2026-09-21T04:22:00+00:00,prs,1.175,-0.104505,-0.239983,-0.108505,0.131478
2026-09-21T04:23:00+00:00,prs,1.171,-0.105821,-0.243983,-0.109821,0.134162
2026-09-21T04:24:00+00:00,prs,1.161,-0.107128,-0.253983,-0.111128,0.142855
2026-09-21T04:25:00+00:00,prs,1.164,-0.108428,-0.250983,-0.112428,0.138555
2026-09-21T04:26:00+00:00,prs,1.149,-0.109719,-0.265983,-0.113719,0.152264
2026-09-21T04:27:00+00:00,prs,1.151,-0.111002,-0.263983,-0.115002,0.148981
2026-09-21T04:28:00+00:00,prs,1.187,-0.112276,-0.227983,-0.116276,0.111707
2026-09-21T04:29:00+00:00,prs,1.155,-0.113543,-0.259983,-0.117542,0.14244
2026-09-21T04:30:00+00:00,prs,1.174,-0.1148,-0.240983,-0.1188,0.122183
2026-09-21T04:31:00+00:00,prs,1.156,-0.11605,-0.258983,-0.12005,0.138933
2026-09-21T04:32:00+00:00,prs,1.141,-0.11729,-0.273983,-0.12129,0.152693
2026-09-21T04:33:00+00:00,prs,1.141,-0.118523,-0.273983,-0.122522,0.15146
2026-09-21T04:34:00+00:00,prs,1.171,-0.119746,-0.243983,-0.123746,0.120237
2026-09-21T04:35:00+00:00,prs,1.158,-0.120961,-0.256983,-0.124961,0.132022
2026-09-21T04:36:00+00:00,prs,1.147,-0.122167,-0.267983,-0.126167,0.141816
2026-09-21T04:37:00+00:00,prs,1.192,-0.123365,-0.222983,-0.127365,0.095618
2026-09-21T04:38:00+00:00,prs,1.167,-0.124553,-0.247983,-0.128553,0.11943
2026-09-21T04:39:00+00:00,prs,1.149,-0.125733,-0.265983,-0.129733,0.13625
2026-09-21T04:40:00+00:00,prs,1.187,-0.126904,-0.227983,-0.130904,0.097079
2026-09-21T04:41:00+00:00,prs,1.157,-0.128066,-0.257983,-0.132065,0.125918
2026-09-21T04:42:00+00:00,prs,1.151,-0.129218,-0.263983,-0.133218,0.130765
2026-09-21T04:43:00+00:00,prs,1.154,-0.130362,-0.260983,-0.134362,0.126621
2026-09-21T04:44:00+00:00,prs,1.138,-0.131497,-0.276983,-0.135497,0.141486
2026-09-21T04:45:00+00:00,prs,1.151,-0.132622,-0.263983,-0.136622,0.127361
2026-09-21T04:46:00+00:00,prs,1.159,-0.133739,-0.255983,-0.137739,0.118244
2026-09-21T04:47:00+00:00,prs,1.168,-0.134846,-0.246983,-0.138846,0.108137
2026-09-21T04:48:00+00:00,prs,1.164,-0.135944,-0.250983,-0.139944,0.111039
2026-09-21T04:49:00+00:00,prs,1.176,-0.137033,-0.238983,-0.141032,0.09795
2026-09-21T04:50:00+00:00,prs,1.169,-0.138112,-0.245983,-0.142112,0.103871
2026-09-21T04:51:00+00:00,prs,1.155,-0.139182,-0.259983,-0.143182,0.116801
2026-09-21T04:52:00+00:00,prs,1.134,-0.140242,-0.280983,-0.144242,0.136741
2026-09-21T04:53:00+00:00,prs,1.163,-0.141293,-0.251983,-0.145293,0.10669
2026-09-21T04:54:00+00:00,prs,1.155,-0.142335,-0.259983,-0.146335,0.113648
2026-09-21T04:55:00+00:00,prs,1.156,-0.143367,-0.258983,-0.147367,0.111616
2026-09-21T04:56:00+00:00,prs,1.15,-0.14439,-0.264983,-0.148389,0.116593
2026-09-21T04:57:00+00:00,prs,1.147,-0.145402,-0.267983,-0.149402,0.118581
2026-09-21T04:58:00+00:00,prs,1.149,-0.146406,-0.265983,-0.150406,0.115577
2026-09-21T04:59:00+00:00,prs,1.156,-0.147399,-0.258983,-0.151399,0.107584
2026-09-21T05:00:00+00:00,prs,1.18,-0.148383,-0.234983,-0.152383,0.0826
2026-09-21T05:01:00+00:00,prs,1.174,-0.149358,-0.240983,-0.153358,0.087625
2026-09-21T05:02:00+00:00,prs,1.145,-0.150322,-0.269983,-0.154322,0.115661
2026-09-21T05:03:00+00:00,prs,1.154,-0.151277,-0.260983,-0.155277,0.105706
2026-09-21T05:04:00+00:00,prs,1.159,-0.152222,-0.255983,-0.156222,0.099761
2026-09-21T05:05:00+00:00,prs,1.155,-0.153157,-0.259983,-0.157157,0.102826
2026-09-21T05:06:00+00:00,prs,1.165,-0.154082,-0.249983,-0.158082,0.091901
2026-09-21T05:07:00+00:00,prs,1.166,-0.154997,-0.248983,-0.158997,0.089986
2026-09-21T05:08:00+00:00,prs,1.169,-0.155903,-0.245983,-0.159903,0.08608
2026-09-21T05:09:00+00:00,prs,1.166,-0.156798,-0.248983,-0.160798,0.088185
2026-09-21T05:10:00+00:00,prs,1.168,-0.157684,-0.246983,-0.161684,0.085299
2026-09-21T05:11:00+00:00,prs,1.16,-0.158559,-0.254983,-0.162559,0.092424
2026-09-21T05:12:00+00:00,prs,1.141,-0.159425,-0.273983,-0.163425,0.110558
2026-09-21T05:13:00+00:00,prs,1.155,-0.16028,-0.259983,-0.16428,0.095703
2026-09-21T05:14:00+00:00,prs,1.145,-0.161125,-0.269983,-0.165125,0.104858
2026-09-21T05:15:00+00:00,prs,1.1179999999999999,-0.161961,-0.296983,-0.165961,0.131022
2026-09-21T05:16:00+00:00,prs,1.16,-0.162786,-0.254983,-0.166786,0.088197
2026-09-21T05:17:00+00:00,prs,1.155,-0.163601,-0.259983,-0.167601,0.092382
2026-09-21T05:18:00+00:00,prs,1.1400000000000001,-0.164406,-0.274983,-0.168406,0.106577
2026-09-21T05:19:00+00:00,prs,1.163,-0.165201,-0.251983,-0.169201,0.082782
2026-09-21T05:20:00+00:00,prs,1.156,-0.165985,-0.258983,-0.169985,0.088998
2026-09-21T05:21:00+00:00,prs,1.151,-0.16676,-0.263983,-0.17076,0.093223
2026-09-21T05:22:00+00:00,prs,1.188,-0.167524,-0.226983,-0.171524,0.055459
2026-09-21T05:23:00+00:00,prs,1.176,-0.168278,-0.238983,-0.172278,0.066705
2026-09-21T05:24:00+00:00,prs,1.144,-0.169022,-0.270983,-0.173021,0.097962
2026-09-21T05:25:00+00:00,prs,1.164,-0.169755,-0.250983,-0.173755,0.077228
2026-09-21T05:26:00+00:00,prs,1.169,-0.170478,-0.245983,-0.174478,0.071505
2026-09-21T05:27:00+00:00,prs,1.181,-0.171191,-0.233983,-0.175191,0.058792
2026-09-21T05:28:00+00:00,prs,1.176,-0.171894,-0.238983,-0.175894,0.063089
2026-09-21T05:29:00+00:00,prs,1.143,-0.172586,-0.271983,-0.176586,0.095397
2026-09-21T05:30:00+00:00,prs,1.182,-0.173268,-0.232983,-0.177268,0.055715
2026-09-21T05:31:00+00:00,prs,1.153,-0.17394,-0.261983,-0.177939,0.084043
2026-09-21T05:32:00+00:00,prs,1.171,-0.174601,-0.243983,-0.178601,0.065382
2026-09-21T05:33:00+00:00,prs,1.134,-0.175252,-0.280983,-0.179252,0.101731
2026-09-21T05:34:00+00:00,prs,1.146,-0.175892,-0.268983,-0.179892,0.089091
2026-09-21T05:35:00+00:00,prs,1.161,-0.176523,-0.253983,-0.180523,0.07346
2026-09-21T05:36:00+00:00,prs,1.155,-0.177143,-0.259983,-0.181143,0.07884
2026-09-21T05:37:00+00:00,prs,1.171,-0.177752,-0.243983,-0.181752,0.062231
2026-09-21T05:38:00+00:00,prs,1.151,-0.178351,-0.263983,-0.182351,0.081632
2026-09-21T05:39:00+00:00,prs,1.157,-0.17894,-0.257983,-0.18294,0.075043
2026-09-21T05:40:00+00:00,prs,1.158,-0.179518,-0.256983,-0.183518,0.073465
2026-09-21T05:41:00+00:00,prs,1.147,-0.180087,-0.267983,-0.184086,0.083897
2026-09-21T05:42:00+00:00,prs,1.147,-0.180644,-0.267983,-0.184644,0.083339
2026-09-21T05:43:00+00:00,prs,1.155,-0.181191,-0.259983,-0.185191,0.074792
2026-09-21T05:44:00+00:00,prs,1.158,-0.181728,-0.256983,-0.185728,0.071255
2026-09-21T05:45:00+00:00,prs,1.196,-0.182255,-0.218983,-0.186255,0.032728
2026-09-21T05:46:00+00:00,prs,1.179,-0.182771,-0.235983,-0.186771,0.049212
2026-09-21T05:47:00+00:00,prs,1.167,-0.183277,-0.247983,-0.187276,0.060707
2026-09-21T05:48:00+00:00,prs,1.134,-0.183772,-0.280983,-0.187772,0.093211
2026-09-21T05:49:00+00:00,prs,1.167,-0.184257,-0.247983,-0.188257,0.059726
2026-09-21T05:50:00+00:00,prs,1.192,-0.184731,-0.222983,-0.188731,0.034252
2026-09-21T05:51:00+00:00,prs,1.17,-0.185196,-0.244983,-0.189195,0.055787
2026-09-21T05:52:00+00:00,prs,1.1400000000000001,-0.185649,-0.274983,-0.189649,0.085334
2026-09-21T05:53:00+00:00,prs,1.16,-0.186093,-0.254983,-0.190093,0.06489
2026-09-21T05:54:00+00:00,prs,1.177,-0.186526,-0.237983,-0.190526,0.047457
2026-09-21T05:55:00+00:00,prs,1.175,-0.186949,-0.239983,-0.190949,0.049034
2026-09-21T05:56:00+00:00,prs,1.152,-0.187361,-0.262983,-0.191361,0.071622
2026-09-21T05:57:00+00:00,prs,1.157,-0.187763,-0.257983,-0.191763,0.06622
2026-09-21T05:58:00+00:00,prs,1.173,-0.188155,-0.241983,-0.192155,0.049828
2026-09-21T05:59:00+00:00,prs,1.169,-0.188537,-0.245983,-0.192537,0.053446
2026-09-21T06:00:00+00:00,prs,1.166,-0.188908,-0.248983,-0.192908,0.056075
2026-09-21T06:01:00+00:00,prs,1.17,-0.189269,-0.244983,-0.193269,0.051714
2026-09-21T06:02:00+00:00,prs,1.189,-0.18962,-0.225983,-0.193619,0.032363
2026-09-21T06:03:00+00:00,prs,1.205,-0.18996,-0.209983,-0.19396,0.016023
2026-09-21T06:04:00+00:00,prs,1.2,-0.19029,-0.214983,-0.19429,0.020693
2026-09-21T06:05:00+00:00,prs,1.192,-0.19061,-0.222983,-0.19461,0.028373
2026-09-21T06:06:00+00:00,prs,1.169,-0.19092,-0.245983,-0.19492,0.051063
2026-09-21T06:07:00+00:00,prs,1.174,-0.191219,-0.240983,-0.195219,0.045764
2026-09-21T06:08:00+00:00,prs,1.226,-0.191509,-0.188983,-0.195509,-0.006526
2026-09-21T06:09:00+00:00,prs,1.186,-0.191788,-0.228983,-0.195788,0.033195
2026-09-21T06:10:00+00:00,prs,1.188,-0.192057,-0.226983,-0.196057,0.030926
2026-09-21T06:11:00+00:00,prs,1.186,-0.192316,-0.228983,-0.196316,0.032667
2026-09-21T06:12:00+00:00,prs,1.211,-0.192565,-0.203983,-0.196565,0.007418
2026-09-21T06:13:00+00:00,prs,1.203,-0.192803,-0.211983,-0.196803,0.01518
2026-09-21T06:14:00+00:00,prs,1.205,-0.193032,-0.209983,-0.197032,0.012951
2026-09-21T06:15:00+00:00,prs,1.176,-0.193251,-0.238983,-0.197251,0.041732
2026-09-21T06:16:00+00:00,prs,1.174,-0.193459,-0.240983,-0.197459,0.043524
2026-09-21T06:17:00+00:00,prs,1.189,-0.193658,-0.225983,-0.197658,0.028325
2026-09-21T06:18:00+00:00,prs,1.211,-0.193846,-0.203983,-0.197846,0.006137
2026-09-21T06:19:00+00:00,prs,1.196,-0.194025,-0.218983,-0.198025,0.020958
2026-09-21T06:20:00+00:00,prs,1.175,-0.194194,-0.239983,-0.198194,0.041789
2026-09-21T06:21:00+00:00,prs,1.177,-0.194353,-0.237983,-0.198353,0.03963
2026-09-21T06:22:00+00:00,prs,1.219,-0.194502,-0.195983,-0.198502,-0.002519
2026-09-21T06:23:00+00:00,prs,1.199,-0.194641,-0.215983,-0.198641,0.017342
2026-09-21T06:24:00+00:00,prs,1.209,-0.19477,-0.205983,-0.19877,0.007213
2026-09-21T06:25:00+00:00,prs,1.212,-0.19489,-0.202983,-0.198889,0.004093
2026-09-21T06:26:00+00:00,prs,1.175,-0.194999,-0.239983,-0.198999,0.040984
2026-09-21T06:27:00+00:00,prs,1.221,-0.195099,-0.193983,-0.199099,-0.005116
2026-09-21T06:28:00+00:00,prs,1.213,-0.19519,-0.201983,-0.19919,0.002793
2026-09-21T06:29:00+00:00,prs,1.238,-0.19527,-0.176983,-0.19927,-0.022287
2026-09-21T06:30:00+00:00,prs,1.2650000000000001,-0.195341,-0.149983,-0.199341,-0.049358
2026-09-21T06:31:00+00:00,prs,1.2429999999999999,-0.195403,-0.171983,-0.199403,-0.02742
2026-09-21T06:32:00+00:00,prs,1.234,-0.195454,-0.180983,-0.199454,-0.018471
2026-09-21T06:33:00+00:00,prs,1.24,-0.195497,-0.174983,-0.199497,-0.024514
2026-09-21T06:34:00+00:00,prs,1.254,-0.195529,-0.160983,-0.199529,-0.038546
2026-09-21T06:35:00+00:00,prs,1.249,-0.195553,-0.165983,-0.199553,-0.03357
2026-09-21T06:36:00+00:00,prs,1.254,-0.195566,-0.160983,-0.199566,-0.038583
2026-09-21T06:37:00+00:00,prs,1.2570000000000001,-0.195571,-0.157983,-0.199571,-0.041588
2026-09-21T06:38:00+00:00,prs,1.229,-0.195566,-0.185983,-0.199566,-0.013583
2026-09-21T06:39:00+00:00,prs,1.2469999999999999,-0.195552,-0.167983,-0.199551,-0.031569
2026-09-21T06:40:00+00:00,prs,1.215,-0.195528,-0.199983,-0.199528,0.000455
2026-09-21T06:41:00+00:00,prs,1.221,-0.195495,-0.193983,-0.199495,-0.005512
2026-09-21T06:42:00+00:00,prs,1.282,-0.195453,-0.132983,-0.199453,-0.06647
2026-09-21T06:43:00+00:00,prs,1.231,-0.195402,-0.183983,-0.199402,-0.015419
2026-09-21T06:44:00+00:00,prs,1.258,-0.195341,-0.156983,-0.199341,-0.042358
2026-09-21T06:45:00+00:00,prs,1.2730000000000001,-0.195272,-0.141983,-0.199272,-0.057289
2026-09-21T06:46:00+00:00,prs,1.189,-0.195193,-0.225983,-0.199193,0.02679
2026-09-21T06:47:00+00:00,prs,1.214,-0.195106,-0.200983,-0.199106,0.001877
2026-09-21T06:48:00+00:00,prs,1.197,-0.195009,-0.217983,-0.199009,0.018974
2026-09-21T06:49:00+00:00,prs,1.251,-0.194904,-0.163983,-0.198904,-0.034921
2026-09-21T06:50:00+00:00,prs,1.272,-0.194789,-0.142983,-0.198789,-0.055806
2026-09-21T06:51:00+00:00,prs,1.284,-0.194666,-0.130983,-0.198666,-0.067683
2026-09-21T06:52:00+00:00,prs,1.242,-0.194534,-0.172983,-0.198534,-0.025551
2026-09-21T06:53:00+00:00,prs,1.2429999999999999,-0.194393,-0.171983,-0.198393,-0.02641
2026-09-21T06:54:00+00:00,prs,1.229,-0.194244,-0.185983,-0.198244,-0.012261
2026-09-21T06:55:00+00:00,prs,1.215,-0.194086,-0.199983,-0.198085,0.001897
2026-09-21T06:56:00+00:00,prs,1.234,-0.193919,-0.180983,-0.197919,-0.016936
2026-09-21T06:57:00+00:00,prs,1.274,-0.193743,-0.140983,-0.197743,-0.05676
2026-09-21T06:58:00+00:00,prs,1.2,-0.19356,-0.214983,-0.197559,0.017423
2026-09-21T06:59:00+00:00,prs,1.207,-0.193367,-0.207983,-0.197367,0.010616
2026-09-21T07:00:00+00:00,prs,1.198,-0.193166,-0.216983,-0.197166,0.019817
2026-09-21T07:01:00+00:00,prs,1.234,-0.192957,-0.180983,-0.196957,-0.015974
2026-09-21T07:02:00+00:00,prs,1.226,-0.19274,-0.188983,-0.19674,-0.007757
2026-09-21T07:03:00+00:00,prs,1.24,-0.192514,-0.174983,-0.196514,-0.021531
2026-09-21T07:04:00+00:00,prs,1.206,-0.19228,-0.208983,-0.19628,0.012703
2026-09-21T07:05:00+00:00,prs,1.211,-0.192038,-0.203983,-0.196038,0.007945
2026-09-21T07:06:00+00:00,prs,1.255,-0.191787,-0.159983,-0.195787,-0.035804
2026-09-21T07:07:00+00:00,prs,1.21,-0.191529,-0.204983,-0.195529,0.009454
2026-09-21T07:08:00+00:00,prs,1.206,-0.191263,-0.208983,-0.195262,0.013721
2026-09-21T07:09:00+00:00,prs,1.2730000000000001,-0.190988,-0.141983,-0.194988,-0.053005
2026-09-21T07:10:00+00:00,prs,1.207,-0.190706,-0.207983,-0.194706,0.013277
2026-09-21T07:11:00+00:00,prs,1.258,-0.190416,-0.156983,-0.194416,-0.037433
2026-09-21T07:12:00+00:00,prs,1.271,-0.190118,-0.143983,-0.194118,-0.050135
2026-09-21T07:13:00+00:00,prs,1.206,-0.189812,-0.208983,-0.193812,0.015171
2026-09-21T07:14:00+00:00,prs,1.283,-0.189499,-0.131983,-0.193498,-0.061515
2026-09-21T07:15:00+00:00,prs,1.284,-0.189177,-0.130983,-0.193177,-0.062194
2026-09-21T07:16:00+00:00,prs,1.271,-0.188849,-0.143983,-0.192849,-0.048866
2026-09-21T07:17:00+00:00,prs,1.264,-0.188513,-0.150983,-0.192512,-0.04153
2026-09-21T07:18:00+00:00,prs,1.249,-0.188169,-0.165983,-0.192169,-0.026186
2026-09-21T07:19:00+00:00,prs,1.285,-0.187818,-0.129983,-0.191818,-0.061835
2026-09-21T07:20:00+00:00,prs,1.226,-0.187459,-0.188983,-0.191459,-0.002476
2026-09-21T07:21:00+00:00,prs,1.27,-0.187094,-0.144983,-0.191094,-0.046111
2026-09-21T07:22:00+00:00,prs,1.161,-0.186721,-0.253983,-0.190721,0.063262
2026-09-21T07:23:00+00:00,prs,1.21,-0.186341,-0.204983,-0.190341,0.014642
2026-09-21T07:24:00+00:00,prs,1.227,-0.185953,-0.187983,-0.189953,-0.00197
2026-09-21T07:25:00+00:00,prs,1.296,-0.185559,-0.118983,-0.189559,-0.070576
2026-09-21T07:26:00+00:00,prs,1.203,-0.185158,-0.211983,-0.189158,0.022825
2026-09-21T07:27:00+00:00,prs,1.244,-0.184749,-0.170983,-0.188749,-0.017766
2026-09-21T07:28:00+00:00,prs,1.2810000000000001,-0.184334,-0.133983,-0.188334,-0.054351
2026-09-21T07:29:00+00:00,prs,1.276,-0.183912,-0.138983,-0.187912,-0.048929
2026-09-21T07:30:00+00:00,prs,1.188,-0.183484,-0.226983,-0.187484,0.039499
2026-09-21T07:31:00+00:00,prs,1.21,-0.183048,-0.204983,-0.187048,0.017935
2026-09-21T07:32:00+00:00,prs,1.227,-0.182606,-0.187983,-0.186606,0.001377
2026-09-21T07:33:00+00:00,prs,1.307,-0.182158,-0.107983,-0.186158,-0.078175
2026-09-21T07:34:00+00:00,prs,1.2570000000000001,-0.181703,-0.157983,-0.185702,-0.02772
2026-09-21T07:35:00+00:00,prs,1.337,-0.181241,-0.077983,-0.185241,-0.107258
2026-09-21T07:36:00+00:00,prs,1.246,-0.180773,-0.168983,-0.184773,-0.01579
2026-09-21T07:37:00+00:00,prs,1.276,-0.180299,-0.138983,-0.184299,-0.045316
2026-09-21T07:38:00+00:00,prs,1.213,-0.179818,-0.201983,-0.183818,0.018165
2026-09-21T07:39:00+00:00,prs,1.2389999999999999,-0.179332,-0.175983,-0.183332,-0.007349
2026-09-21T07:40:00+00:00,prs,1.232,-0.178839,-0.182983,-0.182839,0.000144
2026-09-21T07:41:00+00:00,prs,1.192,-0.17834,-0.222983,-0.18234,0.040643
2026-09-21T07:42:00+00:00,prs,1.268,-0.177836,-0.146983,-0.181835,-0.034852
2026-09-21T07:43:00+00:00,prs,1.161,-0.177325,-0.253983,-0.181325,0.072658
2026-09-21T07:44:00+00:00,prs,1.31,-0.176808,-0.104983,-0.180808,-0.075825
2026-09-21T07:45:00+00:00,prs,1.179,-0.176286,-0.235983,-0.180286,0.055697
2026-09-21T07:46:00+00:00,prs,1.252,-0.175758,-0.162983,-0.179758,-0.016775
2026-09-21T07:47:00+00:00,prs,1.302,-0.175224,-0.112983,-0.179224,-0.066241
2026-09-21T07:48:00+00:00,prs,1.216,-0.174685,-0.198983,-0.178685,0.020298
2026-09-21T07:49:00+00:00,prs,1.272,-0.17414,-0.142983,-0.17814,-0.035157
2026-09-21T07:50:00+00:00,prs,1.217,-0.17359,-0.197983,-0.17759,0.020393
2026-09-21T07:51:00+00:00,prs,1.27,-0.173034,-0.144983,-0.177034,-0.032051
2026-09-21T07:52:00+00:00,prs,1.31,-0.172474,-0.104983,-0.176473,-0.07149
2026-09-21T07:53:00+00:00,prs,1.177,-0.171907,-0.237983,-0.175907,0.062076
2026-09-21T07:54:00+00:00,prs,1.31,-0.171336,-0.104983,-0.175336,-0.070353
2026-09-21T07:55:00+00:00,prs,1.28,-0.17076,-0.134983,-0.17476,-0.039777
2026-09-21T07:56:00+00:00,prs,1.208,-0.170178,-0.206983,-0.174178,0.032805
2026-09-21T07:57:00+00:00,prs,1.196,-0.169592,-0.218983,-0.173592,0.045391
2026-09-21T07:58:00+00:00,prs,1.317,-0.169001,-0.097983,-0.173001,-0.075018
2026-09-21T07:59:00+00:00,prs,1.339,-0.168405,-0.075983,-0.172405,-0.096422
2026-09-21T08:00:00+00:00,prs,1.314,-0.167804,-0.100983,-0.171804,-0.070821
2026-09-21T08:01:00+00:00,prs,1.339,-0.167198,-0.075983,-0.171198,-0.095215
2026-09-21T08:02:00+00:00,prs,1.2650000000000001,-0.166588,-0.149983,-0.170588,-0.020605
2026-09-21T08:03:00+00:00,prs,1.287,-0.165974,-0.127983,-0.169973,-0.041991
2026-09-21T08:04:00+00:00,prs,1.242,-0.165355,-0.172983,-0.169354,0.003629
2026-09-21T08:05:00+00:00,prs,1.331,-0.164731,-0.083983,-0.168731,-0.084748
2026-09-21T08:06:00+00:00,prs,1.212,-0.164103,-0.202983,-0.168103,0.03488
2026-09-21T08:07:00+00:00,prs,1.312,-0.163471,-0.102983,-0.167471,-0.064488
2026-09-21T08:08:00+00:00,prs,1.303,-0.162835,-0.111983,-0.166835,-0.054852
2026-09-21T08:09:00+00:00,prs,1.293,-0.162195,-0.121983,-0.166195,-0.044212
2026-09-21T08:10:00+00:00,prs,1.248,-0.16155,-0.166983,-0.16555,0.001433
2026-09-21T08:11:00+00:00,prs,1.266,-0.160902,-0.148983,-0.164902,-0.015919
2026-09-21T08:12:00+00:00,prs,1.232,-0.16025,-0.182983,-0.16425,0.018733
2026-09-21T08:13:00+00:00,prs,1.245,-0.159594,-0.169983,-0.163594,0.006389
2026-09-21T08:14:00+00:00,prs,1.287,-0.158934,-0.127983,-0.162934,-0.034951
2026-09-21T08:15:00+00:00,prs,1.2810000000000001,-0.158271,-0.133983,-0.162271,-0.028288
2026-09-21T08:16:00+00:00,prs,1.349,-0.157604,-0.065983,-0.161604,-0.095621
2026-09-21T08:17:00+00:00,prs,1.268,-0.156934,-0.146983,-0.160933,-0.01395
2026-09-21T08:18:00+00:00,prs,1.2530000000000001,-0.15626,-0.161983,-0.16026,0.001723
2026-09-21T08:19:00+00:00,prs,1.294,-0.155582,-0.120983,-0.159582,-0.038599
2026-09-21T08:20:00+00:00,prs,1.312,-0.154902,-0.102983,-0.158902,-0.055919
2026-09-21T08:21:00+00:00,prs,1.32,-0.154218,-0.094983,-0.158218,-0.063235
2026-09-21T08:22:00+00:00,prs,1.333,-0.153531,-0.081983,-0.157531,-0.075548
2026-09-21T08:23:00+00:00,prs,1.359,-0.152841,-0.055983,-0.156841,-0.100858
2026-09-21T08:24:00+00:00,prs,1.429,-0.152148,0.014017,-0.156148,-0.170165
2026-09-21T08:25:00+00:00,prs,1.307,-0.151452,-0.107983,-0.155452,-0.047469
2026-09-21T08:26:00+00:00,prs,1.225,-0.150753,-0.189983,-0.154753,0.03523
2026-09-21T08:27:00+00:00,prs,1.408,-0.150052,-0.006983,-0.154052,-0.147069
2026-09-21T08:28:00+00:00,prs,1.289,-0.149348,-0.125983,-0.153347,-0.027364
2026-09-21T08:29:00+00:00,prs,1.343,-0.148641,-0.071983,-0.152641,-0.080658
2026-09-21T08:30:00+00:00,prs,1.2349999999999999,-0.147931,-0.179983,-0.151931,0.028052
2026-09-21T08:31:00+00:00,prs,1.245,-0.147219,-0.169983,-0.151219,0.018764
2026-09-21T08:32:00+00:00,prs,1.338,-0.146505,-0.076983,-0.150505,-0.073522
2026-09-21T08:33:00+00:00,prs,1.3599999999999999,-0.145788,-0.054983,-0.149788,-0.094805
2026-09-21T08:34:00+00:00,prs,1.341,-0.145069,-0.073983,-0.149069,-0.075086
2026-09-21T08:35:00+00:00,prs,1.249,-0.144348,-0.165983,-0.148348,0.017635
2026-09-21T08:36:00+00:00,prs,1.329,-0.143625,-0.085983,-0.147625,-0.061642
2026-09-21T08:37:00+00:00,prs,1.289,-0.1429,-0.125983,-0.1469,-0.020917
2026-09-21T08:38:00+00:00,prs,1.34,-0.142173,-0.074983,-0.146173,-0.07119
2026-09-21T08:39:00+00:00,prs,1.3980000000000001,-0.141444,-0.016983,-0.145444,-0.128461
2026-09-21T08:40:00+00:00,prs,1.397,-0.140713,-0.017983,-0.144713,-0.12673
2026-09-21T08:41:00+00:00,prs,1.351,-0.13998,-0.063983,-0.14398,-0.079997
2026-09-21T08:42:00+00:00,prs,1.285,-0.139246,-0.129983,-0.143246,-0.013263
2026-09-21T08:43:00+00:00,prs,1.3780000000000001,-0.13851,-0.036983,-0.14251,-0.105527
2026-09-21T08:44:00+00:00,prs,1.388,-0.137773,-0.026983,-0.141773,-0.11479
2026-09-21T08:45:00+00:00,prs,1.381,-0.137034,-0.033983,-0.141034,-0.107051
2026-09-21T08:46:00+00:00,prs,1.296,-0.136294,-0.118983,-0.140294,-0.021311
2026-09-21T08:47:00+00:00,prs,1.302,-0.135552,-0.112983,-0.139552,-0.026569
2026-09-21T08:48:00+00:00,prs,1.333,-0.13481,-0.081983,-0.13881,-0.056827
2026-09-21T08:49:00+00:00,prs,1.197,-0.134066,-0.217983,-0.138066,0.079917
2026-09-21T08:50:00+00:00,prs,1.355,-0.133321,-0.059983,-0.137321,-0.077338
2026-09-21T08:51:00+00:00,prs,1.325,-0.132575,-0.089983,-0.136575,-0.046592
2026-09-21T08:52:00+00:00,prs,1.304,-0.131828,-0.110983,-0.135828,-0.024845
2026-09-21T08:53:00+00:00,prs,1.189,-0.131081,-0.225983,-0.135081,0.090902
2026-09-21T08:54:00+00:00,prs,1.357,-0.130332,-0.057983,-0.134332,-0.076349
2026-09-21T08:55:00+00:00,prs,1.333,-0.129583,-0.081983,-0.133583,-0.0516
2026-09-21T08:56:00+00:00,prs,1.4,-0.128834,-0.014983,-0.132833,-0.11785
2026-09-21T08:57:00+00:00,prs,1.334,-0.128083,-0.080983,-0.132083,-0.0511
2026-09-21T08:58:00+00:00,prs,1.3599999999999999,-0.127332,-0.054983,-0.131332,-0.076349
2026-09-21T08:59:00+00:00,prs,1.437,-0.126581,0.022017,-0.130581,-0.152598
2026-09-21T09:00:00+00:00,prs,1.305,-0.12583,-0.109983,-0.12983,-0.019847
2026-09-21T09:01:00+00:00,prs,1.296,-0.125078,-0.118983,-0.129078,-0.010095
2026-09-21T09:02:00+00:00,prs,1.336,-0.124326,-0.078983,-0.128326,-0.049343
2026-09-21T09:03:00+00:00,prs,1.244,-0.123574,-0.170983,-0.127574,0.043409
2026-09-21T09:04:00+00:00,prs,1.3479999999999999,-0.122822,-0.066983,-0.126822,-0.059839
2026-09-21T09:05:00+00:00,prs,1.437,-0.12207,0.022017,-0.12607,-0.148087
2026-09-21T09:06:00+00:00,prs,1.246,-0.121318,-0.168983,-0.125318,0.043665
2026-09-21T09:07:00+00:00,prs,1.381,-0.120566,-0.033983,-0.124566,-0.090583
2026-09-21T09:08:00+00:00,prs,1.314,-0.119814,-0.100983,-0.123814,-0.022831
2026-09-21T09:09:00+00:00,prs,1.405,-0.119063,-0.009983,-0.123063,-0.11308
2026-09-21T09:10:00+00:00,prs,1.228,-0.118312,-0.186983,-0.122312,0.064671
2026-09-21T09:11:00+00:00,prs,1.229,-0.117561,-0.185983,-0.121561,0.064422
2026-09-21T09:12:00+00:00,prs,1.37,-0.116812,-0.044983,-0.120811,-0.075829
2026-09-21T09:13:00+00:00,prs,1.397,-0.116062,-0.017983,-0.120062,-0.102079
2026-09-21T09:14:00+00:00,prs,1.301,-0.115313,-0.113983,-0.119313,-0.00533
2026-09-21T09:15:00+00:00,prs,1.3599999999999999,-0.114566,-0.054983,-0.118565,-0.063582
2026-09-21T09:16:00+00:00,prs,1.4020000000000001,-0.113818,-0.012983,-0.117818,-0.104835
2026-09-21T09:17:00+00:00,prs,1.484,-0.113072,0.069017,-0.117072,-0.186089
2026-09-21T09:18:00+00:00,prs,1.3519999999999999,-0.112327,-0.062983,-0.116327,-0.053344
2026-09-21T09:19:00+00:00,prs,1.212,-0.111582,-0.202983,-0.115582,0.087401
2026-09-21T09:20:00+00:00,prs,1.381,-0.110839,-0.033983,-0.114839,-0.080856
2026-09-21T09:21:00+00:00,prs,1.432,-0.110097,0.017017,-0.114097,-0.131114
2026-09-21T09:22:00+00:00,prs,1.3679999999999999,-0.109356,-0.046983,-0.113356,-0.066373
2026-09-21T09:23:00+00:00,prs,1.429,-0.108616,0.014017,-0.112616,-0.126633
2026-09-21T09:24:00+00:00,prs,1.32,-0.107878,-0.094983,-0.111878,-0.016895
2026-09-21T09:25:00+00:00,prs,1.316,-0.107141,-0.098983,-0.111141,-0.012158
2026-09-21T09:26:00+00:00,prs,1.4060000000000001,-0.106406,-0.008983,-0.110406,-0.101423
2026-09-21T09:27:00+00:00,prs,1.329,-0.105672,-0.085983,-0.109672,-0.023689
2026-09-21T09:28:00+00:00,prs,1.337,-0.10494,-0.077983,-0.10894,-0.030957
2026-09-21T09:29:00+00:00,prs,1.339,-0.104209,-0.075983,-0.108209,-0.032226
2026-09-21T09:30:00+00:00,prs,1.428,-0.10348,0.013017,-0.10748,-0.120497
2026-09-21T09:31:00+00:00,prs,1.303,-0.102753,-0.111983,-0.106753,0.00523
2026-09-21T09:32:00+00:00,prs,1.366,-0.102028,-0.048983,-0.106028,-0.057045
2026-09-21T09:33:00+00:00,prs,1.366,-0.101305,-0.048983,-0.105305,-0.056322
2026-09-21T09:34:00+00:00,prs,1.379,-0.100584,-0.035983,-0.104584,-0.068601
2026-09-21T09:35:00+00:00,prs,1.305,-0.099865,-0.109983,-0.103865,0.006118
2026-09-21T09:36:00+00:00,prs,1.498,-0.099148,0.083017,-0.103148,-0.186165
2026-09-21T09:37:00+00:00,prs,1.161,-0.098433,-0.253983,-0.102433,0.15155
2026-09-21T09:38:00+00:00,prs,1.296,-0.097721,-0.118983,-0.101721,0.017262
2026-09-21T09:39:00+00:00,prs,1.323,-0.09701,-0.091983,-0.10101,-0.009027
2026-09-21T09:40:00+00:00,prs,1.5030000000000001,-0.096303,0.088017,-0.100303,-0.18832
2026-09-21T09:41:00+00:00,prs,1.462,-0.095597,0.047017,-0.099597,-0.146614
2026-09-21T09:42:00+00:00,prs,1.445,-0.094895,0.030017,-0.098894,-0.128911
2026-09-21T09:43:00+00:00,prs,1.2810000000000001,-0.094194,-0.133983,-0.098194,0.035789
2026-09-21T09:44:00+00:00,prs,1.313,-0.093497,-0.101983,-0.097497,0.004486
2026-09-21T09:45:00+00:00,prs,1.435,-0.092802,0.020017,-0.096802,-0.116819
2026-09-21T09:46:00+00:00,prs,1.454,-0.092109,0.039017,-0.096109,-0.135126
2026-09-21T09:47:00+00:00,prs,1.433,-0.09142,0.018017,-0.09542,-0.113437
2026-09-21T09:48:00+00:00,prs,1.207,-0.090734,-0.207983,-0.094733,0.113249
2026-09-21T09:49:00+00:00,prs,1.317,-0.09005,-0.097983,-0.09405,0.003933
2026-09-21T09:50:00+00:00,prs,1.392,-0.089369,-0.022983,-0.093369,-0.070386
2026-09-21T09:51:00+00:00,prs,1.501,-0.088692,0.086017,-0.092692,-0.178709
2026-09-21T09:52:00+00:00,prs,1.432,-0.088017,0.017017,-0.092017,-0.109034
2026-09-21T09:53:00+00:00,prs,1.38,-0.087346,-0.034983,-0.091346,-0.056363
2026-09-21T09:54:00+00:00,prs,1.409,-0.086678,-0.005983,-0.090678,-0.084695
2026-09-21T09:55:00+00:00,prs,1.453,-0.086013,0.038017,-0.090013,-0.12803
2026-09-21T09:56:00+00:00,prs,1.3599999999999999,-0.085352,-0.054983,-0.089352,-0.034369
2026-09-21T09:57:00+00:00,prs,1.389,-0.084694,-0.025983,-0.088694,-0.062711
2026-09-21T09:58:00+00:00,prs,1.161,-0.084039,-0.253983,-0.088039,0.165944
2026-09-21T09:59:00+00:00,prs,1.471,-0.083388,0.056017,-0.087388,-0.143405
2026-09-21T10:00:00+00:00,prs,1.4969999999999999,-0.08274,0.082017,-0.08674,-0.168757
2026-09-21T10:01:00+00:00,prs,1.419,-0.082096,0.004017,-0.086096,-0.090113
2026-09-21T10:02:00+00:00,prs,1.411,-0.081456,-0.003983,-0.085456,-0.081473
2026-09-21T10:03:00+00:00,prs,1.411,-0.080819,-0.003983,-0.084819,-0.080836
2026-09-21T10:04:00+00:00,prs,1.5070000000000001,-0.080187,0.092017,-0.084186,-0.176204
2026-09-21T10:05:00+00:00,prs,1.416,-0.079558,0.001017,-0.083557,-0.084575
2026-09-21T10:06:00+00:00,prs,1.411,-0.078932,-0.003983,-0.082932,-0.078949
2026-09-21T10:07:00+00:00,prs,1.371,-0.078311,-0.043983,-0.082311,-0.038328
2026-09-21T10:08:00+00:00,prs,1.384,-0.077694,-0.030983,-0.081694,-0.050711
2026-09-21T10:09:00+00:00,prs,1.294,-0.077081,-0.120983,-0.08108,0.039902
2026-09-21T10:10:00+00:00,prs,1.4020000000000001,-0.076471,-0.012983,-0.080471,-0.067488
2026-09-21T10:11:00+00:00,prs,1.296,-0.075866,-0.118983,-0.079866,0.039117
2026-09-21T10:12:00+00:00,prs,1.409,-0.075265,-0.005983,-0.079265,-0.073282
2026-09-21T10:13:00+00:00,prs,1.388,-0.074669,-0.026983,-0.078669,-0.051686
2026-09-21T10:14:00+00:00,prs,1.351,-0.074076,-0.063983,-0.078076,-0.014093
2026-09-21T10:15:00+00:00,prs,1.4020000000000001,-0.073488,-0.012983,-0.077488,-0.064505
2026-09-21T10:16:00+00:00,prs,1.464,-0.072904,0.049017,-0.076904,-0.125921
2026-09-21T10:17:00+00:00,prs,1.363,-0.072325,-0.051983,-0.076325,-0.024342
2026-09-21T10:18:00+00:00,prs,1.534,-0.07175,0.119017,-0.07575,-0.194767
2026-09-21T10:19:00+00:00,prs,1.176,-0.071179,-0.238983,-0.075179,0.163804
2026-09-21T10:20:00+00:00,prs,1.441,-0.070614,0.026017,-0.074613,-0.10063
2026-09-21T10:21:00+00:00,prs,1.361,-0.070052,-0.053983,-0.074052,-0.020069
2026-09-21T10:22:00+00:00,prs,1.185,-0.069495,-0.229983,-0.073495,0.156488
2026-09-21T10:23:00+00:00,prs,1.371,-0.068943,-0.043983,-0.072943,-0.02896
2026-09-21T10:24:00+00:00,prs,1.17,-0.068396,-0.244983,-0.072396,0.172587
2026-09-21T10:25:00+00:00,prs,1.3719999999999999,-0.067853,-0.042983,-0.071853,-0.02887
2026-09-21T10:26:00+00:00,prs,1.434,-0.067316,0.019017,-0.071316,-0.090333
2026-09-21T10:27:00+00:00,prs,1.349,-0.066783,-0.065983,-0.070783,-0.0048
2026-09-21T10:28:00+00:00,prs,1.399,-0.066255,-0.015983,-0.070254,-0.054272
2026-09-21T10:29:00+00:00,prs,1.3780000000000001,-0.065731,-0.036983,-0.069731,-0.032748
2026-09-21T10:30:00+00:00,prs,1.496,-0.065213,0.081017,-0.069213,-0.15023
2026-09-21T10:31:00+00:00,prs,1.279,-0.0647,-0.135983,-0.0687,0.067283
2026-09-21T10:32:00+00:00,prs,1.467,-0.064192,0.052017,-0.068192,-0.120209
2026-09-21T10:33:00+00:00,prs,1.483,-0.063689,0.068017,-0.067688,-0.135706
2026-09-21T10:34:00+00:00,prs,1.347,-0.06319,-0.067983,-0.06719,0.000793
2026-09-21T10:35:00+00:00,prs,1.315,-0.062698,-0.099983,-0.066697,0.033285
2026-09-21T10:36:00+00:00,prs,1.391,-0.06221,-0.023983,-0.06621,-0.042227
2026-09-21T10:37:00+00:00,prs,1.391,-0.061727,-0.023983,-0.065727,-0.041744
2026-09-21T10:38:00+00:00,prs,1.467,-0.06125,0.052017,-0.06525,-0.117267
2026-09-21T10:39:00+00:00,prs,1.322,-0.060778,-0.092983,-0.064778,0.028205
2026-09-21T10:40:00+00:00,prs,1.357,-0.060311,-0.057983,-0.064311,-0.006328
2026-09-21T10:41:00+00:00,prs,1.418,-0.05985,0.003017,-0.06385,-0.066867
2026-09-21T10:42:00+00:00,prs,1.221,-0.059394,-0.193983,-0.063394,0.130589
2026-09-21T10:43:00+00:00,prs,1.227,-0.058943,-0.187983,-0.062943,0.12504
2026-09-21T10:44:00+00:00,prs,1.444,-0.058498,0.029017,-0.062498,-0.091515
2026-09-21T10:45:00+00:00,prs,1.4689999999999999,-0.058059,0.054017,-0.062058,-0.116076
2026-09-21T10:46:00+00:00,prs,1.499,-0.057624,0.084017,-0.061624,-0.145641
2026-09-21T10:47:00+00:00,prs,1.429,-0.057196,0.014017,-0.061196,-0.075213
2026-09-21T10:48:00+00:00,prs,1.292,-0.056773,-0.122983,-0.060773,0.06221
2026-09-21T10:49:00+00:00,prs,1.363,-0.056355,-0.051983,-0.060355,-0.008372
2026-09-21T10:50:00+00:00,prs,1.392,-0.055943,-0.022983,-0.059943,-0.03696
2026-09-21T10:51:00+00:00,prs,1.407,-0.055537,-0.007983,-0.059537,-0.051554
2026-09-21T10:52:00+00:00,prs,1.422,-0.055136,0.007017,-0.059136,-0.066153
2026-09-21T10:53:00+00:00,prs,1.428,-0.054742,0.013017,-0.058741,-0.071759
2026-09-21T10:54:00+00:00,prs,1.379,-0.054352,-0.035983,-0.058352,-0.022369
2026-09-21T10:55:00+00:00,prs,1.3679999999999999,-0.053969,-0.046983,-0.057969,-0.010986
2026-09-21T10:56:00+00:00,prs,1.38,-0.053591,-0.034983,-0.057591,-0.022608
2026-09-21T10:57:00+00:00,prs,1.371,-0.053219,-0.043983,-0.057219,-0.013236
2026-09-21T10:58:00+00:00,prs,1.457,-0.052853,0.042017,-0.056853,-0.09887
2026-09-21T10:59:00+00:00,prs,1.302,-0.052493,-0.112983,-0.056493,0.05649
2026-09-21T11:00:00+00:00,prs,1.289,-0.052139,-0.125983,-0.056139,0.069844
2026-09-21T11:01:00+00:00,prs,1.323,-0.05179,-0.091983,-0.05579,0.036193
2026-09-21T11:02:00+00:00,prs,1.4809999999999999,-0.051448,0.066017,-0.055448,-0.121465
2026-09-21T11:03:00+00:00,prs,1.403,-0.051111,-0.011983,-0.055111,-0.043128
2026-09-21T11:04:00+00:00,prs,1.325,-0.05078,-0.089983,-0.05478,0.035203
2026-09-21T11:05:00+00:00,prs,1.3780000000000001,-0.050455,-0.036983,-0.054455,-0.017472
2026-09-21T11:06:00+00:00,prs,1.459,-0.050137,0.044017,-0.054136,-0.098154
2026-09-21T11:07:00+00:00,prs,1.495,-0.049824,0.080017,-0.053824,-0.133841
2026-09-21T11:08:00+00:00,prs,1.412,-0.049517,-0.002983,-0.053517,-0.050534
2026-09-21T11:09:00+00:00,prs,1.455,-0.049216,0.040017,-0.053216,-0.093233
2026-09-21T11:10:00+00:00,prs,1.501,-0.048921,0.086017,-0.052921,-0.138938
2026-09-21T11:11:00+00:00,prs,1.439,-0.048632,0.024017,-0.052632,-0.076649
2026-09-21T11:12:00+00:00,prs,1.374,-0.04835,-0.040983,-0.05235,-0.011367
2026-09-21T11:13:00+00:00,prs,1.318,-0.048073,-0.096983,-0.052073,0.04491
2026-09-21T11:14:00+00:00,prs,1.315,-0.047803,-0.099983,-0.051803,0.04818
2026-09-21T11:15:00+00:00,prs,1.3479999999999999,-0.047538,-0.066983,-0.051538,0.015445
2026-09-21T11:16:00+00:00,prs,1.42,-0.04728,0.005017,-0.05128,-0.056297
2026-09-21T11:17:00+00:00,prs,1.438,-0.047028,0.023017,-0.051028,-0.074045
2026-09-21T11:18:00+00:00,prs,1.366,-0.046782,-0.048983,-0.050782,-0.001799
2026-09-21T11:19:00+00:00,prs,1.358,-0.046542,-0.056983,-0.050542,0.006441
2026-09-21T11:20:00+00:00,prs,1.391,-0.046308,-0.023983,-0.050308,-0.026325
2026-09-21T11:21:00+00:00,prs,1.34,-0.046081,-0.074983,-0.05008,0.024903
2026-09-21T11:22:00+00:00,prs,1.342,-0.045859,-0.072983,-0.049859,0.023124
2026-09-21T11:23:00+00:00,prs,1.287,-0.045644,-0.127983,-0.049644,0.078339
2026-09-21T11:24:00+00:00,prs,1.385,-0.045435,-0.029983,-0.049435,-0.019452
2026-09-21T11:25:00+00:00,prs,1.314,-0.045232,-0.100983,-0.049232,0.051751
2026-09-21T11:26:00+00:00,prs,1.264,-0.045035,-0.150983,-0.049035,0.101948
2026-09-21T11:27:00+00:00,prs,1.405,-0.044845,-0.009983,-0.048845,-0.038862
2026-09-21T11:28:00+00:00,prs,1.387,-0.04466,-0.027983,-0.04866,-0.020677
2026-09-21T11:29:00+00:00,prs,1.333,-0.044482,-0.081983,-0.048482,0.033501
2026-09-21T11:30:00+00:00,prs,1.399,-0.04431,-0.015983,-0.04831,-0.032327
2026-09-21T11:31:00+00:00,prs,1.342,-0.044145,-0.072983,-0.048145,0.024838
2026-09-21T11:32:00+00:00,prs,1.282,-0.043985,-0.132983,-0.047985,0.084998
2026-09-21T11:33:00+00:00,prs,1.282,-0.043832,-0.132983,-0.047832,0.085151
2026-09-21T11:34:00+00:00,prs,1.3639999999999999,-0.043685,-0.050983,-0.047685,0.003298
2026-09-21T11:35:00+00:00,prs,1.305,-0.043544,-0.109983,-0.047544,0.062439
2026-09-21T11:36:00+00:00,prs,1.376,-0.043409,-0.038983,-0.047409,-0.008426
2026-09-21T11:37:00+00:00,prs,1.298,-0.043281,-0.116983,-0.047281,0.069702
2026-09-21T11:38:00+00:00,prs,1.3639999999999999,-0.043159,-0.050983,-0.047159,0.003824
2026-09-21T11:39:00+00:00,prs,1.351,-0.043043,-0.063983,-0.047043,0.01694
2026-09-21T11:40:00+00:00,prs,1.491,-0.042933,0.076017,-0.046933,-0.12295
2026-09-21T11:41:00+00:00,prs,1.242,-0.042829,-0.172983,-0.046829,0.126154
2026-09-21T11:42:00+00:00,prs,1.331,-0.042732,-0.083983,-0.046732,0.037251
2026-09-21T11:43:00+00:00,prs,1.418,-0.04264,0.003017,-0.04664,-0.049657
2026-09-21T11:44:00+00:00,prs,1.307,-0.042555,-0.107983,-0.046555,0.061428
2026-09-21T11:45:00+00:00,prs,1.3599999999999999,-0.042476,-0.054983,-0.046476,0.008507
2026-09-21T11:46:00+00:00,prs,1.416,-0.042403,0.001017,-0.046403,-0.04742
2026-09-21T11:47:00+00:00,prs,1.463,-0.042337,0.048017,-0.046337,-0.094354
2026-09-21T11:48:00+00:00,prs,1.345,-0.042276,-0.069983,-0.046276,0.023707
2026-09-21T11:49:00+00:00,prs,1.462,-0.042222,0.047017,-0.046222,-0.093239
2026-09-21T11:50:00+00:00,prs,1.34,-0.042173,-0.074983,-0.046173,0.02881
2026-09-21T11:51:00+00:00,prs,1.362,-0.042131,-0.052983,-0.046131,0.006852
2026-09-21T11:52:00+00:00,prs,1.366,-0.042095,-0.048983,-0.046095,0.002888
2026-09-21T11:53:00+00:00,prs,1.339,-0.042065,-0.075983,-0.046065,0.029918
2026-09-21T11:54:00+00:00,prs,1.3860000000000001,-0.042041,-0.028983,-0.046041,-0.017058
2026-09-21T11:55:00+00:00,prs,1.456,-0.042023,0.041017,-0.046023,-0.08704
2026-09-21T11:56:00+00:00,prs,1.442,-0.042012,0.027017,-0.046011,-0.073029
2026-09-21T11:57:00+00:00,prs,1.415,-0.042006,1.7e-05,-0.046006,-0.046023
2026-09-21T11:58:00+00:00,prs,1.383,-0.042006,-0.031983,-0.046006,-0.014023
2026-09-21T11:59:00+00:00,prs,1.374,-0.042012,-0.040983,-0.046012,-0.005029
2026-09-21T12:00:00+00:00,prs,1.34,-0.042024,-0.074983,-0.046024,0.028959
2026-09-21T12:01:00+00:00,prs,1.407,-0.042043,-0.007983,-0.046042,-0.03806
2026-09-21T12:02:00+00:00,prs,1.3980000000000001,-0.042067,-0.016983,-0.046067,-0.029084
2026-09-21T12:03:00+00:00,prs,1.405,-0.042097,-0.009983,-0.046097,-0.036114
2026-09-21T12:04:00+00:00,prs,1.463,-0.042133,0.048017,-0.046133,-0.09415
2026-09-21T12:05:00+00:00,prs,1.422,-0.042175,0.007017,-0.046174,-0.053191
2026-09-21T12:06:00+00:00,prs,1.301,-0.042222,-0.113983,-0.046222,0.067761
2026-09-21T12:07:00+00:00,prs,1.475,-0.042276,0.060017,-0.046276,-0.106293
2026-09-21T12:08:00+00:00,prs,1.354,-0.042335,-0.060983,-0.046335,0.014648
2026-09-21T12:09:00+00:00,prs,1.293,-0.0424,-0.121983,-0.0464,0.075583
2026-09-21T12:10:00+00:00,prs,1.442,-0.042471,0.027017,-0.046471,-0.073488
2026-09-21T12:11:00+00:00,prs,1.43,-0.042548,0.015017,-0.046548,-0.061565
2026-09-21T12:12:00+00:00,prs,1.431,-0.042631,0.016017,-0.04663,-0.062647
2026-09-21T12:13:00+00:00,prs,1.4020000000000001,-0.042719,-0.012983,-0.046719,-0.033736
2026-09-21T12:14:00+00:00,prs,1.244,-0.042813,-0.170983,-0.046812,0.12417
2026-09-21T12:15:00+00:00,prs,1.388,-0.042912,-0.026983,-0.046912,-0.019929
2026-09-21T12:16:00+00:00,prs,1.3479999999999999,-0.043017,-0.066983,-0.047017,0.019966
2026-09-21T12:17:00+00:00,prs,1.3679999999999999,-0.043128,-0.046983,-0.047128,-0.000145
2026-09-21T12:18:00+00:00,prs,1.385,-0.043244,-0.029983,-0.047244,-0.017261
2026-09-21T12:19:00+00:00,prs,1.299,-0.043366,-0.115983,-0.047366,0.068617
2026-09-21T12:20:00+00:00,prs,1.375,-0.043494,-0.039983,-0.047494,-0.007511
2026-09-21T12:21:00+00:00,prs,1.389,-0.043627,-0.025983,-0.047627,-0.021644
2026-09-21T12:22:00+00:00,prs,1.4060000000000001,-0.043765,-0.008983,-0.047765,-0.038782
2026-09-21T12:23:00+00:00,prs,1.341,-0.043909,-0.073983,-0.047909,0.026074
2026-09-21T12:24:00+00:00,prs,1.415,-0.044058,1.7e-05,-0.048058,-0.048075
2026-09-21T12:25:00+00:00,prs,1.443,-0.044213,0.028017,-0.048213,-0.07623
2026-09-21T12:26:00+00:00,prs,1.438,-0.044373,0.023017,-0.048373,-0.07139
2026-09-21T12:27:00+00:00,prs,1.298,-0.044538,-0.116983,-0.048538,0.068445
2026-09-21T12:28:00+00:00,prs,1.458,-0.044708,0.043017,-0.048708,-0.091725
2026-09-21T12:29:00+00:00,prs,1.492,-0.044884,0.077017,-0.048884,-0.125901
2026-09-21T12:30:00+00:00,prs,1.4060000000000001,-0.045065,-0.008983,-0.049065,-0.040082
2026-09-21T12:31:00+00:00,prs,1.396,-0.045251,-0.018983,-0.049251,-0.030268
2026-09-21T12:32:00+00:00,prs,1.3679999999999999,-0.045443,-0.046983,-0.049443,-0.00246
2026-09-21T12:33:00+00:00,prs,1.3679999999999999,-0.045639,-0.046983,-0.049639,-0.002656
2026-09-21T12:34:00+00:00,prs,1.3719999999999999,-0.045841,-0.042983,-0.04984,-0.006858
2026-09-21T12:35:00+00:00,prs,1.49,-0.046047,0.075017,-0.050047,-0.125064
2026-09-21T12:36:00+00:00,prs,1.275,-0.046259,-0.139983,-0.050259,0.089724
2026-09-21T12:37:00+00:00,prs,1.329,-0.046475,-0.085983,-0.050475,0.035508
2026-09-21T12:38:00+00:00,prs,1.302,-0.046696,-0.112983,-0.050696,0.062287
2026-09-21T12:39:00+00:00,prs,1.354,-0.046923,-0.060983,-0.050923,0.01006
2026-09-21T12:40:00+00:00,prs,1.411,-0.047154,-0.003983,-0.051154,-0.047171
2026-09-21T12:41:00+00:00,prs,1.38,-0.04739,-0.034983,-0.05139,-0.016407
2026-09-21T12:42:00+00:00,prs,1.318,-0.04763,-0.096983,-0.05163,0.045353
2026-09-21T12:43:00+00:00,prs,1.412,-0.047876,-0.002983,-0.051876,-0.048893
2026-09-21T12:44:00+00:00,prs,1.307,-0.048126,-0.107983,-0.052126,0.055857
2026-09-21T12:45:00+00:00,prs,1.274,-0.048381,-0.140983,-0.05238,0.088603
2026-09-21T12:46:00+00:00,prs,1.34,-0.04864,-0.074983,-0.05264,0.022343
2026-09-21T12:47:00+00:00,prs,1.399,-0.048904,-0.015983,-0.052904,-0.036921
2026-09-21T12:48:00+00:00,prs,1.42,-0.049172,0.005017,-0.053172,-0.058189
2026-09-21T12:49:00+00:00,prs,1.316,-0.049445,-0.098983,-0.053445,0.045538
2026-09-21T12:50:00+00:00,prs,1.3980000000000001,-0.049722,-0.016983,-0.053722,-0.036739
2026-09-21T12:51:00+00:00,prs,1.3479999999999999,-0.050004,-0.066983,-0.054004,0.012979
2026-09-21T12:52:00+00:00,prs,1.328,-0.05029,-0.086983,-0.054289,0.032693
2026-09-21T12:53:00+00:00,prs,1.354,-0.05058,-0.060983,-0.05458,0.006403
2026-09-21T12:54:00+00:00,prs,1.3639999999999999,-0.050874,-0.050983,-0.054874,-0.003891
2026-09-21T12:55:00+00:00,prs,1.332,-0.051173,-0.082983,-0.055173,0.02781
2026-09-21T12:56:00+00:00,prs,1.3719999999999999,-0.051476,-0.042983,-0.055476,-0.012493
2026-09-21T12:57:00+00:00,prs,1.388,-0.051783,-0.026983,-0.055782,-0.0288
2026-09-21T12:58:00+00:00,prs,1.349,-0.052093,-0.065983,-0.056093,0.00989
2026-09-21T12:59:00+00:00,prs,1.424,-0.052408,0.009017,-0.056408,-0.065425
2026-09-21T13:00:00+00:00,prs,1.3679999999999999,-0.052727,-0.046983,-0.056727,-0.009744
2026-09-21T13:01:00+00:00,prs,1.333,-0.05305,-0.081983,-0.05705,0.024933
2026-09-21T13:02:00+00:00,prs,1.397,-0.053377,-0.017983,-0.057377,-0.039394
2026-09-21T13:03:00+00:00,prs,1.358,-0.053707,-0.056983,-0.057707,-0.000724
2026-09-21T13:04:00+00:00,prs,1.3559999999999999,-0.054041,-0.058983,-0.058041,0.000942
2026-09-21T13:05:00+00:00,prs,1.226,-0.054379,-0.188983,-0.058379,0.130604
2026-09-21T13:06:00+00:00,prs,1.294,-0.054721,-0.120983,-0.058721,0.062262
2026-09-21T13:07:00+00:00,prs,1.337,-0.055066,-0.077983,-0.059066,0.018917
2026-09-21T13:08:00+00:00,prs,1.291,-0.055415,-0.123983,-0.059415,0.064568
2026-09-21T13:09:00+00:00,prs,1.303,-0.055767,-0.111983,-0.059767,0.052216
2026-09-21T13:10:00+00:00,prs,1.418,-0.056122,0.003017,-0.060122,-0.063139
2026-09-21T13:11:00+00:00,prs,1.377,-0.056481,-0.037983,-0.060481,-0.022498
2026-09-21T13:12:00+00:00,prs,1.3940000000000001,-0.056844,-0.020983,-0.060844,-0.039861
2026-09-21T13:13:00+00:00,prs,1.278,-0.057209,-0.136983,-0.061209,0.075774
2026-09-21T13:14:00+00:00,prs,1.369,-0.057578,-0.045983,-0.061578,-0.015595
2026-09-21T13:15:00+00:00,prs,1.376,-0.05795,-0.038983,-0.06195,-0.022967
2026-09-21T13:16:00+00:00,prs,1.3599999999999999,-0.058325,-0.054983,-0.062325,-0.007342
2026-09-21T13:17:00+00:00,prs,1.409,-0.058703,-0.005983,-0.062703,-0.05672
2026-09-21T13:18:00+00:00,prs,1.409,-0.059085,-0.005983,-0.063084,-0.057102
2026-09-21T13:19:00+00:00,prs,1.337,-0.059469,-0.077983,-0.063469,0.014514
2026-09-21T13:20:00+00:00,prs,1.3639999999999999,-0.059856,-0.050983,-0.063856,-0.012873
2026-09-21T13:21:00+00:00,prs,1.359,-0.060246,-0.055983,-0.064245,-0.008262
2026-09-21T13:22:00+00:00,prs,1.412,-0.060638,-0.002983,-0.064638,-0.061655
2026-09-21T13:23:00+00:00,prs,1.234,-0.061033,-0.180983,-0.065033,0.11595
2026-09-21T13:24:00+00:00,prs,1.353,-0.061431,-0.061983,-0.065431,-0.003448
2026-09-21T13:25:00+00:00,prs,1.222,-0.061832,-0.192983,-0.065832,0.127151
2026-09-21T13:26:00+00:00,prs,1.306,-0.062235,-0.108983,-0.066235,0.042748
2026-09-21T13:27:00+00:00,prs,1.282,-0.062641,-0.132983,-0.066641,0.066342
2026-09-21T13:28:00+00:00,prs,1.4060000000000001,-0.063049,-0.008983,-0.067049,-0.058066
2026-09-21T13:29:00+00:00,prs,1.3780000000000001,-0.063459,-0.036983,-0.067459,-0.030476
2026-09-21T13:30:00+00:00,prs,1.304,-0.063872,-0.110983,-0.067872,0.043111
2026-09-21T13:31:00+00:00,prs,1.395,-0.064287,-0.019983,-0.068287,-0.048304
2026-09-21T13:32:00+00:00,prs,1.325,-0.064704,-0.089983,-0.068704,0.021279
2026-09-21T13:33:00+00:00,prs,1.403,-0.065123,-0.011983,-0.069123,-0.05714
2026-09-21T13:34:00+00:00,prs,1.316,-0.065544,-0.098983,-0.069544,0.029439
2026-09-21T13:35:00+00:00,prs,1.322,-0.065968,-0.092983,-0.069967,0.023015
2026-09-21T13:36:00+00:00,prs,1.238,-0.066393,-0.176983,-0.070393,0.10659
2026-09-21T13:37:00+00:00,prs,1.3479999999999999,-0.06682,-0.066983,-0.07082,-0.003837
2026-09-21T13:38:00+00:00,prs,1.342,-0.067249,-0.072983,-0.071249,0.001734
2026-09-21T13:39:00+00:00,prs,1.287,-0.067679,-0.127983,-0.071679,0.056304
2026-09-21T13:40:00+00:00,prs,1.248,-0.068112,-0.166983,-0.072112,0.094871
2026-09-21T13:41:00+00:00,prs,1.317,-0.068546,-0.097983,-0.072546,0.025437
2026-09-21T13:42:00+00:00,prs,1.349,-0.068981,-0.065983,-0.072981,-0.006998
2026-09-21T13:43:00+00:00,prs,1.251,-0.069418,-0.163983,-0.073418,0.090565
2026-09-21T13:44:00+00:00,prs,1.3639999999999999,-0.069857,-0.050983,-0.073857,-0.022874
2026-09-21T13:45:00+00:00,prs,1.337,-0.070296,-0.077983,-0.074296,0.003687
2026-09-21T13:46:00+00:00,prs,1.3479999999999999,-0.070738,-0.066983,-0.074737,-0.007755
2026-09-21T13:47:00+00:00,prs,1.289,-0.07118,-0.125983,-0.07518,0.050803
2026-09-21T13:48:00+00:00,prs,1.315,-0.071623,-0.099983,-0.075623,0.02436
2026-09-21T13:49:00+00:00,prs,1.276,-0.072068,-0.138983,-0.076068,0.062915
2026-09-21T13:50:00+00:00,prs,1.28,-0.072514,-0.134983,-0.076514,0.058469
2026-09-21T13:51:00+00:00,prs,1.305,-0.07296,-0.109983,-0.07696,0.033023
2026-09-21T13:52:00+00:00,prs,1.2610000000000001,-0.073408,-0.153983,-0.077408,0.076575
2026-09-21T13:53:00+00:00,prs,1.35,-0.073856,-0.064983,-0.077856,-0.012873
2026-09-21T13:54:00+00:00,prs,1.33,-0.074306,-0.084983,-0.078306,0.006677
2026-09-21T13:55:00+00:00,prs,1.309,-0.074756,-0.105983,-0.078755,0.027227
2026-09-21T13:56:00+00:00,prs,1.194,-0.075206,-0.220983,-0.079206,0.141777
2026-09-21T13:57:00+00:00,prs,1.187,-0.075657,-0.227983,-0.079657,0.148326
2026-09-21T13:58:00+00:00,prs,1.29,-0.076109,-0.124983,-0.080109,0.044874
2026-09-21T13:59:00+00:00,prs,1.335,-0.076561,-0.079983,-0.080561,-0.000578
2026-09-21T14:00:00+00:00,prs,1.375,-0.077014,-0.039983,-0.081014,-0.041031
2026-09-21T14:01:00+00:00,prs,1.346,-0.077467,-0.068983,-0.081466,-0.012484
2026-09-21T14:02:00+00:00,prs,1.3519999999999999,-0.07792,-0.062983,-0.08192,-0.018937
2026-09-21T14:03:00+00:00,prs,1.283,-0.078373,-0.131983,-0.082373,0.04961
2026-09-21T14:04:00+00:00,prs,1.315,-0.078826,-0.099983,-0.082826,0.017157
2026-09-21T14:05:00+00:00,prs,1.303,-0.07928,-0.111983,-0.08328,0.028703
2026-09-21T14:06:00+00:00,prs,1.297,-0.079733,-0.117983,-0.083733,0.03425
2026-09-21T14:07:00+00:00,prs,1.2530000000000001,-0.080187,-0.161983,-0.084186,0.077796
2026-09-21T14:08:00+00:00,prs,1.2770000000000001,-0.08064,-0.137983,-0.08464,0.053343
2026-09-21T14:09:00+00:00,prs,1.358,-0.081093,-0.056983,-0.085093,-0.02811
2026-09-21T14:10:00+00:00,prs,1.375,-0.081545,-0.039983,-0.085545,-0.045562
2026-09-21T14:11:00+00:00,prs,1.37,-0.081998,-0.044983,-0.085998,-0.041015
2026-09-21T14:12:00+00:00,prs,1.285,-0.08245,-0.129983,-0.08645,0.043533
2026-09-21T14:13:00+00:00,prs,1.2469999999999999,-0.082901,-0.167983,-0.086901,0.081082
2026-09-21T14:14:00+00:00,prs,1.327,-0.083352,-0.087983,-0.087352,0.000631
2026-09-21T14:15:00+00:00,prs,1.3679999999999999,-0.083802,-0.046983,-0.087802,-0.040819
2026-09-21T14:16:00+00:00,prs,1.2570000000000001,-0.084252,-0.157983,-0.088252,0.069731
2026-09-21T14:17:00+00:00,prs,1.367,-0.084701,-0.047983,-0.088701,-0.040718
2026-09-21T14:18:00+00:00,prs,1.322,-0.085149,-0.092983,-0.089148,0.003834
2026-09-21T14:19:00+00:00,prs,1.335,-0.085596,-0.079983,-0.089596,-0.009613
2026-09-21T14:20:00+00:00,prs,1.259,-0.086042,-0.155983,-0.090042,0.065941
2026-09-21T14:21:00+00:00,prs,1.245,-0.086487,-0.169983,-0.090487,0.079496
2026-09-21T14:22:00+00:00,prs,1.334,-0.086931,-0.080983,-0.090931,-0.009948
2026-09-21T14:23:00+00:00,prs,1.302,-0.087373,-0.112983,-0.091373,0.02161
2026-09-21T14:24:00+00:00,prs,1.24,-0.087815,-0.174983,-0.091815,0.083168
2026-09-21T14:25:00+00:00,prs,1.309,-0.088255,-0.105983,-0.092255,0.013728
2026-09-21T14:26:00+00:00,prs,1.383,-0.088694,-0.031983,-0.092694,-0.060711
2026-09-21T14:27:00+00:00,prs,1.215,-0.089131,-0.199983,-0.093131,0.106852
2026-09-21T14:28:00+00:00,prs,1.272,-0.089567,-0.142983,-0.093567,0.049416
2026-09-21T14:29:00+00:00,prs,1.322,-0.090002,-0.092983,-0.094002,-0.001019
2026-09-21T14:30:00+00:00,prs,1.282,-0.090434,-0.132983,-0.094434,0.038549
2026-09-21T14:31:00+00:00,prs,1.333,-0.090865,-0.081983,-0.094865,-0.012882
2026-09-21T14:32:00+00:00,prs,1.336,-0.091294,-0.078983,-0.095294,-0.016311
2026-09-21T14:33:00+00:00,prs,1.296,-0.091722,-0.118983,-0.095722,0.023261
2026-09-21T14:34:00+00:00,prs,1.2389999999999999,-0.092147,-0.175983,-0.096147,0.079836
2026-09-21T14:35:00+00:00,prs,1.3439999999999999,-0.09257,-0.070983,-0.09657,-0.025587
2026-09-21T14:36:00+00:00,prs,1.245,-0.092992,-0.169983,-0.096992,0.072991
2026-09-21T14:37:00+00:00,prs,1.313,-0.093411,-0.101983,-0.097411,0.004572
2026-09-21T14:38:00+00:00,prs,1.264,-0.093828,-0.150983,-0.097828,0.053155
2026-09-21T14:39:00+00:00,prs,1.216,-0.094243,-0.198983,-0.098242,0.10074
2026-09-21T14:40:00+00:00,prs,1.19,-0.094655,-0.224983,-0.098655,0.126328
2026-09-21T14:41:00+00:00,prs,1.3559999999999999,-0.095065,-0.058983,-0.099065,-0.040082
2026-09-21T14:42:00+00:00,prs,1.288,-0.095472,-0.126983,-0.099472,0.027511
2026-09-21T14:43:00+00:00,prs,1.244,-0.095877,-0.170983,-0.099877,0.071106
2026-09-21T14:44:00+00:00,prs,1.302,-0.09628,-0.112983,-0.10028,0.012703
2026-09-21T14:45:00+00:00,prs,1.222,-0.09668,-0.192983,-0.100679,0.092304
2026-09-21T14:46:00+00:00,prs,1.2810000000000001,-0.097077,-0.133983,-0.101076,0.032907
2026-09-21T14:47:00+00:00,prs,1.263,-0.097471,-0.151983,-0.101471,0.050512
2026-09-21T14:48:00+00:00,prs,1.263,-0.097862,-0.151983,-0.101862,0.050121
2026-09-21T14:49:00+00:00,prs,1.307,-0.09825,-0.107983,-0.10225,0.005733
2026-09-21T14:50:00+00:00,prs,1.198,-0.098636,-0.216983,-0.102636,0.114347
2026-09-21T14:51:00+00:00,prs,1.319,-0.099018,-0.095983,-0.103018,-0.007035
2026-09-21T14:52:00+00:00,prs,1.276,-0.099397,-0.138983,-0.103397,0.035586
2026-09-21T14:53:00+00:00,prs,1.308,-0.099773,-0.106983,-0.103773,0.00321
2026-09-21T14:54:00+00:00,prs,1.275,-0.100146,-0.139983,-0.104146,0.035837
2026-09-21T14:55:00+00:00,prs,1.237,-0.100515,-0.177983,-0.104515,0.073468
2026-09-21T14:56:00+00:00,prs,1.308,-0.100881,-0.106983,-0.104881,0.002102
2026-09-21T14:57:00+00:00,prs,1.31,-0.101244,-0.104983,-0.105244,-0.000261
2026-09-21T14:58:00+00:00,prs,1.202,-0.101603,-0.212983,-0.105603,0.10738
2026-09-21T14:59:00+00:00,prs,1.297,-0.101958,-0.117983,-0.105958,0.012025
2026-09-21T15:00:00+00:00,prs,1.242,-0.10231,-0.172983,-0.10631,0.066673
2026-09-21T15:01:00+00:00,prs,1.289,-0.102658,-0.125983,-0.106658,0.019325
2026-09-21T15:02:00+00:00,prs,1.287,-0.103002,-0.127983,-0.107002,0.020981
2026-09-21T15:03:00+00:00,prs,1.205,-0.103342,-0.209983,-0.107342,0.102641
2026-09-21T15:04:00+00:00,prs,1.285,-0.103679,-0.129983,-0.107679,0.022304
2026-09-21T15:05:00+00:00,prs,1.32,-0.104011,-0.094983,-0.108011,-0.013028
2026-09-21T15:06:00+00:00,prs,1.222,-0.10434,-0.192983,-0.10834,0.084643
2026-09-21T15:07:00+00:00,prs,1.242,-0.104664,-0.172983,-0.108664,0.064319
2026-09-21T15:08:00+00:00,prs,1.316,-0.104984,-0.098983,-0.108984,-0.010001
2026-09-21T15:09:00+00:00,prs,1.19,-0.1053,-0.224983,-0.1093,0.115683
2026-09-21T15:10:00+00:00,prs,1.339,-0.105612,-0.075983,-0.109611,-0.033629
2026-09-21T15:11:00+00:00,prs,1.282,-0.105919,-0.132983,-0.109919,0.023064
2026-09-21T15:12:00+00:00,prs,1.286,-0.106222,-0.128983,-0.110222,0.018761
2026-09-21T15:13:00+00:00,prs,1.2650000000000001,-0.10652,-0.149983,-0.11052,0.039463
2026-09-21T15:14:00+00:00,prs,1.291,-0.106814,-0.123983,-0.110814,0.013169
2026-09-21T15:15:00+00:00,prs,1.318,-0.107103,-0.096983,-0.111103,-0.01412
2026-09-21T15:16:00+00:00,prs,1.25,-0.107388,-0.164983,-0.111388,0.053595
2026-09-21T15:17:00+00:00,prs,1.175,-0.107667,-0.239983,-0.111667,0.128316
2026-09-21T15:18:00+00:00,prs,1.282,-0.107942,-0.132983,-0.111942,0.021041
2026-09-21T15:19:00+00:00,prs,1.274,-0.108213,-0.140983,-0.112213,0.02877
2026-09-21T15:20:00+00:00,prs,1.311,-0.108478,-0.103983,-0.112478,-0.008495
2026-09-21T15:21:00+00:00,prs,1.276,-0.108738,-0.138983,-0.112738,0.026245
2026-09-21T15:22:00+00:00,prs,1.301,-0.108994,-0.113983,-0.112993,0.000989
2026-09-21T15:23:00+00:00,prs,1.278,-0.109244,-0.136983,-0.113244,0.023739
2026-09-21T15:24:00+00:00,prs,1.252,-0.109489,-0.162983,-0.113489,0.049494
2026-09-21T15:25:00+00:00,prs,1.296,-0.109729,-0.118983,-0.113729,0.005254
2026-09-21T15:26:00+00:00,prs,1.264,-0.109963,-0.150983,-0.113963,0.03702
2026-09-21T15:27:00+00:00,prs,1.358,-0.110193,-0.056983,-0.114193,-0.05721
2026-09-21T15:28:00+00:00,prs,1.202,-0.110417,-0.212983,-0.114417,0.098566
2026-09-21T15:29:00+00:00,prs,1.301,-0.110635,-0.113983,-0.114635,-0.000652
2026-09-21T15:30:00+00:00,prs,1.335,-0.110848,-0.079983,-0.114848,-0.034865
2026-09-21T15:31:00+00:00,prs,1.271,-0.111056,-0.143983,-0.115056,0.028927
2026-09-21T15:32:00+00:00,prs,1.351,-0.111258,-0.063983,-0.115257,-0.051274
2026-09-21T15:33:00+00:00,prs,1.2650000000000001,-0.111454,-0.149983,-0.115454,0.034529
2026-09-21T15:34:00+00:00,prs,1.324,-0.111644,-0.090983,-0.115644,-0.024661
2026-09-21T15:35:00+00:00,prs,1.288,-0.111829,-0.126983,-0.115829,0.011154
2026-09-21T15:36:00+00:00,prs,1.349,-0.112008,-0.065983,-0.116008,-0.050025
2026-09-21T15:37:00+00:00,prs,1.306,-0.112181,-0.108983,-0.116181,-0.007198
2026-09-21T15:38:00+00:00,prs,1.254,-0.112348,-0.160983,-0.116348,0.044635
2026-09-21T15:39:00+00:00,prs,1.3,-0.112509,-0.114983,-0.116509,-0.001526
2026-09-21T15:40:00+00:00,prs,1.285,-0.112665,-0.129983,-0.116665,0.013318
2026-09-21T15:41:00+00:00,prs,1.292,-0.112814,-0.122983,-0.116814,0.006169
2026-09-21T15:42:00+00:00,prs,1.314,-0.112957,-0.100983,-0.116957,-0.015974
2026-09-21T15:43:00+00:00,prs,1.251,-0.113093,-0.163983,-0.117093,0.04689
2026-09-21T15:44:00+00:00,prs,1.292,-0.113224,-0.122983,-0.117224,0.005759
2026-09-21T15:45:00+00:00,prs,1.282,-0.113348,-0.132983,-0.117348,0.015635
2026-09-21T15:46:00+00:00,prs,1.294,-0.113466,-0.120983,-0.117466,0.003517
2026-09-21T15:47:00+00:00,prs,1.282,-0.113578,-0.132983,-0.117578,0.015405
2026-09-21T15:48:00+00:00,prs,1.286,-0.113683,-0.128983,-0.117683,0.0113
2026-09-21T15:49:00+00:00,prs,1.301,-0.113781,-0.113983,-0.117781,-0.003798
2026-09-21T15:50:00+00:00,prs,1.275,-0.113874,-0.139983,-0.117874,0.022109
2026-09-21T15:51:00+00:00,prs,1.237,-0.113959,-0.177983,-0.117959,0.060024
2026-09-21T15:52:00+00:00,prs,1.325,-0.114038,-0.089983,-0.118038,-0.028055
2026-09-21T15:53:00+00:00,prs,1.266,-0.11411,-0.148983,-0.11811,0.030873
2026-09-21T15:54:00+00:00,prs,1.33,-0.114176,-0.084983,-0.118176,-0.033193
2026-09-21T15:55:00+00:00,prs,1.299,-0.114235,-0.115983,-0.118234,-0.002251
2026-09-21T15:56:00+00:00,prs,1.26,-0.114286,-0.154983,-0.118286,0.036697
2026-09-21T15:57:00+00:00,prs,1.283,-0.114332,-0.131983,-0.118331,0.013652
2026-09-21T15:58:00+00:00,prs,1.228,-0.11437,-0.186983,-0.11837,0.068613
2026-09-21T15:59:00+00:00,prs,1.313,-0.114401,-0.101983,-0.118401,-0.016418
2026-09-21T16:00:00+00:00,prs,1.232,-0.114425,-0.182983,-0.118425,0.064558
2026-09-21T16:01:00+00:00,prs,1.301,-0.114442,-0.113983,-0.118442,-0.004459
2026-09-21T16:02:00+00:00,prs,1.311,-0.114453,-0.103983,-0.118452,-0.01447
2026-09-21T16:03:00+00:00,prs,1.342,-0.114456,-0.072983,-0.118456,-0.045473
2026-09-21T16:04:00+00:00,prs,1.258,-0.114451,-0.156983,-0.118451,0.038532
2026-09-21T16:05:00+00:00,prs,1.305,-0.11444,-0.109983,-0.11844,-0.008457
2026-09-21T16:06:00+00:00,prs,1.336,-0.114422,-0.078983,-0.118422,-0.039439
2026-09-21T16:07:00+00:00,prs,1.329,-0.114396,-0.085983,-0.118396,-0.032413
2026-09-21T16:08:00+00:00,prs,1.366,-0.114363,-0.048983,-0.118363,-0.06938
2026-09-21T16:09:00+00:00,prs,1.384,-0.114322,-0.030983,-0.118322,-0.087339
2026-09-21T16:10:00+00:00,prs,1.362,-0.114274,-0.052983,-0.118274,-0.065291
2026-09-21T16:11:00+00:00,prs,1.297,-0.114219,-0.117983,-0.118219,-0.000236
2026-09-21T16:12:00+00:00,prs,1.337,-0.114156,-0.077983,-0.118156,-0.040173
2026-09-21T16:13:00+00:00,prs,1.358,-0.114086,-0.056983,-0.118086,-0.061103
2026-09-21T16:14:00+00:00,prs,1.369,-0.114008,-0.045983,-0.118008,-0.072025
2026-09-21T16:15:00+00:00,prs,1.336,-0.113923,-0.078983,-0.117922,-0.03894
2026-09-21T16:16:00+00:00,prs,1.355,-0.11383,-0.059983,-0.117829,-0.057846
2026-09-21T16:17:00+00:00,prs,1.2810000000000001,-0.113729,-0.133983,-0.117729,0.016254
2026-09-21T16:18:00+00:00,prs,1.302,-0.11362,-0.112983,-0.11762,-0.004637
2026-09-21T16:19:00+00:00,prs,1.249,-0.113504,-0.165983,-0.117504,0.048479
2026-09-21T16:20:00+00:00,prs,1.325,-0.113381,-0.089983,-0.11738,-0.027397
2026-09-21T16:21:00+00:00,prs,1.345,-0.113249,-0.069983,-0.117249,-0.047266
2026-09-21T16:22:00+00:00,prs,1.321,-0.113109,-0.093983,-0.117109,-0.023126
2026-09-21T16:23:00+00:00,prs,1.346,-0.112962,-0.068983,-0.116962,-0.047979
2026-09-21T16:24:00+00:00,prs,1.354,-0.112807,-0.060983,-0.116807,-0.055824
2026-09-21T16:25:00+00:00,prs,1.349,-0.112644,-0.065983,-0.116644,-0.050661
2026-09-21T16:26:00+00:00,prs,1.339,-0.112473,-0.075983,-0.116473,-0.04049
2026-09-21T16:27:00+00:00,prs,1.322,-0.112294,-0.092983,-0.116294,-0.023311
2026-09-21T16:28:00+00:00,prs,1.323,-0.112107,-0.091983,-0.116107,-0.024124
2026-09-21T16:29:00+00:00,prs,1.359,-0.111912,-0.055983,-0.115912,-0.059929
2026-09-21T16:30:00+00:00,prs,1.271,-0.111709,-0.143983,-0.115709,0.028274
2026-09-21T16:31:00+00:00,prs,1.322,-0.111498,-0.092983,-0.115498,-0.022515
2026-09-21T16:32:00+00:00,prs,1.219,-0.111279,-0.195983,-0.115279,0.080704
2026-09-21T16:33:00+00:00,prs,1.369,-0.111051,-0.045983,-0.115051,-0.069068
2026-09-21T16:34:00+00:00,prs,1.314,-0.110816,-0.100983,-0.114816,-0.013833
2026-09-21T16:35:00+00:00,prs,1.337,-0.110572,-0.077983,-0.114572,-0.036589
2026-09-21T16:36:00+00:00,prs,1.3820000000000001,-0.110321,-0.032983,-0.11432,-0.081337
2026-09-21T16:37:00+00:00,prs,1.338,-0.11006,-0.076983,-0.11406,-0.037077
2026-09-21T16:38:00+00:00,prs,1.297,-0.109792,-0.117983,-0.113792,0.004191
2026-09-21T16:39:00+00:00,prs,1.349,-0.109516,-0.065983,-0.113515,-0.047533
2026-09-21T16:40:00+00:00,prs,1.343,-0.109231,-0.071983,-0.113231,-0.041248
2026-09-21T16:41:00+00:00,prs,1.293,-0.108938,-0.121983,-0.112937,0.009045
2026-09-21T16:42:00+00:00,prs,1.336,-0.108636,-0.078983,-0.112636,-0.033653
2026-09-21T16:43:00+00:00,prs,1.436,-0.108326,0.021017,-0.112326,-0.133343
2026-09-21T16:44:00+00:00,prs,1.396,-0.108008,-0.018983,-0.112008,-0.093025
2026-09-21T16:45:00+00:00,prs,1.351,-0.107681,-0.063983,-0.111681,-0.047698
2026-09-21T16:46:00+00:00,prs,1.396,-0.107346,-0.018983,-0.111346,-0.092363
2026-09-21T16:47:00+00:00,prs,1.347,-0.107003,-0.067983,-0.111003,-0.04302
2026-09-21T16:48:00+00:00,prs,1.401,-0.106651,-0.013983,-0.110651,-0.096668
2026-09-21T16:49:00+00:00,prs,1.367,-0.106291,-0.047983,-0.110291,-0.062308
2026-09-21T16:50:00+00:00,prs,1.319,-0.105922,-0.095983,-0.109922,-0.013939
2026-09-21T16:51:00+00:00,prs,1.297,-0.105545,-0.117983,-0.109545,0.008438
2026-09-21T16:52:00+00:00,prs,1.396,-0.105159,-0.018983,-0.109159,-0.090176
2026-09-21T16:53:00+00:00,prs,1.331,-0.104765,-0.083983,-0.108765,-0.024782
2026-09-21T16:54:00+00:00,prs,1.3439999999999999,-0.104362,-0.070983,-0.108362,-0.037379
2026-09-21T16:55:00+00:00,prs,1.383,-0.103951,-0.031983,-0.107951,-0.075968
2026-09-21T16:56:00+00:00,prs,1.333,-0.103531,-0.081983,-0.107531,-0.025548
2026-09-21T16:57:00+00:00,prs,1.339,-0.103103,-0.075983,-0.107103,-0.03112
2026-09-21T16:58:00+00:00,prs,1.3479999999999999,-0.102666,-0.066983,-0.106666,-0.039683
2026-09-21T16:59:00+00:00,prs,1.3639999999999999,-0.10222,-0.050983,-0.10622,-0.055237
2026-09-21T17:00:00+00:00,prs,1.3559999999999999,-0.101766,-0.058983,-0.105766,-0.046783
2026-09-21T17:01:00+00:00,prs,1.396,-0.101303,-0.018983,-0.105303,-0.08632
2026-09-21T17:02:00+00:00,prs,1.335,-0.100832,-0.079983,-0.104832,-0.024849
2026-09-21T17:03:00+00:00,prs,1.3519999999999999,-0.100352,-0.062983,-0.104352,-0.041369
2026-09-21T17:04:00+00:00,prs,1.308,-0.099864,-0.106983,-0.103864,0.003119
2026-09-21T17:05:00+00:00,prs,1.3820000000000001,-0.099367,-0.032983,-0.103367,-0.070384
2026-09-21T17:06:00+00:00,prs,1.385,-0.098861,-0.029983,-0.102861,-0.072878
2026-09-21T17:07:00+00:00,prs,1.339,-0.098347,-0.075983,-0.102347,-0.026364
2026-09-21T17:08:00+00:00,prs,1.3900000000000001,-0.097824,-0.024983,-0.101824,-0.076841
2026-09-21T17:09:00+00:00,prs,1.393,-0.097292,-0.021983,-0.101292,-0.079309
2026-09-21T17:10:00+00:00,prs,1.299,-0.096752,-0.115983,-0.100752,0.015231
2026-09-21T17:11:00+00:00,prs,1.44,-0.096203,0.025017,-0.100203,-0.12522
2026-09-21T17:12:00+00:00,prs,1.375,-0.095646,-0.039983,-0.099646,-0.059663
2026-09-21T17:13:00+00:00,prs,1.355,-0.09508,-0.059983,-0.09908,-0.039097
2026-09-21T17:14:00+00:00,prs,1.3559999999999999,-0.094505,-0.058983,-0.098505,-0.039522
2026-09-21T17:15:00+00:00,prs,1.377,-0.093922,-0.037983,-0.097922,-0.059939
2026-09-21T17:16:00+00:00,prs,1.345,-0.09333,-0.069983,-0.09733,-0.027347
2026-09-21T17:17:00+00:00,prs,1.369,-0.092729,-0.045983,-0.096729,-0.050746
2026-09-21T17:18:00+00:00,prs,1.37,-0.09212,-0.044983,-0.09612,-0.051137
2026-09-21T17:19:00+00:00,prs,1.359,-0.091502,-0.055983,-0.095502,-0.039519
2026-09-21T17:20:00+00:00,prs,1.377,-0.090876,-0.037983,-0.094876,-0.056893
2026-09-21T17:21:00+00:00,prs,1.358,-0.090241,-0.056983,-0.094241,-0.037258
2026-09-21T17:22:00+00:00,prs,1.374,-0.089597,-0.040983,-0.093597,-0.052614
2026-09-21T17:23:00+00:00,prs,1.389,-0.088945,-0.025983,-0.092945,-0.066962
2026-09-21T17:24:00+00:00,prs,1.395,-0.088284,-0.019983,-0.092284,-0.072301
2026-09-21T17:25:00+00:00,prs,1.318,-0.087615,-0.096983,-0.091615,0.005368
2026-09-21T17:26:00+00:00,prs,1.347,-0.086937,-0.067983,-0.090937,-0.022954
2026-09-21T17:27:00+00:00,prs,1.357,-0.086251,-0.057983,-0.090251,-0.032268
2026-09-21T17:28:00+00:00,prs,1.396,-0.085556,-0.018983,-0.089556,-0.070573
2026-09-21T17:29:00+00:00,prs,1.413,-0.084852,-0.001983,-0.088852,-0.086869
2026-09-21T17:30:00+00:00,prs,1.431,-0.08414,0.016017,-0.08814,-0.104157
2026-09-21T17:31:00+00:00,prs,1.401,-0.083419,-0.013983,-0.087419,-0.073436
2026-09-21T17:32:00+00:00,prs,1.401,-0.08269,-0.013983,-0.08669,-0.072707
2026-09-21T17:33:00+00:00,prs,1.427,-0.081953,0.012017,-0.085953,-0.09797
2026-09-21T17:34:00+00:00,prs,1.462,-0.081207,0.047017,-0.085207,-0.132224
2026-09-21T17:35:00+00:00,prs,1.381,-0.080452,-0.033983,-0.084452,-0.050469
2026-09-21T17:36:00+00:00,prs,1.354,-0.079689,-0.060983,-0.083689,-0.022706
2026-09-21T17:37:00+00:00,prs,1.389,-0.078918,-0.025983,-0.082918,-0.056935
2026-09-21T17:38:00+00:00,prs,1.443,-0.078138,0.028017,-0.082138,-0.110155
2026-09-21T17:39:00+00:00,prs,1.431,-0.07735,0.016017,-0.08135,-0.097367
2026-09-21T17:40:00+00:00,prs,1.375,-0.076554,-0.039983,-0.080553,-0.040571
2026-09-21T17:41:00+00:00,prs,1.401,-0.075749,-0.013983,-0.079749,-0.065766
2026-09-21T17:42:00+00:00,prs,1.367,-0.074935,-0.047983,-0.078935,-0.030952
2026-09-21T17:43:00+00:00,prs,1.418,-0.074114,0.003017,-0.078114,-0.081131
2026-09-21T17:44:00+00:00,prs,1.422,-0.073284,0.007017,-0.077284,-0.084301
2026-09-21T17:45:00+00:00,prs,1.43,-0.072446,0.015017,-0.076446,-0.091463
2026-09-21T17:46:00+00:00,prs,1.466,-0.0716,0.051017,-0.0756,-0.126617
2026-09-21T17:47:00+00:00,prs,1.425,-0.070745,0.010017,-0.074745,-0.084762
2026-09-21T17:48:00+00:00,prs,1.405,-0.069882,-0.009983,-0.073882,-0.063899
2026-09-21T17:49:00+00:00,prs,1.441,-0.069011,0.026017,-0.073011,-0.099028
2026-09-21T17:50:00+00:00,prs,1.453,-0.068132,0.038017,-0.072132,-0.110149
2026-09-21T17:51:00+00:00,prs,1.441,-0.067245,0.026017,-0.071245,-0.097262
2026-09-21T17:52:00+00:00,prs,1.419,-0.06635,0.004017,-0.07035,-0.074367
2026-09-21T17:53:00+00:00,prs,1.441,-0.065446,0.026017,-0.069446,-0.095463
2026-09-21T17:54:00+00:00,prs,1.437,-0.064535,0.022017,-0.068535,-0.090552
2026-09-21T17:55:00+00:00,prs,1.453,-0.063616,0.038017,-0.067616,-0.105633
2026-09-21T17:56:00+00:00,prs,1.412,-0.062688,-0.002983,-0.066688,-0.063705
2026-09-21T17:57:00+00:00,prs,1.49,-0.061753,0.075017,-0.065753,-0.14077
2026-09-21T17:58:00+00:00,prs,1.472,-0.060809,0.057017,-0.064809,-0.121826
2026-09-21T17:59:00+00:00,prs,1.443,-0.059858,0.028017,-0.063858,-0.091875
2026-09-21T18:00:00+00:00,prs,1.445,-0.058899,0.030017,-0.062899,-0.092916
2026-09-21T18:01:00+00:00,prs,1.4769999999999999,-0.057932,0.062017,-0.061932,-0.123949
2026-09-21T18:02:00+00:00,prs,1.403,-0.056957,-0.011983,-0.060957,-0.048974
2026-09-21T18:03:00+00:00,prs,1.4849999999999999,-0.055975,0.070017,-0.059975,-0.129992
2026-09-21T18:04:00+00:00,prs,1.455,-0.054985,0.040017,-0.058985,-0.099002
2026-09-21T18:05:00+00:00,prs,1.435,-0.053987,0.020017,-0.057987,-0.078004
2026-09-21T18:06:00+00:00,prs,1.5150000000000001,-0.052981,0.100017,-0.056981,-0.156998
2026-09-21T18:07:00+00:00,prs,1.461,-0.051968,0.046017,-0.055968,-0.101985
2026-09-21T18:08:00+00:00,prs,1.47,-0.050947,0.055017,-0.054947,-0.109964
2026-09-21T18:09:00+00:00,prs,1.492,-0.049919,0.077017,-0.053918,-0.130936
2026-09-21T18:10:00+00:00,prs,1.475,-0.048883,0.060017,-0.052883,-0.1129
2026-09-21T18:11:00+00:00,prs,1.442,-0.047839,0.027017,-0.051839,-0.078856
2026-09-21T18:12:00+00:00,prs,1.506,-0.046788,0.091017,-0.050788,-0.141805
2026-09-21T18:13:00+00:00,prs,1.5070000000000001,-0.04573,0.092017,-0.04973,-0.141747
2026-09-21T18:14:00+00:00,prs,1.468,-0.044665,0.053017,-0.048664,-0.101682
2026-09-21T18:15:00+00:00,prs,1.5390000000000001,-0.043592,0.124017,-0.047592,-0.171609
2026-09-21T18:16:00+00:00,prs,1.5230000000000001,-0.042511,0.108017,-0.046511,-0.154528
2026-09-21T18:17:00+00:00,prs,1.55,-0.041424,0.135017,-0.045424,-0.180441
2026-09-21T18:18:00+00:00,prs,1.505,-0.040329,0.090017,-0.044329,-0.134346
2026-09-21T18:19:00+00:00,prs,1.528,-0.039227,0.113017,-0.043227,-0.156244
2026-09-21T18:20:00+00:00,prs,1.53,-0.038119,0.115017,-0.042118,-0.157136
2026-09-21T18:21:00+00:00,prs,1.5270000000000001,-0.037003,0.112017,-0.041002,-0.15302
2026-09-21T18:22:00+00:00,prs,1.552,-0.03588,0.137017,-0.039879,-0.176897
2026-09-21T18:23:00+00:00,prs,1.5779999999999998,-0.03475,0.163017,-0.03875,-0.201767
2026-09-21T18:24:00+00:00,prs,1.549,-0.033613,0.134017,-0.037613,-0.17163
2026-09-21T18:25:00+00:00,prs,1.549,-0.032469,0.134017,-0.036469,-0.170486
2026-09-21T18:26:00+00:00,prs,1.568,-0.031318,0.153017,-0.035318,-0.188335
2026-09-21T18:27:00+00:00,prs,1.579,-0.030161,0.164017,-0.034161,-0.198178
2026-09-21T18:28:00+00:00,prs,1.532,-0.028997,0.117017,-0.032997,-0.150014
2026-09-21T18:29:00+00:00,prs,1.4769999999999999,-0.027826,0.062017,-0.031826,-0.093843
2026-09-21T18:30:00+00:00,prs,1.4849999999999999,-0.026648,0.070017,-0.030648,-0.100665
2026-09-21T18:31:00+00:00,prs,1.577,-0.025464,0.162017,-0.029464,-0.191481
2026-09-21T18:32:00+00:00,prs,1.564,-0.024274,0.149017,-0.028274,-0.177291
2026-09-21T18:33:00+00:00,prs,1.541,-0.023077,0.126017,-0.027077,-0.153094
2026-09-21T18:34:00+00:00,prs,1.558,-0.021873,0.143017,-0.025873,-0.16889
2026-09-21T18:35:00+00:00,prs,1.564,-0.020663,0.149017,-0.024663,-0.17368
2026-09-21T18:36:00+00:00,prs,1.604,-0.019447,0.189017,-0.023447,-0.212464
2026-09-21T18:37:00+00:00,prs,1.546,-0.018224,0.131017,-0.022224,-0.153241
2026-09-21T18:38:00+00:00,prs,1.573,-0.016996,0.158017,-0.020996,-0.179013
2026-09-21T18:39:00+00:00,prs,1.6,-0.015761,0.185017,-0.019761,-0.204778
2026-09-21T18:40:00+00:00,prs,1.5899999999999999,-0.01452,0.175017,-0.01852,-0.193537
2026-09-21T18:41:00+00:00,prs,1.5510000000000002,-0.013273,0.136017,-0.017273,-0.15329
2026-09-21T18:42:00+00:00,prs,1.561,-0.01202,0.146017,-0.01602,-0.162037
2026-09-21T18:43:00+00:00,prs,1.6360000000000001,-0.010761,0.221017,-0.014761,-0.235778
2026-09-21T18:44:00+00:00,prs,1.56,-0.009496,0.145017,-0.013496,-0.158513
2026-09-21T18:45:00+00:00,prs,1.608,-0.008225,0.193017,-0.012225,-0.205242
2026-09-21T18:46:00+00:00,prs,1.669,-0.006949,0.254017,-0.010948,-0.264965
2026-09-21T18:47:00+00:00,prs,1.5939999999999999,-0.005666,0.179017,-0.009666,-0.188683
2026-09-21T18:48:00+00:00,prs,1.587,-0.004378,0.172017,-0.008378,-0.180395
2026-09-21T18:49:00+00:00,prs,1.642,-0.003085,0.227017,-0.007085,-0.234102
2026-09-21T18:50:00+00:00,prs,1.627,-0.001786,0.212017,-0.005786,-0.217803
2026-09-21T18:51:00+00:00,prs,1.6019999999999999,-0.000482,0.187017,-0.004481,-0.191499
2026-09-21T18:52:00+00:00,prs,1.6360000000000001,0.000828,0.221017,-0.003172,-0.224189
2026-09-21T18:53:00+00:00,prs,1.562,0.002144,0.147017,-0.001856,-0.148873
2026-09-21T18:54:00+00:00,prs,1.546,0.003464,0.131017,-0.000536,-0.131553
2026-09-21T18:55:00+00:00,prs,1.552,0.00479,0.137017,0.00079,-0.136227
2026-09-21T18:56:00+00:00,prs,1.5819999999999999,0.006121,0.167017,0.002121,-0.164896
2026-09-21T18:57:00+00:00,prs,1.641,0.007457,0.226017,0.003457,-0.22256
2026-09-21T18:58:00+00:00,prs,1.6360000000000001,0.008798,0.221017,0.004798,-0.216219
2026-09-21T18:59:00+00:00,prs,1.62,0.010144,0.205017,0.006144,-0.198873
2026-09-21T19:00:00+00:00,prs,1.658,0.011494,0.243017,0.007495,-0.235522
2026-09-21T19:01:00+00:00,prs,1.623,0.01285,0.208017,0.00885,-0.199167
2026-09-21T19:02:00+00:00,prs,1.6179999999999999,0.014211,0.203017,0.010211,-0.192806
2026-09-21T19:03:00+00:00,prs,1.705,0.015576,0.290017,0.011576,-0.278441
2026-09-21T19:04:00+00:00,prs,1.661,0.016946,0.246017,0.012946,-0.233071
2026-09-21T19:05:00+00:00,prs,1.6320000000000001,0.01832,0.217017,0.01432,-0.202697
2026-09-21T19:06:00+00:00,prs,1.623,0.019699,0.208017,0.015699,-0.192318
2026-09-21T19:07:00+00:00,prs,1.6600000000000001,0.021082,0.245017,0.017082,-0.227935
2026-09-21T19:08:00+00:00,prs,1.599,0.02247,0.184017,0.01847,-0.165547
2026-09-21T19:09:00+00:00,prs,1.686,0.023862,0.271017,0.019862,-0.251155
2026-09-21T19:10:00+00:00,prs,1.706,0.025258,0.291017,0.021258,-0.269759
2026-09-21T19:11:00+00:00,prs,1.649,0.026658,0.234017,0.022659,-0.211358
2026-09-21T19:12:00+00:00,prs,1.665,0.028063,0.250017,0.024063,-0.225954
2026-09-21T19:13:00+00:00,prs,1.6219999999999999,0.029471,0.207017,0.025471,-0.181546
2026-09-21T19:14:00+00:00,prs,1.698,0.030884,0.283017,0.026884,-0.256133
2026-09-21T19:15:00+00:00,prs,1.6909999999999998,0.0323,0.276017,0.0283,-0.247717
2026-09-21T19:16:00+00:00,prs,1.7069999999999999,0.03372,0.292017,0.02972,-0.262297
2026-09-21T19:17:00+00:00,prs,1.718,0.035144,0.303017,0.031144,-0.271873
2026-09-21T19:18:00+00:00,prs,1.702,0.036571,0.287017,0.032571,-0.254446
2026-09-21T19:19:00+00:00,prs,1.67,0.038002,0.255017,0.034002,-0.221015
2026-09-21T19:20:00+00:00,prs,1.725,0.039437,0.310017,0.035437,-0.27458
2026-09-21T19:21:00+00:00,prs,1.716,0.040875,0.301017,0.036875,-0.264142
2026-09-21T19:22:00+00:00,prs,1.6949999999999998,0.042316,0.280017,0.038316,-0.241701
2026-09-21T19:23:00+00:00,prs,1.6949999999999998,0.043761,0.280017,0.039761,-0.240256
2026-09-21T19:24:00+00:00,prs,1.679,0.045209,0.264017,0.041209,-0.222808
2026-09-21T19:25:00+00:00,prs,1.7229999999999999,0.04666,0.308017,0.04266,-0.265357
2026-09-21T19:26:00+00:00,prs,1.692,0.048114,0.277017,0.044114,-0.232903
2026-09-21T19:27:00+00:00,prs,1.65,0.049571,0.235017,0.045571,-0.189446
2026-09-21T19:28:00+00:00,prs,1.662,0.05103,0.247017,0.047031,-0.199987
2026-09-21T19:29:00+00:00,prs,1.649,0.052493,0.234017,0.048493,-0.185524
2026-09-21T19:30:00+00:00,prs,1.708,0.053959,0.293017,0.049959,-0.243058
2026-09-21T19:31:00+00:00,prs,1.647,0.055427,0.232017,0.051427,-0.18059
2026-09-21T19:32:00+00:00,prs,1.7029999999999998,0.056898,0.288017,0.052898,-0.235119
2026-09-21T19:33:00+00:00,prs,1.7730000000000001,0.058371,0.358017,0.054371,-0.303646
2026-09-21T19:34:00+00:00,prs,1.725,0.059846,0.310017,0.055847,-0.25417
2026-09-21T19:35:00+00:00,prs,1.741,0.061325,0.326017,0.057325,-0.268692
2026-09-21T19:36:00+00:00,prs,1.732,0.062805,0.317017,0.058805,-0.258212
2026-09-21T19:37:00+00:00,prs,1.714,0.064287,0.299017,0.060288,-0.23873
2026-09-21T19:38:00+00:00,prs,1.7570000000000001,0.065772,0.342017,0.061772,-0.280245
2026-09-21T19:39:00+00:00,prs,1.687,0.067259,0.272017,0.063259,-0.208758
2026-09-21T19:40:00+00:00,prs,1.709,0.068748,0.294017,0.064748,-0.229269
2026-09-21T19:41:00+00:00,prs,1.712,0.070238,0.297017,0.066238,-0.230779
2026-09-21T19:42:00+00:00,prs,1.643,0.071731,0.228017,0.067731,-0.160286
2026-09-21T19:43:00+00:00,prs,1.709,0.073225,0.294017,0.069225,-0.224792
2026-09-21T19:44:00+00:00,prs,1.77,0.07472,0.355017,0.070721,-0.284297
2026-09-21T19:45:00+00:00,prs,1.742,0.076218,0.327017,0.072218,-0.254799
2026-09-21T19:46:00+00:00,prs,1.7389999999999999,0.077717,0.324017,0.073717,-0.2503
2026-09-21T19:47:00+00:00,prs,1.709,0.079217,0.294017,0.075217,-0.2188
2026-09-21T19:48:00+00:00,prs,1.766,0.080718,0.351017,0.076718,-0.274299
2026-09-21T19:49:00+00:00,prs,1.722,0.082221,0.307017,0.078221,-0.228796
2026-09-21T19:50:00+00:00,prs,1.728,0.083725,0.313017,0.079725,-0.233292
2026-09-21T19:51:00+00:00,prs,1.729,0.08523,0.314017,0.08123,-0.232787
2026-09-21T19:52:00+00:00,prs,1.683,0.086736,0.268017,0.082736,-0.185281
2026-09-21T19:53:00+00:00,prs,1.682,0.088243,0.267017,0.084243,-0.182774
2026-09-21T19:54:00+00:00,prs,1.762,0.08975,0.347017,0.085751,-0.261267
2026-09-21T19:55:00+00:00,prs,1.73,0.091259,0.315017,0.087259,-0.227758
2026-09-21T19:56:00+00:00,prs,1.771,0.092768,0.356017,0.088768,-0.267249
2026-09-21T19:57:00+00:00,prs,1.725,0.094278,0.310017,0.090278,-0.219739
2026-09-21T19:58:00+00:00,prs,1.701,0.095788,0.286017,0.091788,-0.194229
2026-09-21T19:59:00+00:00,prs,1.763,0.097298,0.348017,0.093298,-0.254719
2026-09-21T20:00:00+00:00,prs,1.717,0.098809,0.302017,0.094809,-0.207208
2026-09-21T20:01:00+00:00,prs,1.762,0.10032,0.347017,0.09632,-0.250697
2026-09-21T20:02:00+00:00,prs,1.7770000000000001,0.101832,0.362017,0.097832,-0.264185
2026-09-21T20:03:00+00:00,prs,1.752,0.103343,0.337017,0.099343,-0.237674
2026-09-21T20:04:00+00:00,prs,1.7469999999999999,0.104854,0.332017,0.100854,-0.231163
2026-09-21T20:05:00+00:00,prs,1.7690000000000001,0.106366,0.354017,0.102366,-0.251651
2026-09-21T20:06:00+00:00,prs,1.764,0.107877,0.349017,0.103877,-0.24514
2026-09-21T20:07:00+00:00,prs,1.808,0.109387,0.393017,0.105387,-0.28763
2026-09-21T20:08:00+00:00,prs,1.799,0.110898,0.384017,0.106898,-0.277119
2026-09-21T20:09:00+00:00,prs,1.738,0.112408,0.323017,0.108408,-0.214609
2026-09-21T20:10:00+00:00,prs,1.794,0.113917,0.379017,0.109917,-0.2691
2026-09-21T20:11:00+00:00,prs,1.833,0.115426,0.418017,0.111426,-0.306591
2026-09-21T20:12:00+00:00,prs,1.825,0.116934,0.410017,0.112934,-0.297083
2026-09-21T20:13:00+00:00,prs,1.7650000000000001,0.118441,0.350017,0.114441,-0.235576
2026-09-21T20:14:00+00:00,prs,1.806,0.119948,0.391017,0.115948,-0.275069
2026-09-21T20:15:00+00:00,prs,1.827,0.121453,0.412017,0.117453,-0.294564
2026-09-21T20:16:00+00:00,prs,1.7970000000000002,0.122958,0.382017,0.118958,-0.263059
2026-09-21T20:17:00+00:00,prs,1.767,0.124461,0.352017,0.120461,-0.231556
2026-09-21T20:18:00+00:00,prs,1.7770000000000001,0.125963,0.362017,0.121963,-0.240054
2026-09-21T20:19:00+00:00,prs,1.7229999999999999,0.127464,0.308017,0.123464,-0.184553
2026-09-21T20:20:00+00:00,prs,1.7770000000000001,0.128964,0.362017,0.124964,-0.237053
2026-09-21T20:21:00+00:00,prs,1.798,0.130462,0.383017,0.126462,-0.256555
2026-09-21T20:22:00+00:00,prs,1.775,0.131958,0.360017,0.127958,-0.232059
2026-09-21T20:23:00+00:00,prs,1.726,0.133453,0.311017,0.129453,-0.181564
2026-09-21T20:24:00+00:00,prs,1.8090000000000002,0.134946,0.394017,0.130946,-0.263071
2026-09-21T20:25:00+00:00,prs,1.744,0.136437,0.329017,0.132437,-0.19658
2026-09-21T20:26:00+00:00,prs,1.751,0.137926,0.336017,0.133927,-0.202091
2026-09-21T20:27:00+00:00,prs,1.783,0.139414,0.368017,0.135414,-0.232603
2026-09-21T20:28:00+00:00,prs,1.829,0.140899,0.414017,0.136899,-0.277118
2026-09-21T20:29:00+00:00,prs,1.788,0.142382,0.373017,0.138382,-0.234635
2026-09-21T20:30:00+00:00,prs,1.861,0.143863,0.446017,0.139863,-0.306154
2026-09-21T20:31:00+00:00,prs,1.819,0.145342,0.404017,0.141342,-0.262675
2026-09-21T20:32:00+00:00,prs,1.796,0.146818,0.381017,0.142818,-0.238199
2026-09-21T20:33:00+00:00,prs,1.834,0.148291,0.419017,0.144291,-0.274726
2026-09-21T20:34:00+00:00,prs,1.78,0.149762,0.365017,0.145762,-0.219255
2026-09-21T20:35:00+00:00,prs,1.755,0.151231,0.340017,0.147231,-0.192786
2026-09-21T20:36:00+00:00,prs,1.799,0.152696,0.384017,0.148696,-0.235321
2026-09-21T20:37:00+00:00,prs,1.822,0.154159,0.407017,0.150159,-0.256858
2026-09-21T20:38:00+00:00,prs,1.78,0.155619,0.365017,0.151619,-0.213398
2026-09-21T20:39:00+00:00,prs,1.806,0.157076,0.391017,0.153076,-0.237941
2026-09-21T20:40:00+00:00,prs,1.871,0.158529,0.456017,0.15453,-0.301488
2026-09-21T20:41:00+00:00,prs,1.7970000000000002,0.15998,0.382017,0.15598,-0.226037
2026-09-21T20:42:00+00:00,prs,1.749,0.161427,0.334017,0.157427,-0.17659
2026-09-21T20:43:00+00:00,prs,1.823,0.162871,0.408017,0.158871,-0.249146
2026-09-21T20:44:00+00:00,prs,1.8599999999999999,0.164311,0.445017,0.160312,-0.284706
2026-09-21T20:45:00+00:00,prs,1.834,0.165748,0.419017,0.161748,-0.257269
2026-09-21T20:46:00+00:00,prs,1.774,0.167182,0.359017,0.163182,-0.195835
2026-09-21T20:47:00+00:00,prs,1.7730000000000001,0.168611,0.358017,0.164611,-0.193406
2026-09-21T20:48:00+00:00,prs,1.85,0.170037,0.435017,0.166037,-0.26898
2026-09-21T20:49:00+00:00,prs,1.786,0.171459,0.371017,0.167459,-0.203558
2026-09-21T20:50:00+00:00,prs,1.786,0.172877,0.371017,0.168877,-0.20214
2026-09-21T20:51:00+00:00,prs,1.877,0.174291,0.462017,0.170291,-0.291726
2026-09-21T20:52:00+00:00,prs,1.8199999999999998,0.175701,0.405017,0.171701,-0.233316
2026-09-21T20:53:00+00:00,prs,1.8050000000000002,0.177106,0.390017,0.173106,-0.216911
2026-09-21T20:54:00+00:00,prs,1.831,0.178508,0.416017,0.174508,-0.241509
2026-09-21T20:55:00+00:00,prs,1.779,0.179905,0.364017,0.175905,-0.188112
2026-09-21T20:56:00+00:00,prs,1.786,0.181297,0.371017,0.177297,-0.19372
2026-09-21T20:57:00+00:00,prs,1.804,0.182685,0.389017,0.178685,-0.210332
2026-09-21T20:58:00+00:00,prs,1.796,0.184068,0.381017,0.180068,-0.200949
2026-09-21T20:59:00+00:00,prs,1.893,0.185447,0.478017,0.181447,-0.29657
2026-09-21T21:00:00+00:00,prs,1.833,0.186821,0.418017,0.182821,-0.235196
2026-09-21T21:01:00+00:00,prs,1.855,0.18819,0.440017,0.18419,-0.255827
2026-09-21T21:02:00+00:00,prs,1.8279999999999998,0.189554,0.413017,0.185554,-0.227463
2026-09-21T21:03:00+00:00,prs,1.9,0.190913,0.485017,0.186913,-0.298104
2026-09-21T21:04:00+00:00,prs,1.837,0.192267,0.422017,0.188267,-0.23375
2026-09-21T21:05:00+00:00,prs,1.861,0.193615,0.446017,0.189615,-0.256402
2026-09-21T21:06:00+00:00,prs,1.823,0.194959,0.408017,0.190959,-0.217058
2026-09-21T21:07:00+00:00,prs,1.8679999999999999,0.196297,0.453017,0.192297,-0.26072
2026-09-21T21:08:00+00:00,prs,1.869,0.197629,0.454017,0.193629,-0.260388
2026-09-21T21:09:00+00:00,prs,1.888,0.198956,0.473017,0.194956,-0.278061
2026-09-21T21:10:00+00:00,prs,1.859,0.200278,0.444017,0.196278,-0.247739
2026-09-21T21:11:00+00:00,prs,1.855,0.201594,0.440017,0.197594,-0.242423
2026-09-21T21:12:00+00:00,prs,1.8439999999999999,0.202904,0.429017,0.198904,-0.230113
2026-09-21T21:13:00+00:00,prs,1.8820000000000001,0.204208,0.467017,0.200208,-0.266809
2026-09-21T21:14:00+00:00,prs,1.841,0.205506,0.426017,0.201506,-0.224511
2026-09-21T21:15:00+00:00,prs,1.888,0.206798,0.473017,0.202798,-0.270219
2026-09-21T21:16:00+00:00,prs,1.8719999999999999,0.208084,0.457017,0.204084,-0.252933
2026-09-21T21:17:00+00:00,prs,1.845,0.209364,0.430017,0.205364,-0.224653
2026-09-21T21:18:00+00:00,prs,1.8639999999999999,0.210638,0.449017,0.206638,-0.242379
2026-09-21T21:19:00+00:00,prs,1.831,0.211906,0.416017,0.207906,-0.208111
2026-09-21T21:20:00+00:00,prs,1.892,0.213167,0.477017,0.209167,-0.26785
2026-09-21T21:21:00+00:00,prs,1.917,0.214421,0.502017,0.210421,-0.291596
2026-09-21T21:22:00+00:00,prs,1.8900000000000001,0.215669,0.475017,0.211669,-0.263348
2026-09-21T21:23:00+00:00,prs,1.833,0.216911,0.418017,0.212911,-0.205106
2026-09-21T21:24:00+00:00,prs,1.853,0.218145,0.438017,0.214145,-0.223872
2026-09-21T21:25:00+00:00,prs,1.8900000000000001,0.219373,0.475017,0.215373,-0.259644
2026-09-21T21:26:00+00:00,prs,1.874,0.220594,0.459017,0.216595,-0.242423
2026-09-21T21:27:00+00:00,prs,1.875,0.221809,0.460017,0.217809,-0.242208
2026-09-21T21:28:00+00:00,prs,1.8940000000000001,0.223016,0.479017,0.219016,-0.260001
2026-09-21T21:29:00+00:00,prs,1.875,0.224216,0.460017,0.220216,-0.239801
2026-09-21T21:30:00+00:00,prs,1.8780000000000001,0.225409,0.463017,0.221409,-0.241608
2026-09-21T21:31:00+00:00,prs,1.8399999999999999,0.226594,0.425017,0.222595,-0.202423
2026-09-21T21:32:00+00:00,prs,1.881,0.227773,0.466017,0.223773,-0.242244
2026-09-21T21:33:00+00:00,prs,1.846,0.228944,0.431017,0.224944,-0.206073
2026-09-21T21:34:00+00:00,prs,1.892,0.230108,0.477017,0.226108,-0.250909
2026-09-21T21:35:00+00:00,prs,1.881,0.231264,0.466017,0.227264,-0.238753
2026-09-21T21:36:00+00:00,prs,1.87,0.232412,0.455017,0.228412,-0.226605
2026-09-21T21:37:00+00:00,prs,1.933,0.233553,0.518017,0.229553,-0.288464
2026-09-21T21:38:00+00:00,prs,1.854,0.234686,0.439017,0.230686,-0.208331
2026-09-21T21:39:00+00:00,prs,1.887,0.235811,0.472017,0.231811,-0.240206
2026-09-21T21:40:00+00:00,prs,1.874,0.236929,0.459017,0.232929,-0.226088
2026-09-21T21:41:00+00:00,prs,1.846,0.238038,0.431017,0.234038,-0.196979
2026-09-21T21:42:00+00:00,prs,1.8359999999999999,0.23914,0.421017,0.23514,-0.185877
2026-09-21T21:43:00+00:00,prs,1.892,0.240233,0.477017,0.236233,-0.240784
2026-09-21T21:44:00+00:00,prs,1.854,0.241318,0.439017,0.237318,-0.201699
2026-09-21T21:45:00+00:00,prs,1.876,0.242395,0.461017,0.238396,-0.222622
2026-09-21T21:46:00+00:00,prs,1.88,0.243464,0.465017,0.239464,-0.225553
2026-09-21T21:47:00+00:00,prs,1.879,0.244525,0.464017,0.240525,-0.223492
2026-09-21T21:48:00+00:00,prs,1.915,0.245577,0.500017,0.241577,-0.25844
2026-09-21T21:49:00+00:00,prs,1.861,0.24662,0.446017,0.24262,-0.203397
2026-09-21T21:50:00+00:00,prs,1.855,0.247655,0.440017,0.243655,-0.196362
2026-09-21T21:51:00+00:00,prs,1.815,0.248681,0.400017,0.244681,-0.155336
2026-09-21T21:52:00+00:00,prs,1.854,0.249699,0.439017,0.245699,-0.193318
2026-09-21T21:53:00+00:00,prs,1.846,0.250708,0.431017,0.246708,-0.184309
2026-09-21T21:54:00+00:00,prs,1.863,0.251708,0.448017,0.247708,-0.200309
2026-09-21T21:55:00+00:00,prs,1.859,0.252699,0.444017,0.248699,-0.195318
2026-09-21T21:56:00+00:00,prs,1.822,0.253681,0.407017,0.249682,-0.157336
2026-09-21T21:57:00+00:00,prs,1.853,0.254655,0.438017,0.250655,-0.187362
2026-09-21T21:58:00+00:00,prs,1.806,0.255619,0.391017,0.251619,-0.139398
2026-09-21T21:59:00+00:00,prs,1.842,0.256574,0.427017,0.252574,-0.174443
2026-09-21T22:00:00+00:00,prs,1.8090000000000002,0.25752,0.394017,0.25352,-0.140497
2026-09-21T22:01:00+00:00,prs,1.8599999999999999,0.258457,0.445017,0.254457,-0.19056
2026-09-21T22:02:00+00:00,prs,1.8439999999999999,0.259384,0.429017,0.255384,-0.173633
2026-09-21T22:03:00+00:00,prs,1.859,0.260302,0.444017,0.256302,-0.187715
2026-09-21T22:04:00+00:00,prs,1.85,0.261211,0.435017,0.257211,-0.177806
2026-09-21T22:05:00+00:00,prs,1.889,0.26211,0.474017,0.25811,-0.215907
2026-09-21T22:06:00+00:00,prs,1.871,0.262999,0.456017,0.258999,-0.197018
2026-09-21T22:07:00+00:00,prs,1.895,0.263879,0.480017,0.259879,-0.220138
2026-09-21T22:08:00+00:00,prs,1.841,0.26475,0.426017,0.26075,-0.165267
2026-09-21T22:09:00+00:00,prs,1.867,0.26561,0.452017,0.26161,-0.190407
2026-09-21T22:10:00+00:00,prs,1.88,0.266461,0.465017,0.262461,-0.202556
2026-09-21T22:11:00+00:00,prs,1.838,0.267302,0.423017,0.263302,-0.159715
2026-09-21T22:12:00+00:00,prs,1.845,0.268133,0.430017,0.264133,-0.165884
2026-09-21T22:13:00+00:00,prs,1.8439999999999999,0.268954,0.429017,0.264954,-0.164063
2026-09-21T22:14:00+00:00,prs,1.897,0.269766,0.482017,0.265766,-0.216251
2026-09-21T22:15:00+00:00,prs,1.8900000000000001,0.270567,0.475017,0.266567,-0.20845
2026-09-21T22:16:00+00:00,prs,1.8439999999999999,0.271358,0.429017,0.267358,-0.161659
2026-09-21T22:17:00+00:00,prs,1.8359999999999999,0.272139,0.421017,0.268139,-0.152878
2026-09-21T22:18:00+00:00,prs,1.8679999999999999,0.27291,0.453017,0.26891,-0.184107
2026-09-21T22:19:00+00:00,prs,1.7930000000000001,0.27367,0.378017,0.26967,-0.108347
2026-09-21T22:20:00+00:00,prs,1.7730000000000001,0.27442,0.358017,0.27042,-0.087597
2026-09-21T22:21:00+00:00,prs,1.83,0.27516,0.415017,0.27116,-0.143857
2026-09-21T22:22:00+00:00,prs,1.8439999999999999,0.27589,0.429017,0.27189,-0.157127
2026-09-21T22:23:00+00:00,prs,1.851,0.276609,0.436017,0.272609,-0.163408
2026-09-21T22:24:00+00:00,prs,1.8519999999999999,0.277317,0.437017,0.273317,-0.1637
2026-09-21T22:25:00+00:00,prs,1.818,0.278015,0.403017,0.274015,-0.129002
2026-09-21T22:26:00+00:00,prs,1.823,0.278703,0.408017,0.274703,-0.133314
2026-09-21T22:27:00+00:00,prs,1.858,0.27938,0.443017,0.27538,-0.167637
2026-09-21T22:28:00+00:00,prs,1.846,0.280046,0.431017,0.276046,-0.154971
2026-09-21T22:29:00+00:00,prs,1.854,0.280701,0.439017,0.276701,-0.162316
2026-09-21T22:30:00+00:00,prs,1.873,0.281346,0.458017,0.277346,-0.180671
2026-09-21T22:31:00+00:00,prs,1.843,0.28198,0.428017,0.27798,-0.150037
2026-09-21T22:32:00+00:00,prs,1.908,0.282603,0.493017,0.278603,-0.214414
2026-09-21T22:33:00+00:00,prs,1.849,0.283215,0.434017,0.279215,-0.154802
2026-09-21T22:34:00+00:00,prs,1.855,0.283816,0.440017,0.279816,-0.160201
2026-09-21T22:35:00+00:00,prs,1.833,0.284406,0.418017,0.280407,-0.13761
2026-09-21T22:36:00+00:00,prs,1.876,0.284986,0.461017,0.280986,-0.180031
2026-09-21T22:37:00+00:00,prs,1.819,0.285554,0.404017,0.281554,-0.122463
2026-09-21T22:38:00+00:00,prs,1.859,0.286111,0.444017,0.282111,-0.161906
2026-09-21T22:39:00+00:00,prs,1.8900000000000001,0.286657,0.475017,0.282657,-0.19236
2026-09-21T22:40:00+00:00,prs,1.847,0.287192,0.432017,0.283192,-0.148825
2026-09-21T22:41:00+00:00,prs,1.8559999999999999,0.287715,0.441017,0.283715,-0.157302
2026-09-21T22:42:00+00:00,prs,1.808,0.288228,0.393017,0.284228,-0.108789
2026-09-21T22:43:00+00:00,prs,1.827,0.288729,0.412017,0.284729,-0.127288
2026-09-21T22:44:00+00:00,prs,1.8359999999999999,0.289219,0.421017,0.285219,-0.135798
2026-09-21T22:45:00+00:00,prs,1.877,0.289697,0.462017,0.285697,-0.17632
2026-09-21T22:46:00+00:00,prs,1.859,0.290164,0.444017,0.286164,-0.157853
2026-09-21T22:48:00+00:00,prs,1.813,0.291064,0.398017,0.287064,-0.110953
2026-09-21T22:49:00+00:00,prs,1.875,0.291496,0.460017,0.287497,-0.17252
2026-09-21T22:50:00+00:00,prs,1.8,0.291918,0.385017,0.287918,-0.097099
2026-09-21T22:51:00+00:00,prs,1.8399999999999999,0.292327,0.425017,0.288327,-0.13669
2026-09-21T22:52:00+00:00,prs,1.807,0.292725,0.392017,0.288726,-0.103292
2026-09-21T22:53:00+00:00,prs,1.814,0.293112,0.399017,0.289112,-0.109905
2026-09-21T22:54:00+00:00,prs,1.854,0.293487,0.439017,0.289487,-0.14953
2026-09-21T22:55:00+00:00,prs,1.858,0.29385,0.443017,0.28985,-0.153167
2026-09-21T22:56:00+00:00,prs,1.825,0.294202,0.410017,0.290202,-0.119815
2026-09-21T22:57:00+00:00,prs,1.895,0.294541,0.480017,0.290541,-0.189476
2026-09-21T22:58:00+00:00,prs,1.8479999999999999,0.294869,0.433017,0.29087,-0.142148
2026-09-21T22:59:00+00:00,prs,1.909,0.295186,0.494017,0.291186,-0.202831
2026-09-21T23:00:00+00:00,prs,1.802,0.29549,0.387017,0.29149,-0.095527
2026-09-21T23:01:00+00:00,prs,1.847,0.295783,0.432017,0.291783,-0.140234
2026-09-21T23:03:00+00:00,prs,1.8519999999999999,0.296333,0.437017,0.292333,-0.144684
2026-09-21T23:04:00+00:00,prs,1.839,0.29659,0.424017,0.29259,-0.131427
2026-09-21T23:05:00+00:00,prs,1.871,0.296836,0.456017,0.292836,-0.163181
2026-09-21T23:06:00+00:00,prs,1.8719999999999999,0.297069,0.457017,0.293069,-0.163948
2026-09-21T23:07:00+00:00,prs,1.845,0.29729,0.430017,0.293291,-0.136727
2026-09-21T23:08:00+00:00,prs,1.837,0.2975,0.422017,0.2935,-0.128517
2026-09-21T23:09:00+00:00,prs,1.8199999999999998,0.297698,0.405017,0.293698,-0.111319
2026-09-21T23:10:00+00:00,prs,1.8519999999999999,0.297883,0.437017,0.293883,-0.143134
2026-09-21T23:11:00+00:00,prs,1.829,0.298057,0.414017,0.294057,-0.11996
2026-09-21T23:12:00+00:00,prs,1.825,0.298218,0.410017,0.294218,-0.115799
2026-09-21T23:13:00+00:00,prs,1.779,0.298368,0.364017,0.294368,-0.069649
2026-09-21T23:14:00+00:00,prs,1.815,0.298505,0.400017,0.294505,-0.105512
2026-09-21T23:15:00+00:00,prs,1.8159999999999998,0.298631,0.401017,0.294631,-0.106386
2026-09-21T23:16:00+00:00,prs,1.8199999999999998,0.298744,0.405017,0.294744,-0.110273
2026-09-21T23:18:00+00:00,prs,1.806,0.298934,0.391017,0.294934,-0.096083
2026-09-21T23:19:00+00:00,prs,1.822,0.299011,0.407017,0.295011,-0.112006
2026-09-21T23:20:00+00:00,prs,1.802,0.299076,0.387017,0.295076,-0.091941
2026-09-21T23:21:00+00:00,prs,1.8239999999999998,0.299129,0.409017,0.295129,-0.113888
2026-09-21T23:22:00+00:00,prs,1.834,0.29917,0.419017,0.29517,-0.123847
2026-09-21T23:23:00+00:00,prs,1.7690000000000001,0.299198,0.354017,0.295198,-0.058819
2026-09-21T23:24:00+00:00,prs,1.79,0.299214,0.375017,0.295214,-0.079803
2026-09-21T23:25:00+00:00,prs,1.822,0.299219,0.407017,0.295219,-0.111798
2026-09-21T23:26:00+00:00,prs,1.782,0.299211,0.367017,0.295211,-0.071806
2026-09-21T23:27:00+00:00,prs,1.7650000000000001,0.29919,0.350017,0.29519,-0.054827
2026-09-21T23:28:00+00:00,prs,1.771,0.299158,0.356017,0.295158,-0.060859
2026-09-21T23:29:00+00:00,prs,1.771,0.299113,0.356017,0.295114,-0.060903
2026-09-21T23:30:00+00:00,prs,1.7690000000000001,0.299057,0.354017,0.295057,-0.05896
2026-09-21T23:31:00+00:00,prs,1.788,0.298988,0.373017,0.294988,-0.078029
2026-09-21T23:33:00+00:00,prs,1.808,0.298814,0.393017,0.294814,-0.098203
2026-09-21T23:34:00+00:00,prs,1.779,0.298708,0.364017,0.294708,-0.069309
2026-09-21T23:35:00+00:00,prs,1.783,0.298591,0.368017,0.294591,-0.073426
2026-09-21T23:36:00+00:00,prs,1.786,0.298461,0.371017,0.294461,-0.076556
2026-09-21T23:37:00+00:00,prs,1.7730000000000001,0.298319,0.358017,0.294319,-0.063698
2026-09-21T23:38:00+00:00,prs,1.758,0.298165,0.343017,0.294165,-0.048852
2026-09-21T23:39:00+00:00,prs,1.775,0.297998,0.360017,0.293998,-0.066019
2026-09-21T23:40:00+00:00,prs,1.7850000000000001,0.29782,0.370017,0.29382,-0.076197
2026-09-21T23:41:00+00:00,prs,1.779,0.297629,0.364017,0.293629,-0.070388
2026-09-21T23:42:00+00:00,prs,1.814,0.297426,0.399017,0.293426,-0.105591
2026-09-21T23:43:00+00:00,prs,1.7650000000000001,0.297211,0.350017,0.293211,-0.056806
2026-09-21T23:44:00+00:00,prs,1.796,0.296984,0.381017,0.292984,-0.088033
2026-09-21T23:45:00+00:00,prs,1.818,0.296745,0.403017,0.292745,-0.110272
2026-09-21T23:46:00+00:00,prs,1.742,0.296493,0.327017,0.292493,-0.034524
2026-09-21T23:47:00+00:00,prs,1.782,0.29623,0.367017,0.29223,-0.074787
2026-09-21T23:48:00+00:00,prs,1.76,0.295954,0.345017,0.291954,-0.053063
2026-09-21T23:49:00+00:00,prs,1.7730000000000001,0.295666,0.358017,0.291666,-0.066351
2026-09-21T23:50:00+00:00,prs,1.754,0.295366,0.339017,0.291366,-0.047651
2026-09-21T23:51:00+00:00,prs,1.744,0.295054,0.329017,0.291054,-0.037963
2026-09-21T23:52:00+00:00,prs,1.736,0.29473,0.321017,0.29073,-0.030287
2026-09-21T23:53:00+00:00,prs,1.74,0.294394,0.325017,0.290394,-0.034623
2026-09-21T23:54:00+00:00,prs,1.7229999999999999,0.294046,0.308017,0.290046,-0.017971
2026-09-21T23:55:00+00:00,prs,1.738,0.293686,0.323017,0.289686,-0.033331
2026-09-21T23:56:00+00:00,prs,1.754,0.293314,0.339017,0.289314,-0.049703
2026-09-21T23:57:00+00:00,prs,1.772,0.29293,0.357017,0.28893,-0.068087
2026-09-21T23:58:00+00:00,prs,1.759,0.292534,0.344017,0.288534,-0.055483
2026-09-21T23:59:00+00:00,prs,1.722,0.292126,0.307017,0.288126,-0.018891
2026-09-22T00:00:00+00:00,prs,1.7610000000000001,0.291706,0.346017,0.287706,-0.058311
2026-09-22T00:01:00+00:00,prs,1.771,0.291274,0.356017,0.287274,-0.068743
2026-09-22T00:03:00+00:00,prs,1.772,0.290375,0.357017,0.286375,-0.070642
2026-09-22T00:04:00+00:00,prs,1.7189999999999999,0.289907,0.304017,0.285907,-0.01811
2026-09-22T00:05:00+00:00,prs,1.7,0.289428,0.285017,0.285428,0.000411
2026-09-22T00:06:00+00:00,prs,1.706,0.288936,0.291017,0.284937,-0.00608
2026-09-22T00:07:00+00:00,prs,1.688,0.288434,0.273017,0.284434,0.011417
2026-09-22T00:08:00+00:00,prs,1.752,0.287919,0.337017,0.283919,-0.053098
2026-09-22T00:09:00+00:00,prs,1.7189999999999999,0.287392,0.304017,0.283392,-0.020625
2026-09-22T00:10:00+00:00,prs,1.72,0.286854,0.305017,0.282854,-0.022163
2026-09-22T00:11:00+00:00,prs,1.702,0.286304,0.287017,0.282304,-0.004713
2026-09-22T00:12:00+00:00,prs,1.686,0.285743,0.271017,0.281743,0.010726
2026-09-22T00:13:00+00:00,prs,1.6800000000000002,0.28517,0.265017,0.28117,0.016153
2026-09-22T00:14:00+00:00,prs,1.704,0.284585,0.289017,0.280585,-0.008432
2026-09-22T00:15:00+00:00,prs,1.7149999999999999,0.283989,0.300017,0.279989,-0.020028
2026-09-22T00:16:00+00:00,prs,1.712,0.283381,0.297017,0.279381,-0.017636
2026-09-22T00:18:00+00:00,prs,1.714,0.282131,0.299017,0.278131,-0.020886
2026-09-22T00:19:00+00:00,prs,1.7229999999999999,0.281488,0.308017,0.277488,-0.030529
2026-09-22T00:20:00+00:00,prs,1.736,0.280835,0.321017,0.276835,-0.044182
2026-09-22T00:21:00+00:00,prs,1.694,0.28017,0.279017,0.27617,-0.002847
2026-09-22T00:22:00+00:00,prs,1.683,0.279493,0.268017,0.275493,0.007476
2026-09-22T00:23:00+00:00,prs,1.666,0.278805,0.251017,0.274805,0.023788
2026-09-22T00:24:00+00:00,prs,1.683,0.278106,0.268017,0.274106,0.006089
2026-09-22T00:25:00+00:00,prs,1.631,0.277396,0.216017,0.273396,0.057379
2026-09-22T00:26:00+00:00,prs,1.661,0.276674,0.246017,0.272674,0.026657
2026-09-22T00:27:00+00:00,prs,1.694,0.275942,0.279017,0.271942,-0.007075
2026-09-22T00:28:00+00:00,prs,1.661,0.275198,0.246017,0.271198,0.025181
2026-09-22T00:29:00+00:00,prs,1.6680000000000001,0.274443,0.253017,0.270443,0.017426
2026-09-22T00:30:00+00:00,prs,1.6640000000000001,0.273677,0.249017,0.269677,0.02066
2026-09-22T00:31:00+00:00,prs,1.6480000000000001,0.2729,0.233017,0.2689,0.035883
2026-09-22T00:32:00+00:00,prs,1.689,0.272112,0.274017,0.268112,-0.005905
2026-09-22T00:33:00+00:00,prs,1.665,0.271313,0.250017,0.267313,0.017296
2026-09-22T00:34:00+00:00,prs,1.671,0.270503,0.256017,0.266503,0.010486
2026-09-22T00:35:00+00:00,prs,1.654,0.269683,0.239017,0.265683,0.026666
2026-09-22T00:36:00+00:00,prs,1.677,0.268851,0.262017,0.264851,0.002834
2026-09-22T00:37:00+00:00,prs,1.674,0.268009,0.259017,0.264009,0.004992
2026-09-22T00:38:00+00:00,prs,1.65,0.267156,0.235017,0.263156,0.028139
2026-09-22T00:39:00+00:00,prs,1.661,0.266292,0.246017,0.262292,0.016275
2026-09-22T00:40:00+00:00,prs,1.665,0.265418,0.250017,0.261418,0.011401
2026-09-22T00:41:00+00:00,prs,1.685,0.264533,0.270017,0.260533,-0.009484
2026-09-22T00:42:00+00:00,prs,1.653,0.263638,0.238017,0.259638,0.021621
2026-09-22T00:43:00+00:00,prs,1.663,0.262732,0.248017,0.258732,0.010715
2026-09-22T00:44:00+00:00,prs,1.6760000000000002,0.261815,0.261017,0.257816,-0.003201
2026-09-22T00:45:00+00:00,prs,1.646,0.260889,0.231017,0.256889,0.025872
2026-09-22T00:46:00+00:00,prs,1.588,0.259952,0.173017,0.255952,0.082935
2026-09-22T00:47:00+00:00,prs,1.609,0.259004,0.194017,0.255004,0.060987
2026-09-22T00:48:00+00:00,prs,1.645,0.258047,0.230017,0.254047,0.02403
2026-09-22T00:49:00+00:00,prs,1.627,0.257079,0.212017,0.253079,0.041062
2026-09-22T00:50:00+00:00,prs,1.617,0.256101,0.202017,0.252101,0.050084
2026-09-22T00:51:00+00:00,prs,1.624,0.255113,0.209017,0.251113,0.042096
2026-09-22T00:52:00+00:00,prs,1.616,0.254115,0.201017,0.250115,0.049098
2026-09-22T00:53:00+00:00,prs,1.5819999999999999,0.253106,0.167017,0.249107,0.082089
2026-09-22T00:54:00+00:00,prs,1.6280000000000001,0.252088,0.213017,0.248088,0.035071
2026-09-22T00:55:00+00:00,prs,1.607,0.25106,0.192017,0.247061,0.055043
2026-09-22T00:56:00+00:00,prs,1.611,0.250023,0.196017,0.246023,0.050006
2026-09-22T00:57:00+00:00,prs,1.629,0.248975,0.214017,0.244975,0.030958
2026-09-22T00:58:00+00:00,prs,1.6,0.247918,0.185017,0.243918,0.058901
2026-09-22T00:59:00+00:00,prs,1.608,0.246851,0.193017,0.242851,0.049834
2026-09-22T01:00:00+00:00,prs,1.6019999999999999,0.245775,0.187017,0.241775,0.054758
2026-09-22T01:01:00+00:00,prs,1.5819999999999999,0.244688,0.167017,0.240689,0.073671
2026-09-22T01:02:00+00:00,prs,1.613,0.243593,0.198017,0.239593,0.041576
2026-09-22T01:03:00+00:00,prs,1.5899999999999999,0.242488,0.175017,0.238488,0.063471
2026-09-22T01:04:00+00:00,prs,1.627,0.241374,0.212017,0.237374,0.025357
2026-09-22T01:05:00+00:00,prs,1.6099999999999999,0.24025,0.195017,0.23625,0.041233
2026-09-22T01:06:00+00:00,prs,1.6019999999999999,0.239117,0.187017,0.235117,0.0481
2026-09-22T01:07:00+00:00,prs,1.5979999999999999,0.237975,0.183017,0.233975,0.050958
2026-09-22T01:08:00+00:00,prs,1.589,0.236824,0.174017,0.232824,0.058807
2026-09-22T01:09:00+00:00,prs,1.592,0.235664,0.177017,0.231664,0.054647
2026-09-22T01:10:00+00:00,prs,1.55,0.234494,0.135017,0.230494,0.095477
2026-09-22T01:11:00+00:00,prs,1.5819999999999999,0.233316,0.167017,0.229316,0.062299
2026-09-22T01:12:00+00:00,prs,1.592,0.232129,0.177017,0.228129,0.051112
2026-09-22T01:13:00+00:00,prs,1.5939999999999999,0.230933,0.179017,0.226933,0.047916
2026-09-22T01:14:00+00:00,prs,1.6019999999999999,0.229728,0.187017,0.225728,0.038711
2026-09-22T01:15:00+00:00,prs,1.548,0.228515,0.133017,0.224515,0.091498
2026-09-22T01:16:00+00:00,prs,1.58,0.227293,0.165017,0.223293,0.058276
2026-09-22T01:17:00+00:00,prs,1.573,0.226063,0.158017,0.222063,0.064046
2026-09-22T01:18:00+00:00,prs,1.562,0.224824,0.147017,0.220824,0.073807
2026-09-22T01:19:00+00:00,prs,1.5510000000000002,0.223576,0.136017,0.219576,0.083559
2026-09-22T01:20:00+00:00,prs,1.5270000000000001,0.22232,0.112017,0.21832,0.106303
2026-09-22T01:21:00+00:00,prs,1.544,0.221056,0.129017,0.217056,0.088039
2026-09-22T01:22:00+00:00,prs,1.528,0.219784,0.113017,0.215784,0.102767
2026-09-22T01:23:00+00:00,prs,1.529,0.218504,0.114017,0.214504,0.100487
2026-09-22T01:24:00+00:00,prs,1.5350000000000001,0.217215,0.120017,0.213215,0.093198
2026-09-22T01:25:00+00:00,prs,1.5470000000000002,0.215919,0.132017,0.211919,0.079902
2026-09-22T01:26:00+00:00,prs,1.556,0.214614,0.141017,0.210614,0.069597
2026-09-22T01:27:00+00:00,prs,1.558,0.213302,0.143017,0.209302,0.066285
2026-09-22T01:28:00+00:00,prs,1.5590000000000002,0.211982,0.144017,0.207982,0.063965
2026-09-22T01:29:00+00:00,prs,1.5230000000000001,0.210654,0.108017,0.206654,0.098637
2026-09-22T01:30:00+00:00,prs,1.544,0.209318,0.129017,0.205318,0.076301
2026-09-22T01:31:00+00:00,prs,1.5150000000000001,0.207975,0.100017,0.203975,0.103958
2026-09-22T01:32:00+00:00,prs,1.52,0.206625,0.105017,0.202625,0.097608
2026-09-22T01:33:00+00:00,prs,1.495,0.205267,0.080017,0.201267,0.12125
2026-09-22T01:34:00+00:00,prs,1.498,0.203901,0.083017,0.199901,0.116884
2026-09-22T01:35:00+00:00,prs,1.486,0.202528,0.071017,0.198529,0.127511
2026-09-22T01:36:00+00:00,prs,1.5150000000000001,0.201148,0.100017,0.197149,0.097132
2026-09-22T01:37:00+00:00,prs,1.4969999999999999,0.199761,0.082017,0.195762,0.113744
2026-09-22T01:38:00+00:00,prs,1.478,0.198367,0.063017,0.194367,0.13135
2026-09-22T01:39:00+00:00,prs,1.504,0.196966,0.089017,0.192966,0.103949
2026-09-22T01:40:00+00:00,prs,1.479,0.195558,0.064017,0.191558,0.127541
2026-09-22T01:41:00+00:00,prs,1.48,0.194143,0.065017,0.190143,0.125126
2026-09-22T01:42:00+00:00,prs,1.475,0.192721,0.060017,0.188722,0.128705
2026-09-22T01:43:00+00:00,prs,1.5230000000000001,0.191293,0.108017,0.187293,0.079276
2026-09-22T01:44:00+00:00,prs,1.512,0.189858,0.097017,0.185858,0.088841
2026-09-22T01:45:00+00:00,prs,1.488,0.188417,0.073017,0.184417,0.1114
2026-09-22T01:46:00+00:00,prs,1.505,0.186969,0.090017,0.182969,0.092952
2026-09-22T01:47:00+00:00,prs,1.501,0.185514,0.086017,0.181514,0.095497
2026-09-22T01:48:00+00:00,prs,1.48,0.184054,0.065017,0.180054,0.115037
2026-09-22T01:49:00+00:00,prs,1.47,0.182587,0.055017,0.178587,0.12357
2026-09-22T01:50:00+00:00,prs,1.474,0.181114,0.059017,0.177114,0.118097
2026-09-22T01:51:00+00:00,prs,1.467,0.179635,0.052017,0.175635,0.123618
2026-09-22T01:52:00+00:00,prs,1.456,0.178149,0.041017,0.17415,0.133133
2026-09-22T01:53:00+00:00,prs,1.457,0.176658,0.042017,0.172659,0.130642
2026-09-22T01:54:00+00:00,prs,1.459,0.175162,0.044017,0.171162,0.127145
2026-09-22T01:55:00+00:00,prs,1.464,0.173659,0.049017,0.169659,0.120642
2026-09-22T01:56:00+00:00,prs,1.453,0.172151,0.038017,0.168151,0.130134
2026-09-22T01:57:00+00:00,prs,1.442,0.170637,0.027017,0.166637,0.13962
2026-09-22T01:58:00+00:00,prs,1.441,0.169118,0.026017,0.165118,0.139101
2026-09-22T01:59:00+00:00,prs,1.427,0.167593,0.012017,0.163593,0.151576
2026-09-22T02:00:00+00:00,prs,1.415,0.166063,1.7e-05,0.162063,0.162046
2026-09-22T02:01:00+00:00,prs,1.434,0.164527,0.019017,0.160528,0.14151
2026-09-22T02:02:00+00:00,prs,1.425,0.162987,0.010017,0.158987,0.14897
2026-09-22T02:03:00+00:00,prs,1.432,0.161441,0.017017,0.157441,0.140424
2026-09-22T02:04:00+00:00,prs,1.463,0.159891,0.048017,0.155891,0.107874
2026-09-22T02:05:00+00:00,prs,1.448,0.158335,0.033017,0.154335,0.121318
2026-09-22T02:06:00+00:00,prs,1.459,0.156775,0.044017,0.152775,0.108758
2026-09-22T02:07:00+00:00,prs,1.435,0.155209,0.020017,0.151209,0.131192
2026-09-22T02:08:00+00:00,prs,1.428,0.15364,0.013017,0.14964,0.136623
2026-09-22T02:09:00+00:00,prs,1.421,0.152065,0.006017,0.148065,0.142048
2026-09-22T02:10:00+00:00,prs,1.411,0.150486,-0.003983,0.146486,0.150469
2026-09-22T02:11:00+00:00,prs,1.3980000000000001,0.148903,-0.016983,0.144903,0.161886
2026-09-22T02:12:00+00:00,prs,1.423,0.147315,0.008017,0.143315,0.135298
2026-09-22T02:13:00+00:00,prs,1.397,0.145723,-0.017983,0.141723,0.159706
2026-09-22T02:14:00+00:00,prs,1.412,0.144127,-0.002983,0.140127,0.14311
2026-09-22T02:15:00+00:00,prs,1.426,0.142526,0.011017,0.138527,0.127509
2026-09-22T02:16:00+00:00,prs,1.3940000000000001,0.140922,-0.020983,0.136922,0.157905
2026-09-22T02:17:00+00:00,prs,1.376,0.139314,-0.038983,0.135314,0.174297
2026-09-22T02:18:00+00:00,prs,1.3900000000000001,0.137702,-0.024983,0.133702,0.158685
2026-09-22T02:19:00+00:00,prs,1.384,0.136086,-0.030983,0.132086,0.163069
2026-09-22T02:20:00+00:00,prs,1.392,0.134467,-0.022983,0.130467,0.15345
2026-09-22T02:21:00+00:00,prs,1.3980000000000001,0.132844,-0.016983,0.128844,0.145827
2026-09-22T02:22:00+00:00,prs,1.411,0.131217,-0.003983,0.127217,0.1312
2026-09-22T02:23:00+00:00,prs,1.424,0.129587,0.009017,0.125587,0.11657
2026-09-22T02:24:00+00:00,prs,1.428,0.127954,0.013017,0.123954,0.110937
2026-09-22T02:25:00+00:00,prs,1.424,0.126317,0.009017,0.122318,0.1133
2026-09-22T02:26:00+00:00,prs,1.42,0.124678,0.005017,0.120678,0.115661
2026-09-22T02:27:00+00:00,prs,1.404,0.123035,-0.010983,0.119035,0.130018
2026-09-22T02:28:00+00:00,prs,1.4,0.12139,-0.014983,0.11739,0.132373
2026-09-22T02:29:00+00:00,prs,1.3940000000000001,0.119741,-0.020983,0.115741,0.136724
2026-09-22T02:30:00+00:00,prs,1.385,0.11809,-0.029983,0.11409,0.144073
2026-09-22T02:31:00+00:00,prs,1.384,0.116436,-0.030983,0.112436,0.143419
2026-09-22T02:32:00+00:00,prs,1.3639999999999999,0.114779,-0.050983,0.110779,0.161762
2026-09-22T02:33:00+00:00,prs,1.363,0.11312,-0.051983,0.10912,0.161103
2026-09-22T02:34:00+00:00,prs,1.3639999999999999,0.111458,-0.050983,0.107458,0.158441
2026-09-22T02:35:00+00:00,prs,1.353,0.109794,-0.061983,0.105794,0.167777
2026-09-22T02:36:00+00:00,prs,1.345,0.108128,-0.069983,0.104128,0.174111
2026-09-22T02:37:00+00:00,prs,1.349,0.106459,-0.065983,0.102459,0.168442
2026-09-22T02:38:00+00:00,prs,1.321,0.104789,-0.093983,0.100789,0.194772
2026-09-22T02:39:00+00:00,prs,1.343,0.103116,-0.071983,0.099116,0.171099
2026-09-22T02:40:00+00:00,prs,1.3479999999999999,0.101441,-0.066983,0.097442,0.164424
2026-09-22T02:41:00+00:00,prs,1.32,0.099765,-0.094983,0.095765,0.190748
2026-09-22T02:42:00+00:00,prs,1.339,0.098087,-0.075983,0.094087,0.17007
2026-09-22T02:43:00+00:00,prs,1.369,0.096407,-0.045983,0.092407,0.13839
2026-09-22T02:44:00+00:00,prs,1.357,0.094726,-0.057983,0.090726,0.148709
2026-09-22T02:45:00+00:00,prs,1.371,0.093043,-0.043983,0.089043,0.133026
2026-09-22T02:46:00+00:00,prs,1.3559999999999999,0.091359,-0.058983,0.087359,0.146342
2026-09-22T02:47:00+00:00,prs,1.337,0.089673,-0.077983,0.085673,0.163656
2026-09-22T02:48:00+00:00,prs,1.351,0.087986,-0.063983,0.083986,0.147969
2026-09-22T02:49:00+00:00,prs,1.3559999999999999,0.086298,-0.058983,0.082298,0.141281
2026-09-22T02:50:00+00:00,prs,1.337,0.084609,-0.077983,0.080609,0.158592
2026-09-22T02:51:00+00:00,prs,1.353,0.082919,-0.061983,0.07892,0.140902
2026-09-22T02:52:00+00:00,prs,1.346,0.081229,-0.068983,0.077229,0.146212
2026-09-22T02:53:00+00:00,prs,1.328,0.079537,-0.086983,0.075537,0.16252
2026-09-22T02:54:00+00:00,prs,1.329,0.077845,-0.085983,0.073845,0.159828
2026-09-22T02:55:00+00:00,prs,1.328,0.076152,-0.086983,0.072152,0.159135
2026-09-22T02:56:00+00:00,prs,1.311,0.074458,-0.103983,0.070458,0.174441
2026-09-22T02:57:00+00:00,prs,1.331,0.072764,-0.083983,0.068764,0.152747
2026-09-22T02:58:00+00:00,prs,1.322,0.07107,-0.092983,0.06707,0.160053
2026-09-22T02:59:00+00:00,prs,1.309,0.069376,-0.105983,0.065376,0.171359
2026-09-22T03:00:00+00:00,prs,1.3,0.067681,-0.114983,0.063681,0.178664
2026-09-22T03:01:00+00:00,prs,1.295,0.065986,-0.119983,0.061986,0.181969
2026-09-22T03:02:00+00:00,prs,1.293,0.064291,-0.121983,0.060291,0.182274
2026-09-22T03:03:00+00:00,prs,1.316,0.062596,-0.098983,0.058597,0.15758
2026-09-22T03:04:00+00:00,prs,1.323,0.060902,-0.091983,0.056902,0.148885
2026-09-22T03:05:00+00:00,prs,1.315,0.059208,-0.099983,0.055208,0.155191
2026-09-22T03:06:00+00:00,prs,1.302,0.057514,-0.112983,0.053514,0.166497
2026-09-22T03:07:00+00:00,prs,1.293,0.05582,-0.121983,0.05182,0.173803
2026-09-22T03:08:00+00:00,prs,1.295,0.054127,-0.119983,0.050127,0.17011
2026-09-22T03:09:00+00:00,prs,1.293,0.052435,-0.121983,0.048435,0.170418
2026-09-22T03:10:00+00:00,prs,1.292,0.050743,-0.122983,0.046743,0.169726
2026-09-22T03:11:00+00:00,prs,1.293,0.049052,-0.121983,0.045052,0.167035
2026-09-22T03:12:00+00:00,prs,1.296,0.047362,-0.118983,0.043362,0.162345
2026-09-22T03:13:00+00:00,prs,1.309,0.045672,-0.105983,0.041673,0.147656
2026-09-22T03:14:00+00:00,prs,1.298,0.043984,-0.116983,0.039984,0.156967
2026-09-22T03:15:00+00:00,prs,1.27,0.042297,-0.144983,0.038297,0.18328
2026-09-22T03:16:00+00:00,prs,1.2610000000000001,0.040611,-0.153983,0.036611,0.190594
2026-09-22T03:17:00+00:00,prs,1.26,0.038927,-0.154983,0.034927,0.18991
2026-09-22T03:18:00+00:00,prs,1.254,0.037244,-0.160983,0.033244,0.194227
2026-09-22T03:19:00+00:00,prs,1.268,0.035562,-0.146983,0.031562,0.178545
2026-09-22T03:20:00+00:00,prs,1.245,0.033881,-0.169983,0.029882,0.199865
2026-09-22T03:21:00+00:00,prs,1.266,0.032203,-0.148983,0.028203,0.177186
2026-09-22T03:22:00+00:00,prs,1.272,0.030526,-0.142983,0.026526,0.169509
2026-09-22T03:23:00+00:00,prs,1.262,0.028851,-0.152983,0.024851,0.177834
2026-09-22T03:24:00+00:00,prs,1.2730000000000001,0.027177,-0.141983,0.023177,0.16516
2026-09-22T03:25:00+00:00,prs,1.242,0.025506,-0.172983,0.021506,0.194489
2026-09-22T03:26:00+00:00,prs,1.246,0.023837,-0.168983,0.019837,0.18882
2026-09-22T03:27:00+00:00,prs,1.2730000000000001,0.022169,-0.141983,0.01817,0.160153
2026-09-22T03:28:00+00:00,prs,1.256,0.020504,-0.158983,0.016505,0.175487
2026-09-22T03:29:00+00:00,prs,1.2770000000000001,0.018842,-0.137983,0.014842,0.152825
2026-09-22T03:30:00+00:00,prs,1.233,0.017181,-0.181983,0.013181,0.195164
2026-09-22T03:31:00+00:00,prs,1.262,0.015523,-0.152983,0.011523,0.164506
2026-09-22T03:32:00+00:00,prs,1.255,0.013868,-0.159983,0.009868,0.169851
2026-09-22T03:33:00+00:00,prs,1.271,0.012215,-0.143983,0.008215,0.152198
2026-09-22T03:34:00+00:00,prs,1.264,0.010565,-0.150983,0.006565,0.157548
2026-09-22T03:35:00+00:00,prs,1.2610000000000001,0.008918,-0.153983,0.004918,0.158901
2026-09-22T03:36:00+00:00,prs,1.274,0.007273,-0.140983,0.003273,0.144256
2026-09-22T03:37:00+00:00,prs,1.2389999999999999,0.005631,-0.175983,0.001631,0.177614
2026-09-22T03:38:00+00:00,prs,1.23,0.003993,-0.184983,-7e-06,0.184976
2026-09-22T03:39:00+00:00,prs,1.226,0.002357,-0.188983,-0.001643,0.18734
2026-09-22T03:40:00+00:00,prs,1.2429999999999999,0.000725,-0.171983,-0.003275,0.168708
2026-09-22T03:41:00+00:00,prs,1.215,-0.000904,-0.199983,-0.004904,0.195079
2026-09-22T03:42:00+00:00,prs,1.242,-0.00253,-0.172983,-0.00653,0.166453
2026-09-22T03:43:00+00:00,prs,1.246,-0.004153,-0.168983,-0.008153,0.16083
2026-09-22T03:44:00+00:00,prs,1.224,-0.005772,-0.190983,-0.009772,0.181211
2026-09-22T03:45:00+00:00,prs,1.238,-0.007387,-0.176983,-0.011387,0.165596
2026-09-22T03:46:00+00:00,prs,1.229,-0.008999,-0.185983,-0.012999,0.172984
2026-09-22T03:47:00+00:00,prs,1.245,-0.010607,-0.169983,-0.014607,0.155376
2026-09-22T03:48:00+00:00,prs,1.223,-0.012211,-0.191983,-0.016211,0.175772
2026-09-22T03:49:00+00:00,prs,1.23,-0.013812,-0.184983,-0.017812,0.167171
2026-09-22T03:50:00+00:00,prs,1.215,-0.015408,-0.199983,-0.019408,0.180575
2026-09-22T03:51:00+00:00,prs,1.228,-0.017001,-0.186983,-0.021001,0.165982
2026-09-22T03:52:00+00:00,prs,1.232,-0.018589,-0.182983,-0.022589,0.160394
2026-09-22T03:53:00+00:00,prs,1.229,-0.020174,-0.185983,-0.024173,0.16181
2026-09-22T03:54:00+00:00,prs,1.2,-0.021754,-0.214983,-0.025753,0.189229
2026-09-22T03:55:00+00:00,prs,1.208,-0.023329,-0.206983,-0.027329,0.179654
2026-09-22T03:56:00+00:00,prs,1.203,-0.024901,-0.211983,-0.028901,0.183082
2026-09-22T03:57:00+00:00,prs,1.2,-0.026468,-0.214983,-0.030468,0.184515
2026-09-22T03:58:00+00:00,prs,1.212,-0.02803,-0.202983,-0.03203,0.170953
2026-09-22T03:59:00+00:00,prs,1.197,-0.029588,-0.217983,-0.033588,0.184395
2026-09-22T04:00:00+00:00,prs,1.193,-0.031141,-0.221983,-0.035141,0.186842
2026-09-22T04:01:00+00:00,prs,1.198,-0.032689,-0.216983,-0.036689,0.180294
2026-09-22T04:02:00+00:00,prs,1.185,-0.034233,-0.229983,-0.038233,0.19175
2026-09-22T04:03:00+00:00,prs,1.174,-0.035772,-0.240983,-0.039772,0.201211
2026-09-22T04:04:00+00:00,prs,1.185,-0.037306,-0.229983,-0.041306,0.188677
2026-09-22T04:05:00+00:00,prs,1.231,-0.038834,-0.183983,-0.042834,0.141149
2026-09-22T04:06:00+00:00,prs,1.218,-0.040358,-0.196983,-0.044358,0.152625
2026-09-22T04:07:00+00:00,prs,1.168,-0.041877,-0.246983,-0.045876,0.201106
2026-09-22T04:08:00+00:00,prs,1.206,-0.04339,-0.208983,-0.04739,0.161593
2026-09-22T04:09:00+00:00,prs,1.196,-0.044898,-0.218983,-0.048898,0.170085
2026-09-22T04:10:00+00:00,prs,1.182,-0.046401,-0.232983,-0.0504,0.182582
2026-09-22T04:11:00+00:00,prs,1.172,-0.047898,-0.242983,-0.051898,0.191085
2026-09-22T04:12:00+00:00,prs,1.172,-0.049389,-0.242983,-0.053389,0.189594
2026-09-22T04:13:00+00:00,prs,1.189,-0.050876,-0.225983,-0.054876,0.171107
2026-09-22T04:14:00+00:00,prs,1.185,-0.052356,-0.229983,-0.056356,0.173627
2026-09-22T04:15:00+00:00,prs,1.165,-0.053831,-0.249983,-0.057831,0.192152
2026-09-22T04:16:00+00:00,prs,1.165,-0.0553,-0.249983,-0.0593,0.190683
2026-09-22T04:17:00+00:00,prs,1.149,-0.056763,-0.265983,-0.060763,0.20522
2026-09-22T04:18:00+00:00,prs,1.155,-0.058221,-0.259983,-0.062221,0.197762
2026-09-22T04:19:00+00:00,prs,1.161,-0.059672,-0.253983,-0.063672,0.190311
2026-09-22T04:20:00+00:00,prs,1.141,-0.061118,-0.273983,-0.065118,0.208865
2026-09-22T04:21:00+00:00,prs,1.165,-0.062557,-0.249983,-0.066557,0.183426
2026-09-22T04:22:00+00:00,prs,1.153,-0.06399,-0.261983,-0.06799,0.193993
2026-09-22T04:23:00+00:00,prs,1.155,-0.065417,-0.259983,-0.069417,0.190566
2026-09-22T04:24:00+00:00,prs,1.187,-0.066838,-0.227983,-0.070838,0.157145
2026-09-22T04:25:00+00:00,prs,1.167,-0.068253,-0.247983,-0.072252,0.175731
2026-09-22T04:26:00+00:00,prs,1.195,-0.069661,-0.219983,-0.07366,0.146322
2026-09-22T04:27:00+00:00,prs,1.197,-0.071062,-0.217983,-0.075062,0.142921
2026-09-22T04:28:00+00:00,prs,1.173,-0.072457,-0.241983,-0.076457,0.165526
2026-09-22T04:29:00+00:00,prs,1.167,-0.073846,-0.247983,-0.077846,0.170137
2026-09-22T04:30:00+00:00,prs,1.166,-0.075228,-0.248983,-0.079228,0.169755
2026-09-22T04:31:00+00:00,prs,1.184,-0.076603,-0.230983,-0.080603,0.15038
2026-09-22T04:32:00+00:00,prs,1.153,-0.077972,-0.261983,-0.081972,0.180011
2026-09-22T04:33:00+00:00,prs,1.179,-0.079334,-0.235983,-0.083334,0.152649
2026-09-22T04:34:00+00:00,prs,1.172,-0.080689,-0.242983,-0.084689,0.158294
2026-09-22T04:35:00+00:00,prs,1.183,-0.082037,-0.231983,-0.086037,0.145946
2026-09-22T04:36:00+00:00,prs,1.173,-0.083378,-0.241983,-0.087378,0.154605
2026-09-22T04:37:00+00:00,prs,1.159,-0.084712,-0.255983,-0.088712,0.167271
2026-09-22T04:38:00+00:00,prs,1.154,-0.086039,-0.260983,-0.090039,0.170944
2026-09-22T04:39:00+00:00,prs,1.151,-0.087359,-0.263983,-0.091359,0.172624
2026-09-22T04:40:00+00:00,prs,1.155,-0.088672,-0.259983,-0.092672,0.167311
2026-09-22T04:41:00+00:00,prs,1.134,-0.089977,-0.280983,-0.093977,0.187006
2026-09-22T04:42:00+00:00,prs,1.145,-0.091276,-0.269983,-0.095276,0.174707
2026-09-22T04:43:00+00:00,prs,1.144,-0.092567,-0.270983,-0.096567,0.174416
2026-09-22T04:44:00+00:00,prs,1.155,-0.09385,-0.259983,-0.09785,0.162133
2026-09-22T04:45:00+00:00,prs,1.133,-0.095126,-0.281983,-0.099126,0.182857
2026-09-22T04:46:00+00:00,prs,1.148,-0.096395,-0.266983,-0.100395,0.166588
2026-09-22T04:47:00+00:00,prs,1.145,-0.097656,-0.269983,-0.101656,0.168327
2026-09-22T04:48:00+00:00,prs,1.141,-0.09891,-0.273983,-0.10291,0.171073
2026-09-22T04:49:00+00:00,prs,1.145,-0.100156,-0.269983,-0.104156,0.165827
2026-09-22T04:50:00+00:00,prs,1.16,-0.101395,-0.254983,-0.105395,0.149588
2026-09-22T04:51:00+00:00,prs,1.155,-0.102625,-0.259983,-0.106625,0.153358
2026-09-22T04:52:00+00:00,prs,1.183,-0.103848,-0.231983,-0.107848,0.124135
2026-09-22T04:53:00+00:00,prs,1.151,-0.105064,-0.263983,-0.109063,0.15492
2026-09-22T04:54:00+00:00,prs,1.153,-0.106271,-0.261983,-0.110271,0.151712
2026-09-22T04:55:00+00:00,prs,1.168,-0.10747,-0.246983,-0.11147,0.135513
2026-09-22T04:56:00+00:00,prs,1.144,-0.108662,-0.270983,-0.112662,0.158321
2026-09-22T04:57:00+00:00,prs,1.158,-0.109845,-0.256983,-0.113845,0.143138
2026-09-22T04:58:00+00:00,prs,1.158,-0.111021,-0.256983,-0.115021,0.141962
2026-09-22T04:59:00+00:00,prs,1.15,-0.112189,-0.264983,-0.116188,0.148795
2026-09-22T05:00:00+00:00,prs,1.1219999999999999,-0.113348,-0.292983,-0.117348,0.175635
2026-09-22T05:01:00+00:00,prs,1.126,-0.114499,-0.288983,-0.118499,0.170484
2026-09-22T05:02:00+00:00,prs,1.144,-0.115642,-0.270983,-0.119642,0.151341
2026-09-22T05:03:00+00:00,prs,1.137,-0.116777,-0.277983,-0.120777,0.157206
2026-09-22T05:04:00+00:00,prs,1.125,-0.117904,-0.289983,-0.121904,0.168079
2026-09-22T05:05:00+00:00,prs,1.138,-0.119022,-0.276983,-0.123022,0.153961
2026-09-22T05:06:00+00:00,prs,1.131,-0.120132,-0.283983,-0.124132,0.159851
2026-09-22T05:07:00+00:00,prs,1.142,-0.121234,-0.272983,-0.125234,0.147749
2026-09-22T05:08:00+00:00,prs,1.167,-0.122327,-0.247983,-0.126327,0.121656
2026-09-22T05:09:00+00:00,prs,1.15,-0.123412,-0.264983,-0.127412,0.137571
2026-09-22T05:10:00+00:00,prs,1.156,-0.124489,-0.258983,-0.128488,0.130494
2026-09-22T05:11:00+00:00,prs,1.148,-0.125556,-0.266983,-0.129556,0.137427
2026-09-22T05:12:00+00:00,prs,1.156,-0.126616,-0.258983,-0.130616,0.128367
2026-09-22T05:13:00+00:00,prs,1.171,-0.127667,-0.243983,-0.131667,0.112316
2026-09-22T05:14:00+00:00,prs,1.158,-0.128709,-0.256983,-0.132709,0.124274
2026-09-22T05:15:00+00:00,prs,1.157,-0.129742,-0.257983,-0.133742,0.124241
2026-09-22T05:16:00+00:00,prs,1.145,-0.130767,-0.269983,-0.134767,0.135216
2026-09-22T05:17:00+00:00,prs,1.158,-0.131783,-0.256983,-0.135783,0.1212
2026-09-22T05:18:00+00:00,prs,1.147,-0.132791,-0.267983,-0.136791,0.131192
2026-09-22T05:19:00+00:00,prs,1.1360000000000001,-0.13379,-0.278983,-0.13779,0.141193
2026-09-22T05:20:00+00:00,prs,1.135,-0.13478,-0.279983,-0.13878,0.141203
2026-09-22T05:21:00+00:00,prs,1.15,-0.135761,-0.264983,-0.139761,0.125222
2026-09-22T05:22:00+00:00,prs,1.135,-0.136733,-0.279983,-0.140733,0.13925
2026-09-22T05:23:00+00:00,prs,1.137,-0.137697,-0.277983,-0.141697,0.136286
2026-09-22T05:24:00+00:00,prs,1.138,-0.138651,-0.276983,-0.142651,0.134332
2026-09-22T05:25:00+00:00,prs,1.134,-0.139597,-0.280983,-0.143597,0.137386
2026-09-22T05:26:00+00:00,prs,1.167,-0.140534,-0.247983,-0.144533,0.103449
2026-09-22T05:27:00+00:00,prs,1.165,-0.141461,-0.249983,-0.145461,0.104522
2026-09-22T05:28:00+00:00,prs,1.176,-0.14238,-0.238983,-0.14638,0.092603
2026-09-22T05:29:00+00:00,prs,1.152,-0.14329,-0.262983,-0.14729,0.115693
2026-09-22T05:30:00+00:00,prs,1.186,-0.144191,-0.228983,-0.148191,0.080792
2026-09-22T05:31:00+00:00,prs,1.184,-0.145082,-0.230983,-0.149082,0.081901
2026-09-22T05:32:00+00:00,prs,1.184,-0.145965,-0.230983,-0.149965,0.081018
2026-09-22T05:33:00+00:00,prs,1.184,-0.146839,-0.230983,-0.150838,0.080145
2026-09-22T05:34:00+00:00,prs,1.188,-0.147703,-0.226983,-0.151703,0.07528
2026-09-22T05:35:00+00:00,prs,1.181,-0.148558,-0.233983,-0.152558,0.081425
2026-09-22T05:36:00+00:00,prs,1.192,-0.149404,-0.222983,-0.153404,0.069579
2026-09-22T05:37:00+00:00,prs,1.188,-0.150241,-0.226983,-0.154241,0.072742
2026-09-22T05:38:00+00:00,prs,1.186,-0.151069,-0.228983,-0.155069,0.073914
2026-09-22T05:39:00+00:00,prs,1.182,-0.151888,-0.232983,-0.155888,0.077095
2026-09-22T05:40:00+00:00,prs,1.127,-0.152697,-0.287983,-0.156697,0.131286
2026-09-22T05:41:00+00:00,prs,1.174,-0.153497,-0.240983,-0.157497,0.083486
2026-09-22T05:42:00+00:00,prs,1.171,-0.154288,-0.243983,-0.158288,0.085695
2026-09-22T05:43:00+00:00,prs,1.145,-0.15507,-0.269983,-0.15907,0.110913
2026-09-22T05:44:00+00:00,prs,1.159,-0.155842,-0.255983,-0.159842,0.096141
2026-09-22T05:45:00+00:00,prs,1.155,-0.156605,-0.259983,-0.160605,0.099378
2026-09-22T05:46:00+00:00,prs,1.175,-0.157359,-0.239983,-0.161359,0.078624
2026-09-22T05:47:00+00:00,prs,1.165,-0.158104,-0.249983,-0.162104,0.087879
2026-09-22T05:48:00+00:00,prs,1.185,-0.158839,-0.229983,-0.162839,0.067144
2026-09-22T05:49:00+00:00,prs,1.175,-0.159565,-0.239983,-0.163565,0.076418
2026-09-22T05:50:00+00:00,prs,1.193,-0.160282,-0.221983,-0.164281,0.057702
2026-09-22T05:51:00+00:00,prs,1.159,-0.160989,-0.255983,-0.164989,0.090994
2026-09-22T05:52:00+00:00,prs,1.179,-0.161687,-0.235983,-0.165687,0.070296
2026-09-22T05:53:00+00:00,prs,1.185,-0.162375,-0.229983,-0.166375,0.063608
2026-09-22T05:54:00+00:00,prs,1.189,-0.163054,-0.225983,-0.167054,0.058929
2026-09-22T05:55:00+00:00,prs,1.183,-0.163724,-0.231983,-0.167724,0.064259
2026-09-22T05:56:00+00:00,prs,1.189,-0.164385,-0.225983,-0.168384,0.057599
2026-09-22T05:57:00+00:00,prs,1.201,-0.165036,-0.213983,-0.169035,0.044947
2026-09-22T05:58:00+00:00,prs,1.185,-0.165677,-0.229983,-0.169677,0.060306
2026-09-22T05:59:00+00:00,prs,1.17,-0.166309,-0.244983,-0.170309,0.074674
2026-09-22T06:00:00+00:00,prs,1.191,-0.166932,-0.223983,-0.170932,0.053051
2026-09-22T06:01:00+00:00,prs,1.177,-0.167546,-0.237983,-0.171546,0.066437
2026-09-22T06:02:00+00:00,prs,1.199,-0.16815,-0.215983,-0.17215,0.043833
2026-09-22T06:03:00+00:00,prs,1.166,-0.168745,-0.248983,-0.172745,0.076238
2026-09-22T06:04:00+00:00,prs,1.178,-0.16933,-0.236983,-0.17333,0.063653
2026-09-22T06:05:00+00:00,prs,1.162,-0.169906,-0.252983,-0.173906,0.079077
2026-09-22T06:06:00+00:00,prs,1.169,-0.170473,-0.245983,-0.174473,0.07151
2026-09-22T06:07:00+00:00,prs,1.154,-0.17103,-0.260983,-0.17503,0.085953
2026-09-22T06:08:00+00:00,prs,1.158,-0.171578,-0.256983,-0.175577,0.081405
2026-09-22T06:09:00+00:00,prs,1.156,-0.172116,-0.258983,-0.176116,0.082867
2026-09-22T06:10:00+00:00,prs,1.144,-0.172645,-0.270983,-0.176645,0.094338
2026-09-22T06:11:00+00:00,prs,1.161,-0.173165,-0.253983,-0.177165,0.076818
2026-09-22T06:12:00+00:00,prs,1.177,-0.173675,-0.237983,-0.177675,0.060308
2026-09-22T06:13:00+00:00,prs,1.163,-0.174176,-0.251983,-0.178176,0.073807
2026-09-22T06:14:00+00:00,prs,1.173,-0.174668,-0.241983,-0.178667,0.063315
2026-09-22T06:15:00+00:00,prs,1.172,-0.17515,-0.242983,-0.17915,0.063833
2026-09-22T06:16:00+00:00,prs,1.184,-0.175623,-0.230983,-0.179623,0.05136
2026-09-22T06:17:00+00:00,prs,1.177,-0.176086,-0.237983,-0.180086,0.057897
2026-09-22T06:18:00+00:00,prs,1.175,-0.176541,-0.239983,-0.18054,0.059442
2026-09-22T06:19:00+00:00,prs,1.167,-0.176986,-0.247983,-0.180985,0.066998
2026-09-22T06:20:00+00:00,prs,1.178,-0.177421,-0.236983,-0.181421,0.055562
2026-09-22T06:21:00+00:00,prs,1.157,-0.177848,-0.257983,-0.181847,0.076136
2026-09-22T06:22:00+00:00,prs,1.182,-0.178265,-0.232983,-0.182265,0.050718
2026-09-22T06:23:00+00:00,prs,1.162,-0.178672,-0.252983,-0.182672,0.070311
2026-09-22T06:24:00+00:00,prs,1.18,-0.179071,-0.234983,-0.183071,0.051912
2026-09-22T06:25:00+00:00,prs,1.17,-0.17946,-0.244983,-0.18346,0.061523
2026-09-22T06:26:00+00:00,prs,1.176,-0.17984,-0.238983,-0.18384,0.055143
2026-09-22T06:27:00+00:00,prs,1.162,-0.180211,-0.252983,-0.184211,0.068772
2026-09-22T06:28:00+00:00,prs,1.166,-0.180573,-0.248983,-0.184573,0.06441
2026-09-22T06:29:00+00:00,prs,1.162,-0.180925,-0.252983,-0.184925,0.068058
2026-09-22T06:30:00+00:00,prs,1.174,-0.181269,-0.240983,-0.185269,0.055714
2026-09-22T06:31:00+00:00,prs,1.157,-0.181603,-0.257983,-0.185603,0.07238
2026-09-22T06:32:00+00:00,prs,1.206,-0.181928,-0.208983,-0.185928,0.023055
2026-09-22T06:33:00+00:00,prs,1.194,-0.182244,-0.220983,-0.186244,0.034739
2026-09-22T06:34:00+00:00,prs,1.225,-0.182551,-0.189983,-0.186551,0.003432
2026-09-22T06:35:00+00:00,prs,1.208,-0.182849,-0.206983,-0.186849,0.020134
2026-09-22T06:36:00+00:00,prs,1.184,-0.183137,-0.230983,-0.187137,0.043846
2026-09-22T06:37:00+00:00,prs,1.2,-0.183417,-0.214983,-0.187417,0.027566
2026-09-22T06:38:00+00:00,prs,1.146,-0.183688,-0.268983,-0.187688,0.081295
2026-09-22T06:39:00+00:00,prs,1.194,-0.18395,-0.220983,-0.187949,0.033033
2026-09-22T06:40:00+00:00,prs,1.16,-0.184202,-0.254983,-0.188202,0.066781
2026-09-22T06:41:00+00:00,prs,1.197,-0.184446,-0.217983,-0.188446,0.029537
2026-09-22T06:42:00+00:00,prs,1.187,-0.184681,-0.227983,-0.188681,0.039302
2026-09-22T06:43:00+00:00,prs,1.197,-0.184907,-0.217983,-0.188907,0.029076
2026-09-22T06:44:00+00:00,prs,1.183,-0.185124,-0.231983,-0.189124,0.042859
2026-09-22T06:45:00+00:00,prs,1.188,-0.185332,-0.226983,-0.189332,0.037651
2026-09-22T06:46:00+00:00,prs,1.195,-0.185532,-0.219983,-0.189532,0.030451
2026-09-22T06:47:00+00:00,prs,1.183,-0.185722,-0.231983,-0.189722,0.042261
2026-09-22T06:48:00+00:00,prs,1.192,-0.185904,-0.222983,-0.189904,0.033079
2026-09-22T06:49:00+00:00,prs,1.186,-0.186077,-0.228983,-0.190077,0.038906
2026-09-22T06:50:00+00:00,prs,1.194,-0.186242,-0.220983,-0.190242,0.030741
2026-09-22T06:51:00+00:00,prs,1.197,-0.186398,-0.217983,-0.190398,0.027585
2026-09-22T06:52:00+00:00,prs,1.164,-0.186545,-0.250983,-0.190545,0.060438
2026-09-22T06:53:00+00:00,prs,1.158,-0.186683,-0.256983,-0.190683,0.0663
2026-09-22T06:54:00+00:00,prs,1.218,-0.186813,-0.196983,-0.190813,0.00617
2026-09-22T06:55:00+00:00,prs,1.203,-0.186934,-0.211983,-0.190934,0.021049
2026-09-22T06:56:00+00:00,prs,1.198,-0.187047,-0.216983,-0.191047,0.025936
2026-09-22T06:57:00+00:00,prs,1.226,-0.187151,-0.188983,-0.191151,-0.002168
2026-09-22T06:58:00+00:00,prs,1.19,-0.187247,-0.224983,-0.191247,0.033736
2026-09-22T06:59:00+00:00,prs,1.21,-0.187335,-0.204983,-0.191334,0.013648
2026-09-22T07:00:00+00:00,prs,1.216,-0.187414,-0.198983,-0.191413,0.007569
2026-09-22T07:01:00+00:00,prs,1.197,-0.187484,-0.217983,-0.191484,0.026499
2026-09-22T07:02:00+00:00,prs,1.191,-0.187546,-0.223983,-0.191546,0.032437
2026-09-22T07:03:00+00:00,prs,1.187,-0.1876,-0.227983,-0.1916,0.036383
2026-09-22T07:04:00+00:00,prs,1.204,-0.187646,-0.210983,-0.191646,0.019337
2026-09-22T07:05:00+00:00,prs,1.195,-0.187684,-0.219983,-0.191684,0.028299
2026-09-22T07:06:00+00:00,prs,1.232,-0.187713,-0.182983,-0.191713,-0.00873
2026-09-22T07:07:00+00:00,prs,1.217,-0.187734,-0.197983,-0.191734,0.006249
2026-09-22T07:08:00+00:00,prs,1.203,-0.187747,-0.211983,-0.191747,0.020236
2026-09-22T07:09:00+00:00,prs,1.213,-0.187752,-0.201983,-0.191752,0.010231
2026-09-22T07:10:00+00:00,prs,1.223,-0.187749,-0.191983,-0.191749,0.000234
2026-09-22T07:11:00+00:00,prs,1.194,-0.187738,-0.220983,-0.191738,0.029245
2026-09-22T07:12:00+00:00,prs,1.192,-0.187719,-0.222983,-0.191719,0.031264
2026-09-22T07:13:00+00:00,prs,1.2,-0.187692,-0.214983,-0.191692,0.023291
2026-09-22T07:14:00+00:00,prs,1.218,-0.187657,-0.196983,-0.191657,0.005326
2026-09-22T07:15:00+00:00,prs,1.195,-0.187614,-0.219983,-0.191614,0.028369
2026-09-22T07:16:00+00:00,prs,1.234,-0.187564,-0.180983,-0.191564,-0.010581
2026-09-22T07:17:00+00:00,prs,1.227,-0.187506,-0.187983,-0.191505,-0.003523
2026-09-22T07:18:00+00:00,prs,1.196,-0.18744,-0.218983,-0.19144,0.027543
2026-09-22T07:19:00+00:00,prs,1.246,-0.187366,-0.168983,-0.191366,-0.022383
2026-09-22T07:20:00+00:00,prs,1.217,-0.187285,-0.197983,-0.191285,0.006698
2026-09-22T07:21:00+00:00,prs,1.267,-0.187196,-0.147983,-0.191196,-0.043213
2026-09-22T07:22:00+00:00,prs,1.2429999999999999,-0.1871,-0.171983,-0.191099,-0.019117
2026-09-22T07:23:00+00:00,prs,1.2610000000000001,-0.186996,-0.153983,-0.190996,-0.037013
2026-09-22T07:24:00+00:00,prs,1.303,-0.186884,-0.111983,-0.190884,-0.078901
2026-09-22T07:25:00+00:00,prs,1.203,-0.186766,-0.211983,-0.190766,0.021217
2026-09-22T07:26:00+00:00,prs,1.229,-0.18664,-0.185983,-0.190639,-0.004657
2026-09-22T07:27:00+00:00,prs,1.228,-0.186506,-0.186983,-0.190506,-0.003523
2026-09-22T07:28:00+00:00,prs,1.258,-0.186366,-0.156983,-0.190365,-0.033383
2026-09-22T07:29:00+00:00,prs,1.222,-0.186218,-0.192983,-0.190218,0.002765
2026-09-22T07:30:00+00:00,prs,1.19,-0.186063,-0.224983,-0.190063,0.03492
2026-09-22T07:31:00+00:00,prs,1.188,-0.1859,-0.226983,-0.1899,0.037083
2026-09-22T07:33:00+00:00,prs,1.244,-0.185555,-0.170983,-0.189555,-0.018572
2026-09-22T07:34:00+00:00,prs,1.229,-0.185372,-0.185983,-0.189372,-0.003389
2026-09-22T07:35:00+00:00,prs,1.227,-0.185182,-0.187983,-0.189181,-0.001198
2026-09-22T07:36:00+00:00,prs,1.251,-0.184984,-0.163983,-0.188984,-0.025001
2026-09-22T07:37:00+00:00,prs,1.24,-0.184781,-0.174983,-0.188781,-0.013798
2026-09-22T07:38:00+00:00,prs,1.234,-0.18457,-0.180983,-0.18857,-0.007587
2026-09-22T07:39:00+00:00,prs,1.268,-0.184353,-0.146983,-0.188352,-0.04137
2026-09-22T07:40:00+00:00,prs,1.249,-0.184129,-0.165983,-0.188128,-0.022145
2026-09-22T07:41:00+00:00,prs,1.268,-0.183898,-0.146983,-0.187898,-0.040915
2026-09-22T07:42:00+00:00,prs,1.282,-0.183661,-0.132983,-0.187661,-0.054678
2026-09-22T07:43:00+00:00,prs,1.231,-0.183417,-0.183983,-0.187417,-0.003434
2026-09-22T07:44:00+00:00,prs,1.303,-0.183167,-0.111983,-0.187167,-0.075184
2026-09-22T07:45:00+00:00,prs,1.237,-0.18291,-0.177983,-0.18691,-0.008927
2026-09-22T07:46:00+00:00,prs,1.242,-0.182647,-0.172983,-0.186647,-0.013664
2026-09-22T07:47:00+00:00,prs,1.157,-0.182378,-0.257983,-0.186378,0.071605
2026-09-22T07:48:00+00:00,prs,1.195,-0.182102,-0.219983,-0.186102,0.033881
2026-09-22T07:49:00+00:00,prs,1.2530000000000001,-0.18182,-0.161983,-0.18582,-0.023837
2026-09-22T07:50:00+00:00,prs,1.252,-0.181533,-0.162983,-0.185532,-0.02255
2026-09-22T07:51:00+00:00,prs,1.254,-0.181239,-0.160983,-0.185238,-0.024256
2026-09-22T07:52:00+00:00,prs,1.207,-0.180939,-0.207983,-0.184938,0.023044
2026-09-22T07:53:00+00:00,prs,1.2429999999999999,-0.180633,-0.171983,-0.184633,-0.01265
2026-09-22T07:54:00+00:00,prs,1.165,-0.180321,-0.249983,-0.184321,0.065662
2026-09-22T07:55:00+00:00,prs,1.242,-0.180003,-0.172983,-0.184003,-0.01102
2026-09-22T07:56:00+00:00,prs,1.211,-0.179679,-0.203983,-0.183679,0.020304
2026-09-22T07:57:00+00:00,prs,1.201,-0.17935,-0.213983,-0.18335,0.030633
2026-09-22T07:58:00+00:00,prs,1.317,-0.179015,-0.097983,-0.183015,-0.085032
2026-09-22T07:59:00+00:00,prs,1.2530000000000001,-0.178675,-0.161983,-0.182674,-0.020692
2026-09-22T08:00:00+00:00,prs,1.109,-0.178328,-0.305983,-0.182328,0.123655
2026-09-22T08:01:00+00:00,prs,1.263,-0.177977,-0.151983,-0.181977,-0.029994
2026-09-22T08:02:00+00:00,prs,1.241,-0.177619,-0.173983,-0.181619,-0.007636
2026-09-22T08:03:00+00:00,prs,1.252,-0.177257,-0.162983,-0.181257,-0.018274
2026-09-22T08:04:00+00:00,prs,1.232,-0.176889,-0.182983,-0.180889,0.002094
2026-09-22T08:05:00+00:00,prs,1.171,-0.176516,-0.243983,-0.180516,0.063467
2026-09-22T08:06:00+00:00,prs,1.218,-0.176137,-0.196983,-0.180137,0.016846
2026-09-22T08:07:00+00:00,prs,1.1,-0.175754,-0.314983,-0.179754,0.135229
2026-09-22T08:08:00+00:00,prs,1.236,-0.175365,-0.178983,-0.179365,-0.000382
2026-09-22T08:09:00+00:00,prs,1.084,-0.174971,-0.330983,-0.178971,0.152012
2026-09-22T08:10:00+00:00,prs,1.292,-0.174573,-0.122983,-0.178573,-0.05559
2026-09-22T08:11:00+00:00,prs,1.2530000000000001,-0.174169,-0.161983,-0.178169,-0.016186
2026-09-22T08:12:00+00:00,prs,1.165,-0.173761,-0.249983,-0.17776,0.072222
2026-09-22T08:13:00+00:00,prs,1.27,-0.173347,-0.144983,-0.177347,-0.032364
2026-09-22T08:14:00+00:00,prs,1.2730000000000001,-0.172929,-0.141983,-0.176929,-0.034946
2026-09-22T08:15:00+00:00,prs,1.159,-0.172507,-0.255983,-0.176506,0.079476
2026-09-22T08:16:00+00:00,prs,1.213,-0.172079,-0.201983,-0.176079,0.025904
2026-09-22T08:17:00+00:00,prs,1.174,-0.171647,-0.240983,-0.175647,0.065336
2026-09-22T08:18:00+00:00,prs,1.217,-0.171211,-0.197983,-0.175211,0.022772
2026-09-22T08:19:00+00:00,prs,1.293,-0.17077,-0.121983,-0.17477,-0.052787
2026-09-22T08:20:00+00:00,prs,1.2349999999999999,-0.170325,-0.179983,-0.174325,0.005658
2026-09-22T08:21:00+00:00,prs,1.204,-0.169876,-0.210983,-0.173875,0.037108
2026-09-22T08:22:00+00:00,prs,1.223,-0.169422,-0.191983,-0.173422,0.018561
2026-09-22T08:23:00+00:00,prs,1.2690000000000001,-0.168964,-0.145983,-0.172964,-0.026981
2026-09-22T08:24:00+00:00,prs,1.175,-0.168502,-0.239983,-0.172502,0.067481
2026-09-22T08:25:00+00:00,prs,1.185,-0.168036,-0.229983,-0.172036,0.057947
2026-09-22T08:26:00+00:00,prs,1.381,-0.167566,-0.033983,-0.171566,-0.137583
2026-09-22T08:27:00+00:00,prs,1.303,-0.167092,-0.111983,-0.171092,-0.059109
2026-09-22T08:28:00+00:00,prs,1.27,-0.166614,-0.144983,-0.170614,-0.025631
2026-09-22T08:29:00+00:00,prs,1.286,-0.166132,-0.128983,-0.170132,-0.041149
2026-09-22T08:30:00+00:00,prs,1.3519999999999999,-0.165647,-0.062983,-0.169647,-0.106664
2026-09-22T08:31:00+00:00,prs,1.295,-0.165158,-0.119983,-0.169158,-0.049175
2026-09-22T08:32:00+00:00,prs,1.3639999999999999,-0.164665,-0.050983,-0.168665,-0.117682
2026-09-22T08:33:00+00:00,prs,1.297,-0.164169,-0.117983,-0.168169,-0.050186
2026-09-22T08:34:00+00:00,prs,1.278,-0.163669,-0.136983,-0.167669,-0.030686
2026-09-22T08:35:00+00:00,prs,1.321,-0.163166,-0.093983,-0.167166,-0.073183
2026-09-22T08:36:00+00:00,prs,1.111,-0.162659,-0.303983,-0.166659,0.137324
2026-09-22T08:37:00+00:00,prs,1.16,-0.16215,-0.254983,-0.16615,0.088833
2026-09-22T08:38:00+00:00,prs,1.321,-0.161637,-0.093983,-0.165637,-0.071654
2026-09-22T08:39:00+00:00,prs,1.349,-0.161121,-0.065983,-0.16512,-0.099138
2026-09-22T08:40:00+00:00,prs,1.3439999999999999,-0.160601,-0.070983,-0.164601,-0.093618
2026-09-22T08:41:00+00:00,prs,1.186,-0.160079,-0.228983,-0.164079,0.064904
2026-09-22T08:42:00+00:00,prs,1.195,-0.159554,-0.219983,-0.163554,0.056429
2026-09-22T08:43:00+00:00,prs,1.241,-0.159026,-0.173983,-0.163026,0.010957
2026-09-22T08:44:00+00:00,prs,1.117,-0.158495,-0.297983,-0.162495,0.135488
2026-09-22T08:45:00+00:00,prs,1.127,-0.157961,-0.287983,-0.161961,0.126022
2026-09-22T08:46:00+00:00,prs,1.26,-0.157424,-0.154983,-0.161424,-0.006441
2026-09-22T08:47:00+00:00,prs,1.342,-0.156885,-0.072983,-0.160885,-0.087902
2026-09-22T08:48:00+00:00,prs,1.291,-0.156344,-0.123983,-0.160343,-0.036361
2026-09-22T08:49:00+00:00,prs,1.314,-0.155799,-0.100983,-0.159799,-0.058816
2026-09-22T08:50:00+00:00,prs,1.2469999999999999,-0.155253,-0.167983,-0.159253,0.00873
2026-09-22T08:51:00+00:00,prs,1.244,-0.154704,-0.170983,-0.158704,0.012279
2026-09-22T08:52:00+00:00,prs,1.147,-0.154152,-0.267983,-0.158152,0.109831
2026-09-22T08:53:00+00:00,prs,1.192,-0.153599,-0.222983,-0.157599,0.065384
2026-09-22T08:54:00+00:00,prs,1.179,-0.153043,-0.235983,-0.157043,0.07894
2026-09-22T08:55:00+00:00,prs,1.223,-0.152485,-0.191983,-0.156485,0.035498
2026-09-22T08:56:00+00:00,prs,1.331,-0.151925,-0.083983,-0.155925,-0.071942
2026-09-22T08:57:00+00:00,prs,1.365,-0.151363,-0.049983,-0.155363,-0.10538
2026-09-22T08:58:00+00:00,prs,1.2570000000000001,-0.150799,-0.157983,-0.154799,0.003184
2026-09-22T08:59:00+00:00,prs,1.246,-0.150233,-0.168983,-0.154233,0.01475
2026-09-22T09:00:00+00:00,prs,1.342,-0.149666,-0.072983,-0.153666,-0.080683
2026-09-22T09:01:00+00:00,prs,1.221,-0.149097,-0.193983,-0.153097,0.040886
2026-09-22T09:02:00+00:00,prs,1.337,-0.148526,-0.077983,-0.152526,-0.074543
2026-09-22T09:03:00+00:00,prs,1.163,-0.147953,-0.251983,-0.151953,0.10003
2026-09-22T09:04:00+00:00,prs,1.25,-0.147379,-0.164983,-0.151379,0.013604
2026-09-22T09:05:00+00:00,prs,1.224,-0.146803,-0.190983,-0.150803,0.04018
2026-09-22T09:06:00+00:00,prs,1.363,-0.146226,-0.051983,-0.150226,-0.098243
2026-09-22T09:07:00+00:00,prs,1.381,-0.145648,-0.033983,-0.149648,-0.115665
2026-09-22T09:08:00+00:00,prs,1.212,-0.145068,-0.202983,-0.149068,0.053915
2026-09-22T09:09:00+00:00,prs,1.177,-0.144488,-0.237983,-0.148488,0.089495
2026-09-22T09:10:00+00:00,prs,1.222,-0.143906,-0.192983,-0.147906,0.045077
2026-09-22T09:11:00+00:00,prs,1.276,-0.143323,-0.138983,-0.147322,-0.00834
2026-09-22T09:12:00+00:00,prs,1.209,-0.142738,-0.205983,-0.146738,0.059245
2026-09-22T09:13:00+00:00,prs,1.238,-0.142153,-0.176983,-0.146153,0.03083
2026-09-22T09:14:00+00:00,prs,1.43,-0.141567,0.015017,-0.145567,-0.160584
2026-09-22T09:15:00+00:00,prs,1.371,-0.140981,-0.043983,-0.144981,-0.100998
2026-09-22T09:16:00+00:00,prs,1.155,-0.140393,-0.259983,-0.144393,0.11559
2026-09-22T09:17:00+00:00,prs,1.3780000000000001,-0.139805,-0.036983,-0.143805,-0.106822
2026-09-22T09:18:00+00:00,prs,1.254,-0.139216,-0.160983,-0.143216,0.017767
2026-09-22T09:19:00+00:00,prs,1.254,-0.138626,-0.160983,-0.142626,0.018357
2026-09-22T09:20:00+00:00,prs,1.31,-0.138036,-0.104983,-0.142036,-0.037053
2026-09-22T09:21:00+00:00,prs,1.324,-0.137446,-0.090983,-0.141446,-0.050463
2026-09-22T09:22:00+00:00,prs,1.249,-0.136855,-0.165983,-0.140855,0.025128
2026-09-22T09:23:00+00:00,prs,1.2469999999999999,-0.136264,-0.167983,-0.140264,0.027719
2026-09-22T09:24:00+00:00,prs,1.414,-0.135672,-0.000983,-0.139672,-0.138689
2026-09-22T09:25:00+00:00,prs,1.2570000000000001,-0.135081,-0.157983,-0.139081,0.018902
2026-09-22T09:26:00+00:00,prs,1.294,-0.134489,-0.120983,-0.138489,-0.017506
2026-09-22T09:27:00+00:00,prs,1.208,-0.133897,-0.206983,-0.137897,0.069086
2026-09-22T09:28:00+00:00,prs,1.379,-0.133305,-0.035983,-0.137305,-0.101322
2026-09-22T09:29:00+00:00,prs,1.32,-0.132713,-0.094983,-0.136713,-0.04173
2026-09-22T09:30:00+00:00,prs,1.197,-0.132121,-0.217983,-0.136121,0.081862
2026-09-22T09:31:00+00:00,prs,1.216,-0.13153,-0.198983,-0.13553,0.063453
2026-09-22T09:32:00+00:00,prs,1.3439999999999999,-0.130938,-0.070983,-0.134938,-0.063955
2026-09-22T09:33:00+00:00,prs,1.3439999999999999,-0.130347,-0.070983,-0.134347,-0.063364
2026-09-22T09:34:00+00:00,prs,1.217,-0.129757,-0.197983,-0.133756,0.064226
2026-09-22T09:35:00+00:00,prs,1.338,-0.129166,-0.076983,-0.133166,-0.056183
2026-09-22T09:36:00+00:00,prs,1.282,-0.128576,-0.132983,-0.132576,0.000407
2026-09-22T09:37:00+00:00,prs,1.334,-0.127987,-0.080983,-0.131987,-0.051004
2026-09-22T09:38:00+00:00,prs,1.221,-0.127398,-0.193983,-0.131398,0.062585
2026-09-22T09:39:00+00:00,prs,1.375,-0.12681,-0.039983,-0.13081,-0.090827
2026-09-22T09:40:00+00:00,prs,1.103,-0.126223,-0.311983,-0.130223,0.18176
2026-09-22T09:41:00+00:00,prs,1.223,-0.125636,-0.191983,-0.129636,0.062347
2026-09-22T09:42:00+00:00,prs,1.417,-0.12505,0.002017,-0.12905,-0.131067
2026-09-22T09:43:00+00:00,prs,1.244,-0.124465,-0.170983,-0.128465,0.042518
2026-09-22T09:44:00+00:00,prs,1.404,-0.123881,-0.010983,-0.127881,-0.116898
2026-09-22T09:45:00+00:00,prs,1.279,-0.123298,-0.135983,-0.127298,0.008685
2026-09-22T09:46:00+00:00,prs,1.263,-0.122716,-0.151983,-0.126716,0.025267
2026-09-22T09:47:00+00:00,prs,1.254,-0.122135,-0.160983,-0.126135,0.034848
2026-09-22T09:48:00+00:00,prs,1.28,-0.121555,-0.134983,-0.125555,0.009428
2026-09-22T09:49:00+00:00,prs,1.211,-0.120977,-0.203983,-0.124977,0.079006
2026-09-22T09:50:00+00:00,prs,1.324,-0.1204,-0.090983,-0.1244,-0.033417
2026-09-22T09:51:00+00:00,prs,1.3,-0.119824,-0.114983,-0.123824,-0.008841
2026-09-22T09:52:00+00:00,prs,1.379,-0.119249,-0.035983,-0.123249,-0.087266
2026-09-22T09:53:00+00:00,prs,1.3439999999999999,-0.118676,-0.070983,-0.122676,-0.051693
2026-09-22T09:54:00+00:00,prs,1.494,-0.118105,0.079017,-0.122105,-0.201122
2026-09-22T09:55:00+00:00,prs,1.317,-0.117535,-0.097983,-0.121535,-0.023552
2026-09-22T09:56:00+00:00,prs,1.381,-0.116967,-0.033983,-0.120966,-0.086983
2026-09-22T09:57:00+00:00,prs,1.178,-0.1164,-0.236983,-0.1204,0.116583
2026-09-22T09:58:00+00:00,prs,1.384,-0.115835,-0.030983,-0.119835,-0.088852
2026-09-22T09:59:00+00:00,prs,1.435,-0.115272,0.020017,-0.119272,-0.139289
2026-09-22T10:00:00+00:00,prs,1.295,-0.11471,-0.119983,-0.11871,0.001273
2026-09-22T10:01:00+00:00,prs,1.393,-0.114151,-0.021983,-0.118151,-0.096168
2026-09-22T10:02:00+00:00,prs,1.248,-0.113593,-0.166983,-0.117593,0.04939
2026-09-22T10:03:00+00:00,prs,1.419,-0.113038,0.004017,-0.117038,-0.121055
2026-09-22T10:04:00+00:00,prs,1.338,-0.112484,-0.076983,-0.116484,-0.039501
2026-09-22T10:05:00+00:00,prs,1.262,-0.111933,-0.152983,-0.115933,0.03705
2026-09-22T10:06:00+00:00,prs,1.234,-0.111383,-0.180983,-0.115383,0.0656
2026-09-22T10:07:00+00:00,prs,1.408,-0.110836,-0.006983,-0.114836,-0.107853
2026-09-22T10:08:00+00:00,prs,1.311,-0.110291,-0.103983,-0.114291,-0.010308
2026-09-22T10:09:00+00:00,prs,1.262,-0.109749,-0.152983,-0.113749,0.039234
2026-09-22T10:10:00+00:00,prs,1.256,-0.109208,-0.158983,-0.113208,0.045775
2026-09-22T10:11:00+00:00,prs,1.421,-0.108671,0.006017,-0.11267,-0.118688
2026-09-22T10:12:00+00:00,prs,1.359,-0.108135,-0.055983,-0.112135,-0.056152
2026-09-22T10:13:00+00:00,prs,1.335,-0.107602,-0.079983,-0.111602,-0.031619
2026-09-22T10:14:00+00:00,prs,1.319,-0.107072,-0.095983,-0.111072,-0.015089
2026-09-22T10:15:00+00:00,prs,1.262,-0.106544,-0.152983,-0.110544,0.042439
2026-09-22T10:16:00+00:00,prs,1.291,-0.106019,-0.123983,-0.110019,0.013964
2026-09-22T10:17:00+00:00,prs,1.321,-0.105496,-0.093983,-0.109496,-0.015513
2026-09-22T10:18:00+00:00,prs,1.275,-0.104977,-0.139983,-0.108976,0.031006
2026-09-22T10:19:00+00:00,prs,1.188,-0.10446,-0.226983,-0.108459,0.118523
2026-09-22T10:20:00+00:00,prs,1.2469999999999999,-0.103945,-0.167983,-0.107945,0.060038
2026-09-22T10:21:00+00:00,prs,1.285,-0.103434,-0.129983,-0.107434,0.022549
2026-09-22T10:22:00+00:00,prs,1.251,-0.102926,-0.163983,-0.106926,0.057057
2026-09-22T10:23:00+00:00,prs,1.3780000000000001,-0.10242,-0.036983,-0.10642,-0.069437
2026-09-22T10:24:00+00:00,prs,1.439,-0.101918,0.024017,-0.105918,-0.129935
2026-09-22T10:25:00+00:00,prs,1.317,-0.101418,-0.097983,-0.105418,-0.007435
2026-09-22T10:26:00+00:00,prs,1.383,-0.100922,-0.031983,-0.104922,-0.072939
2026-09-22T10:27:00+00:00,prs,1.331,-0.100429,-0.083983,-0.104429,-0.020446
2026-09-22T10:28:00+00:00,prs,1.449,-0.099939,0.034017,-0.103939,-0.137956
2026-09-22T10:29:00+00:00,prs,1.204,-0.099452,-0.210983,-0.103452,0.107531
2026-09-22T10:30:00+00:00,prs,1.365,-0.098968,-0.049983,-0.102968,-0.052985
2026-09-22T10:31:00+00:00,prs,1.335,-0.098488,-0.079983,-0.102488,-0.022505
2026-09-22T10:32:00+00:00,prs,1.317,-0.098011,-0.097983,-0.102011,-0.004028
2026-09-22T10:33:00+00:00,prs,1.066,-0.097538,-0.348983,-0.101538,0.247445
2026-09-22T10:34:00+00:00,prs,1.407,-0.097068,-0.007983,-0.101067,-0.093085
2026-09-22T10:35:00+00:00,prs,1.419,-0.096601,0.004017,-0.100601,-0.104618
2026-09-22T10:36:00+00:00,prs,1.153,-0.096138,-0.261983,-0.100138,0.161845
2026-09-22T10:37:00+00:00,prs,1.323,-0.095678,-0.091983,-0.099678,-0.007695
2026-09-22T10:38:00+00:00,prs,1.328,-0.095222,-0.086983,-0.099222,-0.012239
2026-09-22T10:39:00+00:00,prs,1.411,-0.09477,-0.003983,-0.098769,-0.094787
2026-09-22T10:40:00+00:00,prs,1.303,-0.094321,-0.111983,-0.098321,0.013662
2026-09-22T10:41:00+00:00,prs,1.2810000000000001,-0.093876,-0.133983,-0.097876,0.036107
2026-09-22T10:42:00+00:00,prs,1.2650000000000001,-0.093434,-0.149983,-0.097434,0.052549
2026-09-22T10:43:00+00:00,prs,1.43,-0.092997,0.015017,-0.096996,-0.112014
2026-09-22T10:44:00+00:00,prs,1.333,-0.092563,-0.081983,-0.096563,-0.01458
2026-09-22T10:45:00+00:00,prs,1.367,-0.092133,-0.047983,-0.096133,-0.04815
2026-09-22T10:46:00+00:00,prs,1.282,-0.091706,-0.132983,-0.095706,0.037277
2026-09-22T10:48:00+00:00,prs,1.349,-0.090866,-0.065983,-0.094866,-0.028883
2026-09-22T10:49:00+00:00,prs,1.362,-0.090451,-0.052983,-0.094451,-0.041468
2026-09-22T10:50:00+00:00,prs,1.403,-0.090041,-0.011983,-0.094041,-0.082058
2026-09-22T10:51:00+00:00,prs,1.226,-0.089635,-0.188983,-0.093635,0.095348
2026-09-22T10:52:00+00:00,prs,1.167,-0.089232,-0.247983,-0.093232,0.154751
2026-09-22T10:53:00+00:00,prs,1.42,-0.088834,0.005017,-0.092834,-0.097851
2026-09-22T10:54:00+00:00,prs,1.3780000000000001,-0.08844,-0.036983,-0.09244,-0.055457
2026-09-22T10:55:00+00:00,prs,1.422,-0.08805,0.007017,-0.09205,-0.099067
2026-09-22T10:56:00+00:00,prs,1.289,-0.087664,-0.125983,-0.091664,0.034319
2026-09-22T10:57:00+00:00,prs,1.447,-0.087283,0.032017,-0.091283,-0.1233
2026-09-22T10:58:00+00:00,prs,1.3639999999999999,-0.086905,-0.050983,-0.090905,-0.039922
2026-09-22T10:59:00+00:00,prs,1.255,-0.086532,-0.159983,-0.090532,0.069451
2026-09-22T11:00:00+00:00,prs,1.244,-0.086163,-0.170983,-0.090163,0.08082
2026-09-22T11:01:00+00:00,prs,1.341,-0.085799,-0.073983,-0.089799,-0.015816
2026-09-22T11:02:00+00:00,prs,1.263,-0.085439,-0.151983,-0.089439,0.062544
2026-09-22T11:03:00+00:00,prs,1.341,-0.085083,-0.073983,-0.089083,-0.0151
2026-09-22T11:04:00+00:00,prs,1.263,-0.084732,-0.151983,-0.088731,0.063252
2026-09-22T11:05:00+00:00,prs,1.424,-0.084385,0.009017,-0.088384,-0.097402
2026-09-22T11:06:00+00:00,prs,1.3439999999999999,-0.084042,-0.070983,-0.088042,-0.017059
2026-09-22T11:07:00+00:00,prs,1.327,-0.083704,-0.087983,-0.087704,0.000279
2026-09-22T11:08:00+00:00,prs,1.346,-0.08337,-0.068983,-0.08737,-0.018387
2026-09-22T11:09:00+00:00,prs,1.301,-0.083041,-0.113983,-0.087041,0.026942
2026-09-22T11:10:00+00:00,prs,1.255,-0.082717,-0.159983,-0.086717,0.073266
2026-09-22T11:11:00+00:00,prs,1.324,-0.082397,-0.090983,-0.086397,0.004586
2026-09-22T11:12:00+00:00,prs,1.322,-0.082081,-0.092983,-0.086081,0.006902
2026-09-22T11:13:00+00:00,prs,1.389,-0.08177,-0.025983,-0.08577,-0.059787
2026-09-22T11:14:00+00:00,prs,1.3719999999999999,-0.081464,-0.042983,-0.085464,-0.042481
2026-09-22T11:15:00+00:00,prs,1.376,-0.081163,-0.038983,-0.085163,-0.04618
2026-09-22T11:16:00+00:00,prs,1.22,-0.080866,-0.194983,-0.084866,0.110117
2026-09-22T11:17:00+00:00,prs,1.367,-0.080573,-0.047983,-0.084573,-0.03659
2026-09-22T11:18:00+00:00,prs,1.45,-0.080286,0.035017,-0.084286,-0.119303
2026-09-22T11:19:00+00:00,prs,1.396,-0.080003,-0.018983,-0.084003,-0.06502
2026-09-22T11:20:00+00:00,prs,1.391,-0.079725,-0.023983,-0.083725,-0.059742
2026-09-22T11:21:00+00:00,prs,1.4060000000000001,-0.079451,-0.008983,-0.083451,-0.074468
2026-09-22T11:22:00+00:00,prs,1.331,-0.079183,-0.083983,-0.083183,0.0008
2026-09-22T11:23:00+00:00,prs,1.346,-0.078919,-0.068983,-0.082919,-0.013936
2026-09-22T11:24:00+00:00,prs,1.34,-0.07866,-0.074983,-0.08266,-0.007677
2026-09-22T11:25:00+00:00,prs,1.28,-0.078405,-0.134983,-0.082405,0.052578
2026-09-22T11:26:00+00:00,prs,1.388,-0.078156,-0.026983,-0.082156,-0.055173
2026-09-22T11:27:00+00:00,prs,1.2810000000000001,-0.077911,-0.133983,-0.081911,0.052072
2026-09-22T11:28:00+00:00,prs,1.381,-0.077671,-0.033983,-0.081671,-0.047688
2026-09-22T11:29:00+00:00,prs,1.3719999999999999,-0.077436,-0.042983,-0.081436,-0.038453
2026-09-22T11:30:00+00:00,prs,1.324,-0.077206,-0.090983,-0.081206,0.009777
2026-09-22T11:31:00+00:00,prs,1.362,-0.076981,-0.052983,-0.080981,-0.027998
2026-09-22T11:32:00+00:00,prs,1.303,-0.076761,-0.111983,-0.080761,0.031222
2026-09-22T11:33:00+00:00,prs,1.233,-0.076545,-0.181983,-0.080545,0.101438
2026-09-22T11:34:00+00:00,prs,1.351,-0.076335,-0.063983,-0.080334,-0.016352
2026-09-22T11:35:00+00:00,prs,1.322,-0.076129,-0.092983,-0.080129,0.012854
2026-09-22T11:36:00+00:00,prs,1.232,-0.075928,-0.182983,-0.079928,0.103055
2026-09-22T11:37:00+00:00,prs,1.395,-0.075732,-0.019983,-0.079732,-0.059749
2026-09-22T11:38:00+00:00,prs,1.328,-0.075541,-0.086983,-0.079541,0.007442
2026-09-22T11:39:00+00:00,prs,1.366,-0.075355,-0.048983,-0.079355,-0.030372
2026-09-22T11:40:00+00:00,prs,1.401,-0.075174,-0.013983,-0.079174,-0.065191
2026-09-22T11:41:00+00:00,prs,1.366,-0.074998,-0.048983,-0.078998,-0.030015
2026-09-22T11:42:00+00:00,prs,1.204,-0.074827,-0.210983,-0.078827,0.132156
2026-09-22T11:43:00+00:00,prs,1.371,-0.07466,-0.043983,-0.07866,-0.034677
2026-09-22T11:44:00+00:00,prs,1.334,-0.074499,-0.080983,-0.078499,0.002484
2026-09-22T11:45:00+00:00,prs,1.337,-0.074343,-0.077983,-0.078343,-0.00036
2026-09-22T11:46:00+00:00,prs,1.2389999999999999,-0.074191,-0.175983,-0.078191,0.097792
2026-09-22T11:47:00+00:00,prs,1.335,-0.074045,-0.079983,-0.078045,0.001938
2026-09-22T11:48:00+00:00,prs,1.4809999999999999,-0.073903,0.066017,-0.077903,-0.14392
2026-09-22T11:49:00+00:00,prs,1.349,-0.073767,-0.065983,-0.077767,-0.011784
2026-09-22T11:50:00+00:00,prs,1.336,-0.073635,-0.078983,-0.077635,0.001348
2026-09-22T11:51:00+00:00,prs,1.268,-0.073509,-0.146983,-0.077509,0.069474
2026-09-22T11:52:00+00:00,prs,1.296,-0.073387,-0.118983,-0.077387,0.041596
2026-09-22T11:53:00+00:00,prs,1.351,-0.07327,-0.063983,-0.07727,-0.013287
2026-09-22T11:54:00+00:00,prs,1.41,-0.073159,-0.004983,-0.077159,-0.072176
2026-09-22T11:55:00+00:00,prs,1.248,-0.073052,-0.166983,-0.077052,0.089931
2026-09-22T11:56:00+00:00,prs,1.25,-0.07295,-0.164983,-0.07695,0.088033
2026-09-22T11:57:00+00:00,prs,1.3820000000000001,-0.072853,-0.032983,-0.076853,-0.04387
2026-09-22T11:58:00+00:00,prs,1.337,-0.072761,-0.077983,-0.076761,0.001222
2026-09-22T11:59:00+00:00,prs,1.2810000000000001,-0.072674,-0.133983,-0.076674,0.057309
2026-09-22T12:00:00+00:00,prs,1.3439999999999999,-0.072592,-0.070983,-0.076592,-0.005609
2026-09-22T12:01:00+00:00,prs,1.278,-0.072515,-0.136983,-0.076515,0.060468
2026-09-22T12:02:00+00:00,prs,1.342,-0.072443,-0.072983,-0.076443,-0.00346
2026-09-22T12:03:00+00:00,prs,1.2389999999999999,-0.072375,-0.175983,-0.076375,0.099608
2026-09-22T12:04:00+00:00,prs,1.332,-0.072313,-0.082983,-0.076313,0.00667
2026-09-22T12:05:00+00:00,prs,1.425,-0.072255,0.010017,-0.076255,-0.086272
2026-09-22T12:06:00+00:00,prs,1.405,-0.072203,-0.009983,-0.076203,-0.06622
2026-09-22T12:07:00+00:00,prs,1.407,-0.072155,-0.007983,-0.076155,-0.068172
2026-09-22T12:08:00+00:00,prs,1.377,-0.072112,-0.037983,-0.076112,-0.038129
2026-09-22T12:09:00+00:00,prs,1.396,-0.072074,-0.018983,-0.076074,-0.057091
2026-09-22T12:10:00+00:00,prs,1.192,-0.072041,-0.222983,-0.07604,0.146942
2026-09-22T12:11:00+00:00,prs,1.385,-0.072012,-0.029983,-0.076012,-0.046029
2026-09-22T12:12:00+00:00,prs,1.339,-0.071988,-0.075983,-0.075988,-5e-06
2026-09-22T12:13:00+00:00,prs,1.297,-0.07197,-0.117983,-0.07597,0.042013
2026-09-22T12:14:00+00:00,prs,1.3980000000000001,-0.071956,-0.016983,-0.075956,-0.058973
2026-09-22T12:15:00+00:00,prs,1.279,-0.071946,-0.135983,-0.075946,0.060037
2026-09-22T12:16:00+00:00,prs,1.419,-0.071942,0.004017,-0.075942,-0.079959
2026-09-22T12:17:00+00:00,prs,1.347,-0.071942,-0.067983,-0.075942,-0.007959
2026-09-22T12:18:00+00:00,prs,1.272,-0.071947,-0.142983,-0.075947,0.067036
2026-09-22T12:19:00+00:00,prs,1.327,-0.071957,-0.087983,-0.075957,0.012026
2026-09-22T12:20:00+00:00,prs,1.354,-0.071971,-0.060983,-0.075971,-0.014988
2026-09-22T12:21:00+00:00,prs,1.47,-0.07199,0.055017,-0.07599,-0.131007
2026-09-22T12:22:00+00:00,prs,1.32,-0.072014,-0.094983,-0.076014,0.018969
2026-09-22T12:23:00+00:00,prs,1.438,-0.072042,0.023017,-0.076042,-0.099059
2026-09-22T12:24:00+00:00,prs,1.325,-0.072075,-0.089983,-0.076075,0.013908
2026-09-22T12:25:00+00:00,prs,1.323,-0.072113,-0.091983,-0.076113,0.01587
2026-09-22T12:26:00+00:00,prs,1.366,-0.072155,-0.048983,-0.076155,-0.027172
2026-09-22T12:27:00+00:00,prs,1.366,-0.072202,-0.048983,-0.076202,-0.027219
2026-09-22T12:28:00+00:00,prs,1.342,-0.072253,-0.072983,-0.076253,-0.00327
2026-09-22T12:29:00+00:00,prs,1.193,-0.072309,-0.221983,-0.076309,0.145674
2026-09-22T12:30:00+00:00,prs,1.365,-0.072369,-0.049983,-0.076369,-0.026386
2026-09-22T12:31:00+00:00,prs,1.389,-0.072434,-0.025983,-0.076434,-0.050451
2026-09-22T12:32:00+00:00,prs,1.288,-0.072503,-0.126983,-0.076503,0.05048
2026-09-22T12:33:00+00:00,prs,1.322,-0.072577,-0.092983,-0.076577,0.016406
2026-09-22T12:34:00+00:00,prs,1.381,-0.072655,-0.033983,-0.076655,-0.042672
2026-09-22T12:35:00+00:00,prs,1.332,-0.072737,-0.082983,-0.076737,0.006246
2026-09-22T12:36:00+00:00,prs,1.2810000000000001,-0.072824,-0.133983,-0.076824,0.057159
2026-09-22T12:37:00+00:00,prs,1.4020000000000001,-0.072915,-0.012983,-0.076915,-0.063932
2026-09-22T12:38:00+00:00,prs,1.408,-0.073011,-0.006983,-0.077011,-0.070028
2026-09-22T12:39:00+00:00,prs,1.357,-0.07311,-0.057983,-0.07711,-0.019127
2026-09-22T12:40:00+00:00,prs,1.374,-0.073214,-0.040983,-0.077214,-0.036231
2026-09-22T12:41:00+00:00,prs,1.351,-0.073323,-0.063983,-0.077322,-0.01334
2026-09-22T12:42:00+00:00,prs,1.351,-0.073435,-0.063983,-0.077435,-0.013452
2026-09-22T12:43:00+00:00,prs,1.363,-0.073552,-0.051983,-0.077551,-0.025569
2026-09-22T12:44:00+00:00,prs,1.318,-0.073672,-0.096983,-0.077672,0.019311
2026-09-22T12:45:00+00:00,prs,1.309,-0.073797,-0.105983,-0.077797,0.028186
2026-09-22T12:46:00+00:00,prs,1.204,-0.073926,-0.210983,-0.077926,0.133057
2026-09-22T12:47:00+00:00,prs,1.264,-0.074059,-0.150983,-0.078059,0.072924
2026-09-22T12:48:00+00:00,prs,1.217,-0.074196,-0.197983,-0.078196,0.119787
2026-09-22T12:49:00+00:00,prs,1.373,-0.074337,-0.041983,-0.078337,-0.036354
2026-09-22T12:50:00+00:00,prs,1.184,-0.074482,-0.230983,-0.078482,0.152501
2026-09-22T12:51:00+00:00,prs,1.18,-0.074631,-0.234983,-0.07863,0.156352
2026-09-22T12:52:00+00:00,prs,1.288,-0.074783,-0.126983,-0.078783,0.0482
2026-09-22T12:53:00+00:00,prs,1.191,-0.07494,-0.223983,-0.07894,0.145043
2026-09-22T12:54:00+00:00,prs,1.388,-0.0751,-0.026983,-0.0791,-0.052117
2026-09-22T12:55:00+00:00,prs,1.3559999999999999,-0.075264,-0.058983,-0.079264,-0.020281
2026-09-22T12:56:00+00:00,prs,1.204,-0.075432,-0.210983,-0.079432,0.131551
2026-09-22T12:57:00+00:00,prs,1.311,-0.075604,-0.103983,-0.079604,0.024379
2026-09-22T12:58:00+00:00,prs,1.255,-0.075779,-0.159983,-0.079779,0.080204
2026-09-22T12:59:00+00:00,prs,1.2570000000000001,-0.075958,-0.157983,-0.079958,0.078025
2026-09-22T13:00:00+00:00,prs,1.316,-0.076141,-0.098983,-0.080141,0.018842
2026-09-22T13:01:00+00:00,prs,1.231,-0.076327,-0.183983,-0.080327,0.103656
2026-09-22T13:02:00+00:00,prs,1.331,-0.076517,-0.083983,-0.080517,0.003466
2026-09-22T13:03:00+00:00,prs,1.338,-0.07671,-0.076983,-0.08071,-0.003727
2026-09-22T13:04:00+00:00,prs,1.215,-0.076907,-0.199983,-0.080907,0.119076
2026-09-22T13:05:00+00:00,prs,1.371,-0.077107,-0.043983,-0.081107,-0.037124
2026-09-22T13:06:00+00:00,prs,1.245,-0.077311,-0.169983,-0.08131,0.088672
2026-09-22T13:07:00+00:00,prs,1.291,-0.077517,-0.123983,-0.081517,0.042466
2026-09-22T13:08:00+00:00,prs,1.241,-0.077728,-0.173983,-0.081727,0.092255
2026-09-22T13:09:00+00:00,prs,1.249,-0.077941,-0.165983,-0.081941,0.084042
2026-09-22T13:10:00+00:00,prs,1.3679999999999999,-0.078158,-0.046983,-0.082158,-0.035175
2026-09-22T13:11:00+00:00,prs,1.248,-0.078377,-0.166983,-0.082377,0.084606
2026-09-22T13:12:00+00:00,prs,1.367,-0.0786,-0.047983,-0.0826,-0.034617
2026-09-22T13:13:00+00:00,prs,1.203,-0.078827,-0.211983,-0.082826,0.129157
2026-09-22T13:14:00+00:00,prs,1.289,-0.079056,-0.125983,-0.083056,0.042927
2026-09-22T13:15:00+00:00,prs,1.248,-0.079288,-0.166983,-0.083288,0.083695
2026-09-22T13:16:00+00:00,prs,1.3599999999999999,-0.079523,-0.054983,-0.083523,-0.02854
2026-09-22T13:17:00+00:00,prs,1.341,-0.079761,-0.073983,-0.083761,-0.009778
2026-09-22T13:18:00+00:00,prs,1.29,-0.080002,-0.124983,-0.084002,0.040981
2026-09-22T13:19:00+00:00,prs,1.212,-0.080246,-0.202983,-0.084246,0.118737
2026-09-22T13:20:00+00:00,prs,1.233,-0.080492,-0.181983,-0.084492,0.097491
2026-09-22T13:21:00+00:00,prs,1.226,-0.080742,-0.188983,-0.084742,0.104241
2026-09-22T13:22:00+00:00,prs,1.284,-0.080994,-0.130983,-0.084994,0.045989
2026-09-22T13:23:00+00:00,prs,1.353,-0.081249,-0.061983,-0.085248,-0.023265
2026-09-22T13:24:00+00:00,prs,1.221,-0.081506,-0.193983,-0.085506,0.108477
2026-09-22T13:25:00+00:00,prs,1.25,-0.081766,-0.164983,-0.085766,0.079217
2026-09-22T13:26:00+00:00,prs,1.296,-0.082028,-0.118983,-0.086028,0.032955
2026-09-22T13:27:00+00:00,prs,1.15,-0.082293,-0.264983,-0.086293,0.17869
2026-09-22T13:28:00+00:00,prs,1.259,-0.08256,-0.155983,-0.08656,0.069423
2026-09-22T13:29:00+00:00,prs,1.209,-0.08283,-0.205983,-0.08683,0.119153
2026-09-22T13:30:00+00:00,prs,1.162,-0.083102,-0.252983,-0.087102,0.165881
2026-09-22T13:31:00+00:00,prs,1.139,-0.083377,-0.275983,-0.087377,0.188606
2026-09-22T13:32:00+00:00,prs,1.329,-0.083653,-0.085983,-0.087653,-0.00167
2026-09-22T13:33:00+00:00,prs,1.215,-0.083932,-0.199983,-0.087932,0.112051
2026-09-22T13:34:00+00:00,prs,1.259,-0.084213,-0.155983,-0.088213,0.06777
2026-09-22T13:35:00+00:00,prs,1.236,-0.084496,-0.178983,-0.088496,0.090487
2026-09-22T13:36:00+00:00,prs,1.188,-0.084781,-0.226983,-0.088781,0.138202
2026-09-22T13:37:00+00:00,prs,1.278,-0.085068,-0.136983,-0.089068,0.047915
2026-09-22T13:38:00+00:00,prs,1.224,-0.085357,-0.190983,-0.089357,0.101626
2026-09-22T13:39:00+00:00,prs,1.241,-0.085648,-0.173983,-0.089648,0.084335
2026-09-22T13:40:00+00:00,prs,1.31,-0.085941,-0.104983,-0.089941,0.015042
2026-09-22T13:41:00+00:00,prs,1.328,-0.086235,-0.086983,-0.090235,-0.003252
2026-09-22T13:42:00+00:00,prs,1.185,-0.086532,-0.229983,-0.090531,0.139452
2026-09-22T13:43:00+00:00,prs,1.21,-0.086829,-0.204983,-0.090829,0.114154
2026-09-22T13:44:00+00:00,prs,1.282,-0.087129,-0.132983,-0.091129,0.041854
2026-09-22T13:45:00+00:00,prs,1.311,-0.08743,-0.103983,-0.09143,0.012553
2026-09-22T13:46:00+00:00,prs,1.305,-0.087733,-0.109983,-0.091733,0.01825
2026-09-22T13:47:00+00:00,prs,1.266,-0.088037,-0.148983,-0.092037,0.056946
2026-09-22T13:48:00+00:00,prs,1.294,-0.088343,-0.120983,-0.092343,0.02864
2026-09-22T13:49:00+00:00,prs,1.077,-0.08865,-0.337983,-0.09265,0.245333
2026-09-22T13:50:00+00:00,prs,1.217,-0.088958,-0.197983,-0.092958,0.105025
2026-09-22T13:51:00+00:00,prs,1.275,-0.089267,-0.139983,-0.093267,0.046716
2026-09-22T13:52:00+00:00,prs,1.2810000000000001,-0.089578,-0.133983,-0.093578,0.040405
2026-09-22T13:53:00+00:00,prs,1.224,-0.08989,-0.190983,-0.09389,0.097093
2026-09-22T13:54:00+00:00,prs,1.263,-0.090203,-0.151983,-0.094203,0.05778
2026-09-22T13:55:00+00:00,prs,1.2570000000000001,-0.090517,-0.157983,-0.094517,0.063466
2026-09-22T13:56:00+00:00,prs,1.222,-0.090832,-0.192983,-0.094832,0.098151
2026-09-22T13:57:00+00:00,prs,1.268,-0.091148,-0.146983,-0.095148,0.051835
2026-09-22T13:58:00+00:00,prs,1.267,-0.091465,-0.147983,-0.095465,0.052518
2026-09-22T13:59:00+00:00,prs,1.241,-0.091783,-0.173983,-0.095783,0.0782
2026-09-22T14:00:00+00:00,prs,1.31,-0.092101,-0.104983,-0.096101,0.008882
2026-09-22T14:01:00+00:00,prs,1.227,-0.09242,-0.187983,-0.09642,0.091563
2026-09-22T14:02:00+00:00,prs,1.25,-0.09274,-0.164983,-0.09674,0.068243
2026-09-22T14:03:00+00:00,prs,1.295,-0.093061,-0.119983,-0.09706,0.022923
2026-09-22T14:04:00+00:00,prs,1.195,-0.093381,-0.219983,-0.097381,0.122602
2026-09-22T14:05:00+00:00,prs,1.2429999999999999,-0.093703,-0.171983,-0.097703,0.07428
2026-09-22T14:06:00+00:00,prs,1.169,-0.094025,-0.245983,-0.098025,0.147958
2026-09-22T14:07:00+00:00,prs,1.224,-0.094347,-0.190983,-0.098347,0.092636
2026-09-22T14:08:00+00:00,prs,1.296,-0.09467,-0.118983,-0.09867,0.020313
2026-09-22T14:09:00+00:00,prs,1.304,-0.094992,-0.110983,-0.098992,0.011991
2026-09-22T14:10:00+00:00,prs,1.3719999999999999,-0.095315,-0.042983,-0.099315,-0.056332
2026-09-22T14:11:00+00:00,prs,1.249,-0.095639,-0.165983,-0.099639,0.066344
2026-09-22T14:12:00+00:00,prs,1.285,-0.095962,-0.129983,-0.099962,0.030021
2026-09-22T14:13:00+00:00,prs,1.291,-0.096285,-0.123983,-0.100285,0.023698
2026-09-22T14:14:00+00:00,prs,1.154,-0.096608,-0.260983,-0.100608,0.160375
2026-09-22T14:15:00+00:00,prs,1.215,-0.096932,-0.199983,-0.100932,0.099051
2026-09-22T14:16:00+00:00,prs,1.2,-0.097255,-0.214983,-0.101255,0.113728
2026-09-22T14:17:00+00:00,prs,1.311,-0.097577,-0.103983,-0.101577,0.002406
2026-09-22T14:18:00+00:00,prs,1.2530000000000001,-0.0979,-0.161983,-0.1019,0.060083
2026-09-22T14:19:00+00:00,prs,1.237,-0.098222,-0.177983,-0.102222,0.075761
2026-09-22T14:20:00+00:00,prs,1.234,-0.098544,-0.180983,-0.102544,0.078439
2026-09-22T14:21:00+00:00,prs,1.203,-0.098866,-0.211983,-0.102865,0.109117
2026-09-22T14:22:00+00:00,prs,1.226,-0.099186,-0.188983,-0.103186,0.085797
2026-09-22T14:23:00+00:00,prs,1.2690000000000001,-0.099507,-0.145983,-0.103507,0.042476
2026-09-22T14:24:00+00:00,prs,1.192,-0.099827,-0.222983,-0.103827,0.119156
2026-09-22T14:25:00+00:00,prs,1.231,-0.100146,-0.183983,-0.104146,0.079837
2026-09-22T14:26:00+00:00,prs,1.167,-0.100464,-0.247983,-0.104464,0.143519
2026-09-22T14:27:00+00:00,prs,1.174,-0.100782,-0.240983,-0.104781,0.136201
2026-09-22T14:28:00+00:00,prs,1.214,-0.101098,-0.200983,-0.105098,0.095885
2026-09-22T14:29:00+00:00,prs,1.223,-0.101414,-0.191983,-0.105414,0.086569
2026-09-22T14:30:00+00:00,prs,1.271,-0.101729,-0.143983,-0.105729,0.038254
2026-09-22T14:31:00+00:00,prs,1.251,-0.102043,-0.163983,-0.106043,0.05794
2026-09-22T14:32:00+00:00,prs,1.197,-0.102355,-0.217983,-0.106355,0.111628
2026-09-22T14:33:00+00:00,prs,1.279,-0.102667,-0.135983,-0.106667,0.029316
2026-09-22T14:34:00+00:00,prs,1.249,-0.102977,-0.165983,-0.106977,0.059006
2026-09-22T14:35:00+00:00,prs,1.263,-0.103286,-0.151983,-0.107286,0.044697
2026-09-22T14:36:00+00:00,prs,1.241,-0.103594,-0.173983,-0.107594,0.066389
2026-09-22T14:37:00+00:00,prs,1.266,-0.103901,-0.148983,-0.1079,0.041082
2026-09-22T14:38:00+00:00,prs,1.2530000000000001,-0.104205,-0.161983,-0.108205,0.053778
2026-09-22T14:39:00+00:00,prs,1.197,-0.104509,-0.217983,-0.108509,0.109474
2026-09-22T14:40:00+00:00,prs,1.224,-0.104811,-0.190983,-0.108811,0.082172
2026-09-22T14:41:00+00:00,prs,1.218,-0.105111,-0.196983,-0.109111,0.087872
2026-09-22T14:42:00+00:00,prs,1.248,-0.10541,-0.166983,-0.109409,0.057574
2026-09-22T14:43:00+00:00,prs,1.272,-0.105706,-0.142983,-0.109706,0.033277
2026-09-22T14:44:00+00:00,prs,1.283,-0.106001,-0.131983,-0.110001,0.021982
2026-09-22T14:45:00+00:00,prs,1.13,-0.106294,-0.284983,-0.110294,0.174689
2026-09-22T14:46:00+00:00,prs,1.19,-0.106586,-0.224983,-0.110586,0.114397
2026-09-22T14:47:00+00:00,prs,1.245,-0.106875,-0.169983,-0.110875,0.059108
2026-09-22T14:48:00+00:00,prs,1.2469999999999999,-0.107162,-0.167983,-0.111162,0.056821
2026-09-22T14:49:00+00:00,prs,1.263,-0.107447,-0.151983,-0.111447,0.040536
2026-09-22T14:50:00+00:00,prs,1.192,-0.10773,-0.222983,-0.11173,0.111253
2026-09-22T14:51:00+00:00,prs,1.202,-0.108011,-0.212983,-0.112011,0.100972
2026-09-22T14:52:00+00:00,prs,1.26,-0.108289,-0.154983,-0.112289,0.042694
2026-09-22T14:53:00+00:00,prs,1.293,-0.108565,-0.121983,-0.112565,0.009418
2026-09-22T14:54:00+00:00,prs,1.271,-0.108839,-0.143983,-0.112839,0.031144
2026-09-22T14:55:00+00:00,prs,1.189,-0.10911,-0.225983,-0.11311,0.112873
2026-09-22T14:56:00+00:00,prs,1.238,-0.109379,-0.176983,-0.113379,0.063604
2026-09-22T14:57:00+00:00,prs,1.252,-0.109645,-0.162983,-0.113645,0.049338
2026-09-22T14:58:00+00:00,prs,1.288,-0.109909,-0.126983,-0.113909,0.013074
2026-09-22T14:59:00+00:00,prs,1.202,-0.11017,-0.212983,-0.11417,0.098813
2026-09-22T15:00:00+00:00,prs,1.299,-0.110428,-0.115983,-0.114428,0.001555
2026-09-22T15:01:00+00:00,prs,1.189,-0.110683,-0.225983,-0.114683,0.1113
2026-09-22T15:02:00+00:00,prs,1.227,-0.110936,-0.187983,-0.114935,0.073047
2026-09-22T15:03:00+00:00,prs,1.317,-0.111185,-0.097983,-0.115185,-0.017202
2026-09-22T15:04:00+00:00,prs,1.315,-0.111432,-0.099983,-0.115432,-0.015449
2026-09-22T15:05:00+00:00,prs,1.227,-0.111675,-0.187983,-0.115675,0.072308
2026-09-22T15:06:00+00:00,prs,1.228,-0.111916,-0.186983,-0.115915,0.071067
2026-09-22T15:07:00+00:00,prs,1.127,-0.112153,-0.287983,-0.116153,0.17183
2026-09-22T15:08:00+00:00,prs,1.296,-0.112387,-0.118983,-0.116387,0.002596
2026-09-22T15:09:00+00:00,prs,1.108,-0.112618,-0.306983,-0.116618,0.190365
2026-09-22T15:10:00+00:00,prs,1.144,-0.112845,-0.270983,-0.116845,0.154138
2026-09-22T15:11:00+00:00,prs,1.207,-0.113069,-0.207983,-0.117069,0.090914
2026-09-22T15:12:00+00:00,prs,1.168,-0.11329,-0.246983,-0.11729,0.129693
2026-09-22T15:13:00+00:00,prs,1.201,-0.113507,-0.213983,-0.117507,0.096476
2026-09-22T15:14:00+00:00,prs,1.18,-0.113721,-0.234983,-0.11772,0.117262
2026-09-22T15:15:00+00:00,prs,1.284,-0.113931,-0.130983,-0.11793,0.013052
2026-09-22T15:16:00+00:00,prs,1.242,-0.114137,-0.172983,-0.118137,0.054846
2026-09-22T15:17:00+00:00,prs,1.242,-0.114339,-0.172983,-0.118339,0.054644
2026-09-22T15:18:00+00:00,prs,1.274,-0.114538,-0.140983,-0.118538,0.022445
2026-09-22T15:19:00+00:00,prs,1.2770000000000001,-0.114733,-0.137983,-0.118733,0.01925
2026-09-22T15:20:00+00:00,prs,1.188,-0.114924,-0.226983,-0.118924,0.108059
2026-09-22T15:21:00+00:00,prs,1.266,-0.115112,-0.148983,-0.119111,0.029871
2026-09-22T15:22:00+00:00,prs,1.229,-0.115295,-0.185983,-0.119295,0.066688
2026-09-22T15:23:00+00:00,prs,1.271,-0.115474,-0.143983,-0.119474,0.024509
2026-09-22T15:24:00+00:00,prs,1.271,-0.115649,-0.143983,-0.119649,0.024334
2026-09-22T15:25:00+00:00,prs,1.188,-0.11582,-0.226983,-0.11982,0.107163
2026-09-22T15:26:00+00:00,prs,1.258,-0.115986,-0.156983,-0.119986,0.036997
2026-09-22T15:27:00+00:00,prs,1.232,-0.116149,-0.182983,-0.120149,0.062834
2026-09-22T15:28:00+00:00,prs,1.19,-0.116307,-0.224983,-0.120307,0.104676
2026-09-22T15:29:00+00:00,prs,1.153,-0.116461,-0.261983,-0.12046,0.141522
2026-09-22T15:30:00+00:00,prs,1.232,-0.11661,-0.182983,-0.12061,0.062373
2026-09-22T15:31:00+00:00,prs,1.22,-0.116755,-0.194983,-0.120755,0.074228
2026-09-22T15:32:00+00:00,prs,1.284,-0.116895,-0.130983,-0.120895,0.010088
2026-09-22T15:33:00+00:00,prs,1.223,-0.117031,-0.191983,-0.12103,0.070952
2026-09-22T15:34:00+00:00,prs,1.297,-0.117162,-0.117983,-0.121162,-0.003179
2026-09-22T15:35:00+00:00,prs,1.226,-0.117288,-0.188983,-0.121288,0.067695
2026-09-22T15:36:00+00:00,prs,1.2,-0.11741,-0.214983,-0.12141,0.093573
2026-09-22T15:37:00+00:00,prs,1.199,-0.117526,-0.215983,-0.121526,0.094457
2026-09-22T15:38:00+00:00,prs,1.26,-0.117638,-0.154983,-0.121638,0.033345
2026-09-22T15:39:00+00:00,prs,1.2610000000000001,-0.117746,-0.153983,-0.121745,0.032238
2026-09-22T15:40:00+00:00,prs,1.2810000000000001,-0.117848,-0.133983,-0.121848,0.012135
2026-09-22T15:41:00+00:00,prs,1.228,-0.117945,-0.186983,-0.121945,0.065038
2026-09-22T15:42:00+00:00,prs,1.211,-0.118037,-0.203983,-0.122037,0.081946
2026-09-22T15:43:00+00:00,prs,1.287,-0.118124,-0.127983,-0.122124,0.005859
2026-09-22T15:44:00+00:00,prs,1.242,-0.118206,-0.172983,-0.122206,0.050777
2026-09-22T15:45:00+00:00,prs,1.196,-0.118283,-0.218983,-0.122283,0.0967
2026-09-22T15:46:00+00:00,prs,1.267,-0.118354,-0.147983,-0.122354,0.025629
2026-09-22T15:47:00+00:00,prs,1.251,-0.11842,-0.163983,-0.12242,0.041563
2026-09-22T15:48:00+00:00,prs,1.288,-0.118481,-0.126983,-0.122481,0.004502
2026-09-22T15:49:00+00:00,prs,1.297,-0.118537,-0.117983,-0.122537,-0.004554
2026-09-22T15:50:00+00:00,prs,1.232,-0.118587,-0.182983,-0.122587,0.060396
2026-09-22T15:51:00+00:00,prs,1.288,-0.118631,-0.126983,-0.122631,0.004352
2026-09-22T15:52:00+00:00,prs,1.292,-0.11867,-0.122983,-0.12267,0.000313
2026-09-22T15:53:00+00:00,prs,1.229,-0.118704,-0.185983,-0.122704,0.063279
2026-09-22T15:54:00+00:00,prs,1.246,-0.118732,-0.168983,-0.122732,0.046251
2026-09-22T15:55:00+00:00,prs,1.278,-0.118754,-0.136983,-0.122754,0.014229
2026-09-22T15:56:00+00:00,prs,1.155,-0.118771,-0.259983,-0.12277,0.137212
2026-09-22T15:57:00+00:00,prs,1.246,-0.118781,-0.168983,-0.122781,0.046202
2026-09-22T15:58:00+00:00,prs,1.272,-0.118786,-0.142983,-0.122786,0.020197
2026-09-22T15:59:00+00:00,prs,1.245,-0.118786,-0.169983,-0.122785,0.047197
2026-09-22T16:00:00+00:00,prs,1.195,-0.118779,-0.219983,-0.122779,0.097204
2026-09-22T16:01:00+00:00,prs,1.274,-0.118766,-0.140983,-0.122766,0.018217
2026-09-22T16:02:00+00:00,prs,1.231,-0.118748,-0.183983,-0.122748,0.061235
2026-09-22T16:03:00+00:00,prs,1.25,-0.118723,-0.164983,-0.122723,0.04226
2026-09-22T16:04:00+00:00,prs,1.218,-0.118693,-0.196983,-0.122692,0.074291
2026-09-22T16:05:00+00:00,prs,1.274,-0.118656,-0.140983,-0.122656,0.018327
2026-09-22T16:06:00+00:00,prs,1.179,-0.118613,-0.235983,-0.122613,0.11337
2026-09-22T16:07:00+00:00,prs,1.306,-0.118564,-0.108983,-0.122564,-0.013581
2026-09-22T16:08:00+00:00,prs,1.193,-0.118509,-0.221983,-0.122509,0.099474
2026-09-22T16:09:00+00:00,prs,1.264,-0.118447,-0.150983,-0.122447,0.028536
2026-09-22T16:10:00+00:00,prs,1.228,-0.11838,-0.186983,-0.122379,0.064603
2026-09-22T16:11:00+00:00,prs,1.275,-0.118305,-0.139983,-0.122305,0.017678
2026-09-22T16:12:00+00:00,prs,1.304,-0.118225,-0.110983,-0.122225,-0.011242
2026-09-22T16:13:00+00:00,prs,1.268,-0.118138,-0.146983,-0.122138,0.024845
2026-09-22T16:14:00+00:00,prs,1.276,-0.118045,-0.138983,-0.122045,0.016938
2026-09-22T16:15:00+00:00,prs,1.35,-0.117945,-0.064983,-0.121945,-0.056962
2026-09-22T16:16:00+00:00,prs,1.193,-0.117839,-0.221983,-0.121839,0.100144
2026-09-22T16:17:00+00:00,prs,1.209,-0.117726,-0.205983,-0.121726,0.084257
2026-09-22T16:18:00+00:00,prs,1.2530000000000001,-0.117607,-0.161983,-0.121607,0.040376
2026-09-22T16:19:00+00:00,prs,1.266,-0.117481,-0.148983,-0.121481,0.027502
2026-09-22T16:20:00+00:00,prs,1.306,-0.117348,-0.108983,-0.121348,-0.012365
2026-09-22T16:21:00+00:00,prs,1.26,-0.117209,-0.154983,-0.121209,0.033774
2026-09-22T16:22:00+00:00,prs,1.284,-0.117063,-0.130983,-0.121062,0.009921
2026-09-22T16:23:00+00:00,prs,1.248,-0.11691,-0.166983,-0.12091,0.046073
2026-09-22T16:24:00+00:00,prs,1.349,-0.11675,-0.065983,-0.12075,-0.054767
2026-09-22T16:25:00+00:00,prs,1.301,-0.116584,-0.113983,-0.120583,-0.006601
2026-09-22T16:26:00+00:00,prs,1.325,-0.11641,-0.089983,-0.12041,-0.030427
2026-09-22T16:27:00+00:00,prs,1.298,-0.11623,-0.116983,-0.12023,-0.003247
2026-09-22T16:28:00+00:00,prs,1.224,-0.116043,-0.190983,-0.120043,0.07094
2026-09-22T16:29:00+00:00,prs,1.284,-0.115849,-0.130983,-0.119849,0.011134
2026-09-22T16:30:00+00:00,prs,1.2730000000000001,-0.115648,-0.141983,-0.119648,0.022335
2026-09-22T16:31:00+00:00,prs,1.256,-0.11544,-0.158983,-0.11944,0.039543
2026-09-22T16:32:00+00:00,prs,1.336,-0.115225,-0.078983,-0.119224,-0.040242
2026-09-22T16:33:00+00:00,prs,1.276,-0.115002,-0.138983,-0.119002,0.019981
2026-09-22T16:34:00+00:00,prs,1.29,-0.114773,-0.124983,-0.118773,0.00621
2026-09-22T16:35:00+00:00,prs,1.309,-0.114537,-0.105983,-0.118537,-0.012554
2026-09-22T16:36:00+00:00,prs,1.266,-0.114293,-0.148983,-0.118293,0.03069
2026-09-22T16:37:00+00:00,prs,1.31,-0.114042,-0.104983,-0.118042,-0.013059
2026-09-22T16:38:00+00:00,prs,1.339,-0.113785,-0.075983,-0.117784,-0.041802
2026-09-22T16:39:00+00:00,prs,1.308,-0.113519,-0.106983,-0.117519,-0.010536
2026-09-22T16:40:00+00:00,prs,1.279,-0.113247,-0.135983,-0.117247,0.018736
2026-09-22T16:41:00+00:00,prs,1.28,-0.112967,-0.134983,-0.116967,0.018016
2026-09-22T16:42:00+00:00,prs,1.303,-0.11268,-0.111983,-0.11668,-0.004697
2026-09-22T16:43:00+00:00,prs,1.286,-0.112386,-0.128983,-0.116386,0.012597
2026-09-22T16:44:00+00:00,prs,1.2610000000000001,-0.112084,-0.153983,-0.116084,0.037899
2026-09-22T16:45:00+00:00,prs,1.321,-0.111775,-0.093983,-0.115775,-0.021792
2026-09-22T16:46:00+00:00,prs,1.279,-0.111459,-0.135983,-0.115459,0.020524
2026-09-22T16:47:00+00:00,prs,1.3,-0.111135,-0.114983,-0.115135,-0.000152
2026-09-22T16:48:00+00:00,prs,1.282,-0.110804,-0.132983,-0.114804,0.018179
2026-09-22T16:49:00+00:00,prs,1.318,-0.110465,-0.096983,-0.114465,-0.017482
2026-09-22T16:50:00+00:00,prs,1.2690000000000001,-0.110119,-0.145983,-0.114119,0.031864
2026-09-22T16:51:00+00:00,prs,1.329,-0.109765,-0.085983,-0.113765,-0.027782
2026-09-22T16:52:00+00:00,prs,1.2469999999999999,-0.109404,-0.167983,-0.113404,0.054579
2026-09-22T16:53:00+00:00,prs,1.225,-0.109035,-0.189983,-0.113035,0.076948
2026-09-22T16:54:00+00:00,prs,1.25,-0.108659,-0.164983,-0.112659,0.052324
2026-09-22T16:55:00+00:00,prs,1.308,-0.108275,-0.106983,-0.112275,-0.005292
2026-09-22T16:56:00+00:00,prs,1.3,-0.107884,-0.114983,-0.111884,0.003099
2026-09-22T16:57:00+00:00,prs,1.329,-0.107485,-0.085983,-0.111485,-0.025502
2026-09-22T16:58:00+00:00,prs,1.297,-0.107078,-0.117983,-0.111078,0.006905
2026-09-22T16:59:00+00:00,prs,1.29,-0.106664,-0.124983,-0.110664,0.014319
2026-09-22T17:00:00+00:00,prs,1.245,-0.106242,-0.169983,-0.110242,0.059741
2026-09-22T17:01:00+00:00,prs,1.284,-0.105812,-0.130983,-0.109812,0.021171
2026-09-22T17:02:00+00:00,prs,1.213,-0.105375,-0.201983,-0.109375,0.092608
2026-09-22T17:03:00+00:00,prs,1.2810000000000001,-0.10493,-0.133983,-0.10893,0.025053
2026-09-22T17:04:00+00:00,prs,1.321,-0.104477,-0.093983,-0.108477,-0.014494
2026-09-22T17:05:00+00:00,prs,1.351,-0.104017,-0.063983,-0.108017,-0.044034
2026-09-22T17:06:00+00:00,prs,1.334,-0.103549,-0.080983,-0.107549,-0.026566
2026-09-22T17:07:00+00:00,prs,1.342,-0.103073,-0.072983,-0.107073,-0.03409
2026-09-22T17:08:00+00:00,prs,1.321,-0.10259,-0.093983,-0.106589,-0.012607
2026-09-22T17:09:00+00:00,prs,1.29,-0.102098,-0.124983,-0.106098,0.018885
2026-09-22T17:10:00+00:00,prs,1.2810000000000001,-0.101599,-0.133983,-0.105599,0.028384
2026-09-22T17:11:00+00:00,prs,1.309,-0.101092,-0.105983,-0.105092,0.000891
2026-09-22T17:12:00+00:00,prs,1.318,-0.100578,-0.096983,-0.104578,-0.007595
2026-09-22T17:13:00+00:00,prs,1.333,-0.100056,-0.081983,-0.104055,-0.022072
2026-09-22T17:14:00+00:00,prs,1.311,-0.099525,-0.103983,-0.103525,0.000458
2026-09-22T17:15:00+00:00,prs,1.371,-0.098987,-0.043983,-0.102987,-0.059004
2026-09-22T17:16:00+00:00,prs,1.347,-0.098442,-0.067983,-0.102442,-0.034459
2026-09-22T17:17:00+00:00,prs,1.34,-0.097888,-0.074983,-0.101888,-0.026905
2026-09-22T17:18:00+00:00,prs,1.306,-0.097327,-0.108983,-0.101327,0.007656
2026-09-22T17:19:00+00:00,prs,1.337,-0.096758,-0.077983,-0.100758,-0.022775
2026-09-22T17:20:00+00:00,prs,1.293,-0.096181,-0.121983,-0.100181,0.021802
2026-09-22T17:21:00+00:00,prs,1.326,-0.095596,-0.088983,-0.099596,-0.010613
2026-09-22T17:22:00+00:00,prs,1.335,-0.095004,-0.079983,-0.099003,-0.01902
2026-09-22T17:23:00+00:00,prs,1.4,-0.094403,-0.014983,-0.098403,-0.08342
2026-09-22T17:24:00+00:00,prs,1.377,-0.093795,-0.037983,-0.097795,-0.059812
2026-09-22T17:25:00+00:00,prs,1.38,-0.093179,-0.034983,-0.097179,-0.062196
2026-09-22T17:26:00+00:00,prs,1.308,-0.092555,-0.106983,-0.096555,0.010428
2026-09-22T17:27:00+00:00,prs,1.361,-0.091923,-0.053983,-0.095923,-0.04194
2026-09-22T17:28:00+00:00,prs,1.397,-0.091284,-0.017983,-0.095284,-0.077301
2026-09-22T17:29:00+00:00,prs,1.388,-0.090637,-0.026983,-0.094637,-0.067654
2026-09-22T17:30:00+00:00,prs,1.3479999999999999,-0.089982,-0.066983,-0.093982,-0.026999
2026-09-22T17:31:00+00:00,prs,1.317,-0.089319,-0.097983,-0.093319,0.004664
2026-09-22T17:32:00+00:00,prs,1.3599999999999999,-0.088648,-0.054983,-0.092648,-0.037665
2026-09-22T17:33:00+00:00,prs,1.414,-0.08797,-0.000983,-0.09197,-0.090987
2026-09-22T17:34:00+00:00,prs,1.389,-0.087284,-0.025983,-0.091283,-0.065301
2026-09-22T17:35:00+00:00,prs,1.393,-0.08659,-0.021983,-0.090589,-0.068607
2026-09-22T17:36:00+00:00,prs,1.395,-0.085888,-0.019983,-0.089888,-0.069905
2026-09-22T17:37:00+00:00,prs,1.3980000000000001,-0.085178,-0.016983,-0.089178,-0.072195
2026-09-22T17:38:00+00:00,prs,1.354,-0.084461,-0.060983,-0.088461,-0.027478
2026-09-22T17:39:00+00:00,prs,1.3820000000000001,-0.083736,-0.032983,-0.087736,-0.054753
2026-09-22T17:40:00+00:00,prs,1.373,-0.083003,-0.041983,-0.087003,-0.04502
2026-09-22T17:41:00+00:00,prs,1.371,-0.082263,-0.043983,-0.086262,-0.042279
2026-09-22T17:42:00+00:00,prs,1.349,-0.081514,-0.065983,-0.085514,-0.019531
2026-09-22T17:43:00+00:00,prs,1.331,-0.080758,-0.083983,-0.084758,-0.000775
2026-09-22T17:44:00+00:00,prs,1.397,-0.079995,-0.017983,-0.083995,-0.066012
2026-09-22T17:45:00+00:00,prs,1.335,-0.079223,-0.079983,-0.083223,-0.00324
2026-09-22T17:46:00+00:00,prs,1.415,-0.078444,1.7e-05,-0.082444,-0.082461
2026-09-22T17:47:00+00:00,prs,1.337,-0.077658,-0.077983,-0.081658,-0.003675
2026-09-22T17:48:00+00:00,prs,1.366,-0.076863,-0.048983,-0.080863,-0.03188
2026-09-22T17:49:00+00:00,prs,1.384,-0.076061,-0.030983,-0.080061,-0.049078
2026-09-22T17:50:00+00:00,prs,1.44,-0.075252,0.025017,-0.079252,-0.104269
2026-09-22T17:51:00+00:00,prs,1.353,-0.074435,-0.061983,-0.078435,-0.016452
2026-09-22T17:52:00+00:00,prs,1.403,-0.07361,-0.011983,-0.07761,-0.065627
2026-09-22T17:53:00+00:00,prs,1.45,-0.072778,0.035017,-0.076778,-0.111795
2026-09-22T17:54:00+00:00,prs,1.419,-0.071938,0.004017,-0.075938,-0.079955
2026-09-22T17:55:00+00:00,prs,1.411,-0.07109,-0.003983,-0.07509,-0.071107
2026-09-22T17:56:00+00:00,prs,1.42,-0.070236,0.005017,-0.074235,-0.079253
2026-09-22T17:57:00+00:00,prs,1.418,-0.069373,0.003017,-0.073373,-0.07639
2026-09-22T17:58:00+00:00,prs,1.447,-0.068503,0.032017,-0.072503,-0.10452
2026-09-22T17:59:00+00:00,prs,1.408,-0.067626,-0.006983,-0.071626,-0.064643
2026-09-22T18:00:00+00:00,prs,1.371,-0.066741,-0.043983,-0.070741,-0.026758
2026-09-22T18:01:00+00:00,prs,1.3980000000000001,-0.065849,-0.016983,-0.069849,-0.052866
2026-09-22T18:02:00+00:00,prs,1.461,-0.06495,0.046017,-0.068949,-0.114967
2026-09-22T18:03:00+00:00,prs,1.3940000000000001,-0.064043,-0.020983,-0.068043,-0.04706
2026-09-22T18:04:00+00:00,prs,1.459,-0.063128,0.044017,-0.067128,-0.111145
2026-09-22T18:05:00+00:00,prs,1.418,-0.062207,0.003017,-0.066207,-0.069224
2026-09-22T18:06:00+00:00,prs,1.468,-0.061278,0.053017,-0.065278,-0.118295
2026-09-22T18:07:00+00:00,prs,1.444,-0.060342,0.029017,-0.064342,-0.093359
2026-09-22T18:08:00+00:00,prs,1.456,-0.059399,0.041017,-0.063399,-0.104416
2026-09-22T18:09:00+00:00,prs,1.413,-0.058448,-0.001983,-0.062448,-0.060465
2026-09-22T18:10:00+00:00,prs,1.451,-0.05749,0.036017,-0.06149,-0.097507
2026-09-22T18:11:00+00:00,prs,1.415,-0.056525,1.7e-05,-0.060525,-0.060542
2026-09-22T18:12:00+00:00,prs,1.421,-0.055553,0.006017,-0.059553,-0.06557
2026-09-22T18:13:00+00:00,prs,1.389,-0.054574,-0.025983,-0.058574,-0.032591
2026-09-22T18:14:00+00:00,prs,1.456,-0.053588,0.041017,-0.057588,-0.098605
2026-09-22T18:15:00+00:00,prs,1.407,-0.052595,-0.007983,-0.056595,-0.048612
2026-09-22T18:16:00+00:00,prs,1.43,-0.051595,0.015017,-0.055594,-0.070612
2026-09-22T18:17:00+00:00,prs,1.4769999999999999,-0.050587,0.062017,-0.054587,-0.116604
2026-09-22T18:18:00+00:00,prs,1.486,-0.049573,0.071017,-0.053573,-0.12459
2026-09-22T18:19:00+00:00,prs,1.463,-0.048552,0.048017,-0.052552,-0.100569
2026-09-22T18:20:00+00:00,prs,1.482,-0.047524,0.067017,-0.051524,-0.118541
2026-09-22T18:21:00+00:00,prs,1.47,-0.046489,0.055017,-0.050489,-0.105506
2026-09-22T18:22:00+00:00,prs,1.491,-0.045448,0.076017,-0.049447,-0.125465
2026-09-22T18:23:00+00:00,prs,1.5110000000000001,-0.044399,0.096017,-0.048399,-0.144416
2026-09-22T18:24:00+00:00,prs,1.542,-0.043344,0.127017,-0.047344,-0.174361
2026-09-22T18:25:00+00:00,prs,1.5,-0.042282,0.085017,-0.046282,-0.131299
2026-09-22T18:26:00+00:00,prs,1.522,-0.041213,0.107017,-0.045213,-0.15223
2026-09-22T18:27:00+00:00,prs,1.5310000000000001,-0.040138,0.116017,-0.044138,-0.160155
2026-09-22T18:28:00+00:00,prs,1.512,-0.039056,0.097017,-0.043056,-0.140073
2026-09-22T18:29:00+00:00,prs,1.545,-0.037968,0.130017,-0.041968,-0.171985
2026-09-22T18:30:00+00:00,prs,1.525,-0.036873,0.110017,-0.040873,-0.15089
2026-09-22T18:31:00+00:00,prs,1.5430000000000001,-0.035772,0.128017,-0.039772,-0.167789
2026-09-22T18:32:00+00:00,prs,1.544,-0.034664,0.129017,-0.038664,-0.167681
2026-09-22T18:33:00+00:00,prs,1.548,-0.03355,0.133017,-0.03755,-0.170567
2026-09-22T18:34:00+00:00,prs,1.5819999999999999,-0.032429,0.167017,-0.036429,-0.203446
2026-09-22T18:35:00+00:00,prs,1.553,-0.031302,0.138017,-0.035302,-0.173319
2026-09-22T18:36:00+00:00,prs,1.552,-0.030169,0.137017,-0.034169,-0.171186
2026-09-22T18:37:00+00:00,prs,1.569,-0.029029,0.154017,-0.033029,-0.187046
2026-09-22T18:38:00+00:00,prs,1.475,-0.027884,0.060017,-0.031884,-0.091901
2026-09-22T18:39:00+00:00,prs,1.536,-0.026732,0.121017,-0.030732,-0.151749
2026-09-22T18:40:00+00:00,prs,1.491,-0.025574,0.076017,-0.029574,-0.105591
2026-09-22T18:41:00+00:00,prs,1.541,-0.02441,0.126017,-0.02841,-0.154427
2026-09-22T18:42:00+00:00,prs,1.549,-0.02324,0.134017,-0.02724,-0.161257
2026-09-22T18:43:00+00:00,prs,1.533,-0.022064,0.118017,-0.026064,-0.144081
2026-09-22T18:44:00+00:00,prs,1.571,-0.020882,0.156017,-0.024882,-0.180899
2026-09-22T18:45:00+00:00,prs,1.561,-0.019694,0.146017,-0.023694,-0.169711
2026-09-22T18:46:00+00:00,prs,1.52,-0.018501,0.105017,-0.022501,-0.127518
2026-09-22T18:47:00+00:00,prs,1.557,-0.017301,0.142017,-0.021301,-0.163318
2026-09-22T18:48:00+00:00,prs,1.6059999999999999,-0.016096,0.191017,-0.020096,-0.211113
2026-09-22T18:49:00+00:00,prs,1.583,-0.014885,0.168017,-0.018885,-0.186902
2026-09-22T18:50:00+00:00,prs,1.5310000000000001,-0.013669,0.116017,-0.017669,-0.133686
2026-09-22T18:51:00+00:00,prs,1.5779999999999998,-0.012447,0.163017,-0.016447,-0.179464
2026-09-22T18:52:00+00:00,prs,1.595,-0.011219,0.180017,-0.015219,-0.195236
2026-09-22T18:53:00+00:00,prs,1.6019999999999999,-0.009986,0.187017,-0.013986,-0.201003
2026-09-22T18:54:00+00:00,prs,1.595,-0.008747,0.180017,-0.012747,-0.192764
2026-09-22T18:55:00+00:00,prs,1.5590000000000002,-0.007503,0.144017,-0.011503,-0.15552
2026-09-22T18:56:00+00:00,prs,1.5659999999999998,-0.006254,0.151017,-0.010254,-0.161271
2026-09-22T18:57:00+00:00,prs,1.6139999999999999,-0.004999,0.199017,-0.008999,-0.208016
2026-09-22T18:58:00+00:00,prs,1.603,-0.003739,0.188017,-0.007739,-0.195756
2026-09-22T18:59:00+00:00,prs,1.643,-0.002474,0.228017,-0.006474,-0.234491
2026-09-22T19:00:00+00:00,prs,1.6139999999999999,-0.001204,0.199017,-0.005204,-0.204221
2026-09-22T19:01:00+00:00,prs,1.62,7.1e-05,0.205017,-0.003929,-0.208946
2026-09-22T19:02:00+00:00,prs,1.5939999999999999,0.001351,0.179017,-0.002649,-0.181666
2026-09-22T19:03:00+00:00,prs,1.589,0.002637,0.174017,-0.001363,-0.17538
2026-09-22T19:04:00+00:00,prs,1.575,0.003927,0.160017,-7.3e-05,-0.16009
2026-09-22T19:05:00+00:00,prs,1.607,0.005222,0.192017,0.001222,-0.190795
2026-09-22T19:06:00+00:00,prs,1.655,0.006522,0.240017,0.002522,-0.237495
2026-09-22T19:07:00+00:00,prs,1.6059999999999999,0.007826,0.191017,0.003826,-0.187191
2026-09-22T19:08:00+00:00,prs,1.6720000000000002,0.009135,0.257017,0.005135,-0.251882
2026-09-22T19:09:00+00:00,prs,1.599,0.010449,0.184017,0.006449,-0.177568
2026-09-22T19:10:00+00:00,prs,1.609,0.011768,0.194017,0.007768,-0.186249
2026-09-22T19:11:00+00:00,prs,1.631,0.013091,0.216017,0.009091,-0.206926
2026-09-22T19:12:00+00:00,prs,1.609,0.014418,0.194017,0.010418,-0.183599
2026-09-22T19:13:00+00:00,prs,1.6,0.01575,0.185017,0.01175,-0.173267
2026-09-22T19:14:00+00:00,prs,1.5859999999999999,0.017086,0.171017,0.013086,-0.157931
2026-09-22T19:15:00+00:00,prs,1.645,0.018426,0.230017,0.014426,-0.215591
2026-09-22T19:16:00+00:00,prs,1.624,0.019771,0.209017,0.015771,-0.193246
2026-09-22T19:17:00+00:00,prs,1.6059999999999999,0.02112,0.191017,0.01712,-0.173897
2026-09-22T19:18:00+00:00,prs,1.651,0.022472,0.236017,0.018473,-0.217545
2026-09-22T19:19:00+00:00,prs,1.625,0.023829,0.210017,0.019829,-0.190188
2026-09-22T19:20:00+00:00,prs,1.651,0.02519,0.236017,0.02119,-0.214827
2026-09-22T19:21:00+00:00,prs,1.641,0.026555,0.226017,0.022555,-0.203462
2026-09-22T19:22:00+00:00,prs,1.697,0.027923,0.282017,0.023924,-0.258094
2026-09-22T19:23:00+00:00,prs,1.643,0.029296,0.228017,0.025296,-0.202721
2026-09-22T19:24:00+00:00,prs,1.654,0.030672,0.239017,0.026672,-0.212345
2026-09-22T19:25:00+00:00,prs,1.642,0.032051,0.227017,0.028052,-0.198965
2026-09-22T19:26:00+00:00,prs,1.682,0.033435,0.267017,0.029435,-0.237582
2026-09-22T19:27:00+00:00,prs,1.625,0.034822,0.210017,0.030822,-0.179195
2026-09-22T19:28:00+00:00,prs,1.675,0.036212,0.260017,0.032212,-0.227805
2026-09-22T19:29:00+00:00,prs,1.687,0.037605,0.272017,0.033606,-0.238412
2026-09-22T19:30:00+00:00,prs,1.674,0.039002,0.259017,0.035002,-0.224015
2026-09-22T19:31:00+00:00,prs,1.6600000000000001,0.040403,0.245017,0.036403,-0.208614
2026-09-22T19:32:00+00:00,prs,1.714,0.041806,0.299017,0.037806,-0.261211
2026-09-22T19:33:00+00:00,prs,1.6720000000000002,0.043212,0.257017,0.039213,-0.217804
2026-09-22T19:34:00+00:00,prs,1.6720000000000002,0.044622,0.257017,0.040622,-0.216395
2026-09-22T19:35:00+00:00,prs,1.654,0.046035,0.239017,0.042035,-0.196982
2026-09-22T19:36:00+00:00,prs,1.717,0.04745,0.302017,0.04345,-0.258567
2026-09-22T19:37:00+00:00,prs,1.629,0.048868,0.214017,0.044868,-0.169149
2026-09-22T19:38:00+00:00,prs,1.7069999999999999,0.050289,0.292017,0.04629,-0.245728
2026-09-22T19:39:00+00:00,prs,1.678,0.051713,0.263017,0.047713,-0.215304
2026-09-22T19:40:00+00:00,prs,1.696,0.05314,0.281017,0.04914,-0.231877
2026-09-22T19:41:00+00:00,prs,1.705,0.054569,0.290017,0.050569,-0.239448
2026-09-22T19:42:00+00:00,prs,1.658,0.056,0.243017,0.052,-0.191017
2026-09-22T19:43:00+00:00,prs,1.675,0.057434,0.260017,0.053434,-0.206583
2026-09-22T19:44:00+00:00,prs,1.657,0.05887,0.242017,0.054871,-0.187147
2026-09-22T19:45:00+00:00,prs,1.679,0.060309,0.264017,0.056309,-0.207708
2026-09-22T19:46:00+00:00,prs,1.718,0.06175,0.303017,0.05775,-0.245267
2026-09-22T19:47:00+00:00,prs,1.732,0.063193,0.317017,0.059193,-0.257824
2026-09-22T19:48:00+00:00,prs,1.688,0.064638,0.273017,0.060638,-0.212379
2026-09-22T19:49:00+00:00,prs,1.6720000000000002,0.066085,0.257017,0.062085,-0.194932
2026-09-22T19:50:00+00:00,prs,1.716,0.067534,0.301017,0.063534,-0.237483
2026-09-22T19:51:00+00:00,prs,1.655,0.068985,0.240017,0.064985,-0.175032
2026-09-22T19:52:00+00:00,prs,1.677,0.070437,0.262017,0.066437,-0.19558
2026-09-22T19:53:00+00:00,prs,1.6800000000000002,0.071892,0.265017,0.067892,-0.197125
2026-09-22T19:54:00+00:00,prs,1.7,0.073348,0.285017,0.069348,-0.215669
2026-09-22T19:55:00+00:00,prs,1.732,0.074805,0.317017,0.070805,-0.246212
2026-09-22T19:56:00+00:00,prs,1.679,0.076264,0.264017,0.072264,-0.191753
2026-09-22T19:57:00+00:00,prs,1.6640000000000001,0.077725,0.249017,0.073725,-0.175292
2026-09-22T19:58:00+00:00,prs,1.714,0.079186,0.299017,0.075186,-0.223831
2026-09-22T19:59:00+00:00,prs,1.686,0.080649,0.271017,0.076649,-0.194368
2026-09-22T20:00:00+00:00,prs,1.74,0.082114,0.325017,0.078114,-0.246903
2026-09-22T20:01:00+00:00,prs,1.7389999999999999,0.083579,0.324017,0.079579,-0.244438
2026-09-22T20:02:00+00:00,prs,1.77,0.085045,0.355017,0.081046,-0.273972
2026-09-22T20:03:00+00:00,prs,1.708,0.086513,0.293017,0.082513,-0.210504
2026-09-22T20:04:00+00:00,prs,1.742,0.087981,0.327017,0.083981,-0.243036
2026-09-22T20:05:00+00:00,prs,1.718,0.08945,0.303017,0.08545,-0.217567
2026-09-22T20:06:00+00:00,prs,1.738,0.09092,0.323017,0.08692,-0.236097
2026-09-22T20:07:00+00:00,prs,1.667,0.092391,0.252017,0.088391,-0.163626
2026-09-22T20:08:00+00:00,prs,1.7429999999999999,0.093862,0.328017,0.089862,-0.238155
2026-09-22T20:09:00+00:00,prs,1.713,0.095333,0.298017,0.091333,-0.206684
2026-09-22T20:10:00+00:00,prs,1.716,0.096805,0.301017,0.092805,-0.208212
2026-09-22T20:11:00+00:00,prs,1.752,0.098278,0.337017,0.094278,-0.242739
2026-09-22T20:12:00+00:00,prs,1.786,0.099751,0.371017,0.095751,-0.275266
2026-09-22T20:13:00+00:00,prs,1.6840000000000002,0.101223,0.269017,0.097224,-0.171794
2026-09-22T20:14:00+00:00,prs,1.709,0.102696,0.294017,0.098697,-0.19532
2026-09-22T20:15:00+00:00,prs,1.721,0.10417,0.306017,0.10017,-0.205847
2026-09-22T20:16:00+00:00,prs,1.737,0.105643,0.322017,0.101643,-0.220374
2026-09-22T20:18:00+00:00,prs,1.7349999999999999,0.108588,0.320017,0.104589,-0.215429
2026-09-22T20:19:00+00:00,prs,1.7349999999999999,0.110061,0.320017,0.106061,-0.213956
2026-09-22T20:20:00+00:00,prs,1.721,0.111533,0.306017,0.107533,-0.198484
2026-09-22T20:21:00+00:00,prs,1.738,0.113005,0.323017,0.109005,-0.214012
2026-09-22T20:22:00+00:00,prs,1.725,0.114476,0.310017,0.110476,-0.199541
2026-09-22T20:23:00+00:00,prs,1.7389999999999999,0.115947,0.324017,0.111947,-0.21207
2026-09-22T20:24:00+00:00,prs,1.6909999999999998,0.117417,0.276017,0.113417,-0.1626
2026-09-22T20:25:00+00:00,prs,1.778,0.118887,0.363017,0.114887,-0.24813
2026-09-22T20:26:00+00:00,prs,1.7109999999999999,0.120355,0.296017,0.116355,-0.179662
2026-09-22T20:27:00+00:00,prs,1.732,0.121823,0.317017,0.117823,-0.199194
2026-09-22T20:28:00+00:00,prs,1.7149999999999999,0.12329,0.300017,0.11929,-0.180727
2026-09-22T20:29:00+00:00,prs,1.754,0.124755,0.339017,0.120755,-0.218262
2026-09-22T20:30:00+00:00,prs,1.729,0.12622,0.314017,0.12222,-0.191797
2026-09-22T20:31:00+00:00,prs,1.754,0.127683,0.339017,0.123683,-0.215334
2026-09-22T20:32:00+00:00,prs,1.756,0.129145,0.341017,0.125145,-0.215872
2026-09-22T20:33:00+00:00,prs,1.732,0.130606,0.317017,0.126606,-0.190411
2026-09-22T20:34:00+00:00,prs,1.7810000000000001,0.132065,0.366017,0.128065,-0.237952
2026-09-22T20:35:00+00:00,prs,1.752,0.133523,0.337017,0.129523,-0.207494
2026-09-22T20:36:00+00:00,prs,1.78,0.134979,0.365017,0.130979,-0.234038
2026-09-22T20:37:00+00:00,prs,1.755,0.136434,0.340017,0.132434,-0.207583
2026-09-22T20:38:00+00:00,prs,1.7469999999999999,0.137887,0.332017,0.133887,-0.19813
2026-09-22T20:39:00+00:00,prs,1.7890000000000001,0.139338,0.374017,0.135338,-0.238679
2026-09-22T20:40:00+00:00,prs,1.762,0.140787,0.347017,0.136787,-0.21023
2026-09-22T20:41:00+00:00,prs,1.783,0.142234,0.368017,0.138234,-0.229783
2026-09-22T20:42:00+00:00,prs,1.7890000000000001,0.143679,0.374017,0.139679,-0.234338
2026-09-22T20:43:00+00:00,prs,1.823,0.145122,0.408017,0.141122,-0.266895
2026-09-22T20:44:00+00:00,prs,1.7770000000000001,0.146562,0.362017,0.142562,-0.219455
2026-09-22T20:45:00+00:00,prs,1.788,0.148001,0.373017,0.144001,-0.229016
2026-09-22T20:46:00+00:00,prs,1.825,0.149437,0.410017,0.145437,-0.26458
2026-09-22T20:47:00+00:00,prs,1.783,0.15087,0.368017,0.14687,-0.221147
2026-09-22T20:48:00+00:00,prs,1.78,0.152301,0.365017,0.148301,-0.216716
2026-09-22T20:49:00+00:00,prs,1.8159999999999998,0.153729,0.401017,0.14973,-0.251287
2026-09-22T20:50:00+00:00,prs,1.759,0.155155,0.344017,0.151155,-0.192862
2026-09-22T20:51:00+00:00,prs,1.768,0.156578,0.353017,0.152578,-0.200439
2026-09-22T20:52:00+00:00,prs,1.79,0.157998,0.375017,0.153998,-0.221019
2026-09-22T20:53:00+00:00,prs,1.7810000000000001,0.159415,0.366017,0.155415,-0.210602
2026-09-22T20:54:00+00:00,prs,1.79,0.160829,0.375017,0.156829,-0.218188
2026-09-22T20:55:00+00:00,prs,1.778,0.16224,0.363017,0.15824,-0.204777
2026-09-22T20:56:00+00:00,prs,1.766,0.163648,0.351017,0.159648,-0.191369
2026-09-22T20:57:00+00:00,prs,1.838,0.165053,0.423017,0.161053,-0.261964
2026-09-22T20:58:00+00:00,prs,1.759,0.166454,0.344017,0.162454,-0.181563
2026-09-22T20:59:00+00:00,prs,1.7890000000000001,0.167852,0.374017,0.163852,-0.210165
2026-09-22T21:00:00+00:00,prs,1.814,0.169246,0.399017,0.165246,-0.233771
2026-09-22T21:01:00+00:00,prs,1.813,0.170637,0.398017,0.166637,-0.23138
2026-09-22T21:02:00+00:00,prs,1.815,0.172024,0.400017,0.168024,-0.231993
2026-09-22T21:03:00+00:00,prs,1.803,0.173407,0.388017,0.169408,-0.21861
2026-09-22T21:04:00+00:00,prs,1.8159999999999998,0.174787,0.401017,0.170787,-0.23023
2026-09-22T21:05:00+00:00,prs,1.758,0.176163,0.343017,0.172163,-0.170854
2026-09-22T21:06:00+00:00,prs,1.778,0.177535,0.363017,0.173535,-0.189482
2026-09-22T21:07:00+00:00,prs,1.811,0.178903,0.396017,0.174903,-0.221114
2026-09-22T21:08:00+00:00,prs,1.7850000000000001,0.180266,0.370017,0.176266,-0.193751
2026-09-22T21:09:00+00:00,prs,1.794,0.181626,0.379017,0.177626,-0.201391
2026-09-22T21:10:00+00:00,prs,1.7890000000000001,0.182981,0.374017,0.178981,-0.195036
2026-09-22T21:11:00+00:00,prs,1.8,0.184332,0.385017,0.180332,-0.204685
2026-09-22T21:12:00+00:00,prs,1.758,0.185679,0.343017,0.181679,-0.161338
2026-09-22T21:13:00+00:00,prs,1.854,0.187021,0.439017,0.183021,-0.255996
2026-09-22T21:14:00+00:00,prs,1.787,0.188358,0.372017,0.184358,-0.187659
2026-09-22T21:15:00+00:00,prs,1.843,0.189691,0.428017,0.185691,-0.242326
2026-09-22T21:16:00+00:00,prs,1.8359999999999999,0.191019,0.421017,0.187019,-0.233998
2026-09-22T21:17:00+00:00,prs,1.806,0.192343,0.391017,0.188343,-0.202674
2026-09-22T21:18:00+00:00,prs,1.817,0.193661,0.402017,0.189661,-0.212356
2026-09-22T21:19:00+00:00,prs,1.829,0.194975,0.414017,0.190975,-0.223042
2026-09-22T21:20:00+00:00,prs,1.807,0.196283,0.392017,0.192283,-0.199734
2026-09-22T21:21:00+00:00,prs,1.863,0.197587,0.448017,0.193587,-0.25443
2026-09-22T21:22:00+00:00,prs,1.817,0.198885,0.402017,0.194885,-0.207132
2026-09-22T21:23:00+00:00,prs,1.8439999999999999,0.200178,0.429017,0.196178,-0.232839
2026-09-22T21:24:00+00:00,prs,1.8239999999999998,0.201466,0.409017,0.197466,-0.211551
2026-09-22T21:25:00+00:00,prs,1.808,0.202748,0.393017,0.198748,-0.194269
2026-09-22T21:26:00+00:00,prs,1.818,0.204025,0.403017,0.200025,-0.202992
2026-09-22T21:27:00+00:00,prs,1.876,0.205296,0.461017,0.201296,-0.259721
2026-09-22T21:28:00+00:00,prs,1.8319999999999999,0.206562,0.417017,0.202562,-0.214455
2026-09-22T21:29:00+00:00,prs,1.834,0.207822,0.419017,0.203822,-0.215195
2026-09-22T21:30:00+00:00,prs,1.835,0.209076,0.420017,0.205077,-0.214941
2026-09-22T21:31:00+00:00,prs,1.822,0.210325,0.407017,0.206325,-0.200692
2026-09-22T21:32:00+00:00,prs,1.8359999999999999,0.211568,0.421017,0.207568,-0.213449
2026-09-22T21:33:00+00:00,prs,1.8,0.212804,0.385017,0.208804,-0.176213
2026-09-22T21:34:00+00:00,prs,1.8159999999999998,0.214035,0.401017,0.210035,-0.190982
2026-09-22T21:35:00+00:00,prs,1.815,0.215259,0.400017,0.211259,-0.188758
2026-09-22T21:36:00+00:00,prs,1.8239999999999998,0.216478,0.409017,0.212478,-0.196539
2026-09-22T21:37:00+00:00,prs,1.903,0.21769,0.488017,0.21369,-0.274327
2026-09-22T21:38:00+00:00,prs,1.874,0.218895,0.459017,0.214895,-0.244122
2026-09-22T21:39:00+00:00,prs,1.818,0.220095,0.403017,0.216095,-0.186922
2026-09-22T21:40:00+00:00,prs,1.885,0.221288,0.470017,0.217288,-0.252729
2026-09-22T21:41:00+00:00,prs,1.8439999999999999,0.222474,0.429017,0.218474,-0.210543
2026-09-22T21:42:00+00:00,prs,1.891,0.223654,0.476017,0.219654,-0.256363
2026-09-22T21:43:00+00:00,prs,1.822,0.224827,0.407017,0.220827,-0.18619
2026-09-22T21:44:00+00:00,prs,1.826,0.225993,0.411017,0.221993,-0.189024
2026-09-22T21:45:00+00:00,prs,1.8820000000000001,0.227152,0.467017,0.223153,-0.243865
2026-09-22T21:46:00+00:00,prs,1.8860000000000001,0.228305,0.471017,0.224305,-0.246712
2026-09-22T21:47:00+00:00,prs,1.81,0.229451,0.395017,0.225451,-0.169566
2026-09-22T21:48:00+00:00,prs,1.869,0.230589,0.454017,0.22659,-0.227428
2026-09-22T21:49:00+00:00,prs,1.871,0.231721,0.456017,0.227721,-0.228296
2026-09-22T21:50:00+00:00,prs,1.8439999999999999,0.232845,0.429017,0.228846,-0.200172
2026-09-22T21:51:00+00:00,prs,1.881,0.233963,0.466017,0.229963,-0.236054
2026-09-22T21:52:00+00:00,prs,1.877,0.235073,0.462017,0.231073,-0.230944
2026-09-22T21:53:00+00:00,prs,1.826,0.236175,0.411017,0.232175,-0.178842
2026-09-22T21:54:00+00:00,prs,1.8900000000000001,0.23727,0.475017,0.233271,-0.241746
2026-09-22T21:55:00+00:00,prs,1.8719999999999999,0.238358,0.457017,0.234358,-0.222659
2026-09-22T21:56:00+00:00,prs,1.823,0.239438,0.408017,0.235438,-0.172579
2026-09-22T21:57:00+00:00,prs,1.912,0.240511,0.497017,0.236511,-0.260506
2026-09-22T21:58:00+00:00,prs,1.905,0.241576,0.490017,0.237576,-0.252441
2026-09-22T21:59:00+00:00,prs,1.911,0.242633,0.496017,0.238633,-0.257384
2026-09-22T22:00:00+00:00,prs,1.905,0.243683,0.490017,0.239683,-0.250334
2026-09-22T22:01:00+00:00,prs,1.8860000000000001,0.244724,0.471017,0.240724,-0.230293
2026-09-22T22:02:00+00:00,prs,1.888,0.245758,0.473017,0.241758,-0.231259
2026-09-22T22:03:00+00:00,prs,1.897,0.246783,0.482017,0.242783,-0.239234
2026-09-22T22:04:00+00:00,prs,1.802,0.247801,0.387017,0.243801,-0.143216
2026-09-22T22:05:00+00:00,prs,1.8479999999999999,0.248811,0.433017,0.244811,-0.188206
2026-09-22T22:06:00+00:00,prs,1.835,0.249812,0.420017,0.245812,-0.174205
2026-09-22T22:07:00+00:00,prs,1.8559999999999999,0.250805,0.441017,0.246805,-0.194212
2026-09-22T22:08:00+00:00,prs,1.854,0.25179,0.439017,0.24779,-0.191227
2026-09-22T22:09:00+00:00,prs,1.8639999999999999,0.252766,0.449017,0.248766,-0.200251
2026-09-22T22:10:00+00:00,prs,1.841,0.253735,0.426017,0.249735,-0.176282
2026-09-22T22:11:00+00:00,prs,1.876,0.254694,0.461017,0.250694,-0.210323
2026-09-22T22:12:00+00:00,prs,1.874,0.255645,0.459017,0.251645,-0.207372
2026-09-22T22:13:00+00:00,prs,1.8980000000000001,0.256588,0.483017,0.252588,-0.230429
2026-09-22T22:14:00+00:00,prs,1.866,0.257522,0.451017,0.253522,-0.197495
2026-09-22T22:15:00+00:00,prs,1.889,0.258447,0.474017,0.254447,-0.21957
2026-09-22T22:16:00+00:00,prs,1.879,0.259364,0.464017,0.255364,-0.208653
2026-09-22T22:18:00+00:00,prs,1.867,0.26117,0.452017,0.25717,-0.194847
2026-09-22T22:19:00+00:00,prs,1.909,0.26206,0.494017,0.25806,-0.235957
2026-09-22T22:20:00+00:00,prs,1.875,0.262941,0.460017,0.258941,-0.201076
2026-09-22T22:21:00+00:00,prs,1.884,0.263813,0.469017,0.259813,-0.209204
2026-09-22T22:22:00+00:00,prs,1.875,0.264676,0.460017,0.260676,-0.199341
2026-09-22T22:23:00+00:00,prs,1.8980000000000001,0.26553,0.483017,0.26153,-0.221487
2026-09-22T22:24:00+00:00,prs,1.912,0.266375,0.497017,0.262375,-0.234642
2026-09-22T22:25:00+00:00,prs,1.871,0.26721,0.456017,0.26321,-0.192807
2026-09-22T22:26:00+00:00,prs,1.927,0.268036,0.512017,0.264036,-0.247981
2026-09-22T22:27:00+00:00,prs,1.912,0.268853,0.497017,0.264853,-0.232164
2026-09-22T22:28:00+00:00,prs,1.921,0.26966,0.506017,0.265661,-0.240356
2026-09-22T22:29:00+00:00,prs,1.909,0.270458,0.494017,0.266459,-0.227558
2026-09-22T22:30:00+00:00,prs,1.893,0.271247,0.478017,0.267247,-0.21077
2026-09-22T22:31:00+00:00,prs,1.9180000000000001,0.272026,0.503017,0.268026,-0.234991
2026-09-22T22:32:00+00:00,prs,1.925,0.272796,0.510017,0.268796,-0.241221
2026-09-22T22:33:00+00:00,prs,1.899,0.273555,0.484017,0.269555,-0.214462
2026-09-22T22:34:00+00:00,prs,1.88,0.274306,0.465017,0.270306,-0.194711
2026-09-22T22:35:00+00:00,prs,1.901,0.275046,0.486017,0.271046,-0.214971
2026-09-22T22:36:00+00:00,prs,1.903,0.275777,0.488017,0.271777,-0.21624
2026-09-22T22:37:00+00:00,prs,1.892,0.276498,0.477017,0.272498,-0.204519
2026-09-22T22:38:00+00:00,prs,1.888,0.277209,0.473017,0.273209,-0.199808
2026-09-22T22:39:00+00:00,prs,1.8479999999999999,0.27791,0.433017,0.27391,-0.159107
2026-09-22T22:40:00+00:00,prs,1.88,0.278601,0.465017,0.274601,-0.190416
2026-09-22T22:41:00+00:00,prs,1.881,0.279282,0.466017,0.275282,-0.190735
2026-09-22T22:42:00+00:00,prs,1.855,0.279953,0.440017,0.275954,-0.164064
2026-09-22T22:43:00+00:00,prs,1.908,0.280615,0.493017,0.276615,-0.216402
2026-09-22T22:44:00+00:00,prs,1.9140000000000001,0.281266,0.499017,0.277266,-0.221751
2026-09-22T22:45:00+00:00,prs,1.8399999999999999,0.281907,0.425017,0.277907,-0.14711
2026-09-22T22:46:00+00:00,prs,1.8559999999999999,0.282537,0.441017,0.278537,-0.16248
2026-09-22T22:47:00+00:00,prs,1.843,0.283158,0.428017,0.279158,-0.148859
2026-09-22T22:48:00+00:00,prs,1.8860000000000001,0.283768,0.471017,0.279768,-0.191249
2026-09-22T22:49:00+00:00,prs,1.8599999999999999,0.284368,0.445017,0.280368,-0.164649
2026-09-22T22:50:00+00:00,prs,1.915,0.284957,0.500017,0.280957,-0.21906
2026-09-22T22:51:00+00:00,prs,1.9060000000000001,0.285537,0.491017,0.281537,-0.20948
2026-09-22T22:52:00+00:00,prs,1.893,0.286105,0.478017,0.282105,-0.195912
2026-09-22T22:53:00+00:00,prs,1.9100000000000001,0.286664,0.495017,0.282664,-0.212353
2026-09-22T22:54:00+00:00,prs,1.8860000000000001,0.287211,0.471017,0.283212,-0.187806
2026-09-22T22:55:00+00:00,prs,1.8820000000000001,0.287749,0.467017,0.283749,-0.183268
2026-09-22T22:56:00+00:00,prs,1.863,0.288275,0.448017,0.284276,-0.163742
2026-09-22T22:57:00+00:00,prs,1.8559999999999999,0.288792,0.441017,0.284792,-0.156225
2026-09-22T22:58:00+00:00,prs,1.8639999999999999,0.289297,0.449017,0.285297,-0.16372
2026-09-22T22:59:00+00:00,prs,1.9060000000000001,0.289792,0.491017,0.285792,-0.205225
2026-09-22T23:00:00+00:00,prs,1.892,0.290276,0.477017,0.286276,-0.190741
2026-09-22T23:01:00+00:00,prs,1.8780000000000001,0.290749,0.463017,0.286749,-0.176268
2026-09-22T23:02:00+00:00,prs,1.897,0.291212,0.482017,0.287212,-0.194805
2026-09-22T23:03:00+00:00,prs,1.8900000000000001,0.291664,0.475017,0.287664,-0.187353
2026-09-22T23:04:00+00:00,prs,1.8980000000000001,0.292105,0.483017,0.288105,-0.194912
2026-09-22T23:05:00+00:00,prs,1.8279999999999998,0.292535,0.413017,0.288535,-0.124482
2026-09-22T23:06:00+00:00,prs,1.857,0.292954,0.442017,0.288955,-0.153063
2026-09-22T23:07:00+00:00,prs,1.884,0.293363,0.469017,0.289363,-0.179654
2026-09-22T23:08:00+00:00,prs,1.8679999999999999,0.29376,0.453017,0.28976,-0.163257
2026-09-22T23:09:00+00:00,prs,1.87,0.294147,0.455017,0.290147,-0.16487
2026-09-22T23:10:00+00:00,prs,1.87,0.294522,0.455017,0.290522,-0.164495
2026-09-22T23:11:00+00:00,prs,1.876,0.294887,0.461017,0.290887,-0.17013
2026-09-22T23:12:00+00:00,prs,1.8479999999999999,0.29524,0.433017,0.29124,-0.141777
2026-09-22T23:13:00+00:00,prs,1.861,0.295583,0.446017,0.291583,-0.154434
2026-09-22T23:14:00+00:00,prs,1.899,0.295914,0.484017,0.291914,-0.192103
2026-09-22T23:15:00+00:00,prs,1.908,0.296234,0.493017,0.292234,-0.200783
2026-09-22T23:16:00+00:00,prs,1.8439999999999999,0.296543,0.429017,0.292544,-0.136474
2026-09-22T23:17:00+00:00,prs,1.8359999999999999,0.296841,0.421017,0.292841,-0.128176
2026-09-22T23:18:00+00:00,prs,1.833,0.297128,0.418017,0.293128,-0.124889
2026-09-22T23:19:00+00:00,prs,1.861,0.297404,0.446017,0.293404,-0.152613
2026-09-22T23:20:00+00:00,prs,1.876,0.297668,0.461017,0.293668,-0.167349
2026-09-22T23:21:00+00:00,prs,1.881,0.297921,0.466017,0.293921,-0.172096
2026-09-22T23:22:00+00:00,prs,1.8359999999999999,0.298163,0.421017,0.294163,-0.126854
2026-09-22T23:23:00+00:00,prs,1.845,0.298394,0.430017,0.294394,-0.135623
2026-09-22T23:24:00+00:00,prs,1.876,0.298613,0.461017,0.294613,-0.166404
2026-09-22T23:25:00+00:00,prs,1.875,0.298821,0.460017,0.294821,-0.165196
2026-09-22T23:26:00+00:00,prs,1.8599999999999999,0.299018,0.445017,0.295018,-0.149999
2026-09-22T23:27:00+00:00,prs,1.87,0.299203,0.455017,0.295203,-0.159814
2026-09-22T23:28:00+00:00,prs,1.857,0.299377,0.442017,0.295377,-0.14664
2026-09-22T23:29:00+00:00,prs,1.879,0.29954,0.464017,0.29554,-0.168477
2026-09-22T23:30:00+00:00,prs,1.842,0.299691,0.427017,0.295691,-0.131326
2026-09-22T23:31:00+00:00,prs,1.855,0.299831,0.440017,0.295831,-0.144186
2026-09-22T23:32:00+00:00,prs,1.847,0.299959,0.432017,0.295959,-0.136058
2026-09-22T23:33:00+00:00,prs,1.849,0.300076,0.434017,0.296076,-0.137941
2026-09-22T23:34:00+00:00,prs,1.796,0.300182,0.381017,0.296182,-0.084835
2026-09-22T23:35:00+00:00,prs,1.8090000000000002,0.300276,0.394017,0.296276,-0.097741
2026-09-22T23:36:00+00:00,prs,1.812,0.300359,0.397017,0.296359,-0.100658
2026-09-22T23:37:00+00:00,prs,1.823,0.30043,0.408017,0.29643,-0.111587
2026-09-22T23:38:00+00:00,prs,1.767,0.30049,0.352017,0.29649,-0.055527
2026-09-22T23:39:00+00:00,prs,1.8599999999999999,0.300538,0.445017,0.296538,-0.148479
2026-09-22T23:40:00+00:00,prs,1.831,0.300575,0.416017,0.296575,-0.119442
2026-09-22T23:41:00+00:00,prs,1.823,0.3006,0.408017,0.2966,-0.111417
2026-09-22T23:42:00+00:00,prs,1.7730000000000001,0.300614,0.358017,0.296614,-0.061403
2026-09-22T23:43:00+00:00,prs,1.794,0.300617,0.379017,0.296617,-0.0824
2026-09-22T23:44:00+00:00,prs,1.8479999999999999,0.300608,0.433017,0.296608,-0.136409
2026-09-22T23:45:00+00:00,prs,1.807,0.300587,0.392017,0.296587,-0.09543
2026-09-22T23:46:00+00:00,prs,1.831,0.300555,0.416017,0.296555,-0.119462
2026-09-22T23:47:00+00:00,prs,1.855,0.300511,0.440017,0.296511,-0.143506
2026-09-22T23:48:00+00:00,prs,1.786,0.300456,0.371017,0.296456,-0.074561
2026-09-22T23:49:00+00:00,prs,1.855,0.300389,0.440017,0.296389,-0.143628
2026-09-22T23:50:00+00:00,prs,1.818,0.300311,0.403017,0.296311,-0.106706
2026-09-22T23:51:00+00:00,prs,1.7930000000000001,0.300221,0.378017,0.296221,-0.081796
2026-09-22T23:52:00+00:00,prs,1.802,0.30012,0.387017,0.29612,-0.090897
2026-09-22T23:53:00+00:00,prs,1.736,0.300007,0.321017,0.296007,-0.02501
2026-09-22T23:54:00+00:00,prs,1.782,0.299883,0.367017,0.295883,-0.071134
2026-09-22T23:55:00+00:00,prs,1.813,0.299747,0.398017,0.295747,-0.10227
2026-09-22T23:56:00+00:00,prs,1.812,0.2996,0.397017,0.2956,-0.101417
2026-09-22T23:57:00+00:00,prs,1.8,0.299441,0.385017,0.295441,-0.089576
2026-09-22T23:58:00+00:00,prs,1.7850000000000001,0.299271,0.370017,0.295271,-0.074746
2026-09-22T23:59:00+00:00,prs,1.791,0.299089,0.376017,0.295089,-0.080928
2026-09-23T00:00:00+00:00,prs,1.821,0.298896,0.406017,0.294896,-0.111121
2026-09-23T00:01:00+00:00,prs,1.7930000000000001,0.298691,0.378017,0.294691,-0.083326
2026-09-23T00:02:00+00:00,prs,1.8,0.298475,0.385017,0.294475,-0.090542
2026-09-23T00:03:00+00:00,prs,1.767,0.298247,0.352017,0.294248,-0.057769
2026-09-23T00:04:00+00:00,prs,1.778,0.298008,0.363017,0.294008,-0.069009
2026-09-23T00:05:00+00:00,prs,1.8050000000000002,0.297758,0.390017,0.293758,-0.096259
2026-09-23T00:06:00+00:00,prs,1.794,0.297496,0.379017,0.293496,-0.085521
2026-09-23T00:07:00+00:00,prs,1.806,0.297222,0.391017,0.293223,-0.097795
2026-09-23T00:08:00+00:00,prs,1.798,0.296938,0.383017,0.292938,-0.090079
2026-09-23T00:09:00+00:00,prs,1.7850000000000001,0.296641,0.370017,0.292642,-0.077376
2026-09-23T00:10:00+00:00,prs,1.8279999999999998,0.296334,0.413017,0.292334,-0.120683
2026-09-23T00:11:00+00:00,prs,1.79,0.296015,0.375017,0.292015,-0.083002
2026-09-23T00:12:00+00:00,prs,1.782,0.295684,0.367017,0.291685,-0.075332
2026-09-23T00:13:00+00:00,prs,1.818,0.295343,0.403017,0.291343,-0.111674
2026-09-23T00:14:00+00:00,prs,1.81,0.29499,0.395017,0.29099,-0.104027
2026-09-23T00:15:00+00:00,prs,1.788,0.294625,0.373017,0.290626,-0.082392
2026-09-23T00:16:00+00:00,prs,1.7970000000000002,0.29425,0.382017,0.29025,-0.091767
2026-09-23T00:17:00+00:00,prs,1.759,0.293863,0.344017,0.289863,-0.054154
2026-09-23T00:18:00+00:00,prs,1.795,0.293465,0.380017,0.289465,-0.090552
2026-09-23T00:19:00+00:00,prs,1.8,0.293055,0.385017,0.289055,-0.095962
2026-09-23T00:20:00+00:00,prs,1.804,0.292635,0.389017,0.288635,-0.100382
2026-09-23T00:21:00+00:00,prs,1.751,0.292203,0.336017,0.288203,-0.047814
2026-09-23T00:22:00+00:00,prs,1.7469999999999999,0.29176,0.332017,0.28776,-0.044257
2026-09-23T00:23:00+00:00,prs,1.7269999999999999,0.291306,0.312017,0.287306,-0.024711
2026-09-23T00:24:00+00:00,prs,1.7530000000000001,0.29084,0.338017,0.28684,-0.051177
2026-09-23T00:25:00+00:00,prs,1.741,0.290364,0.326017,0.286364,-0.039653
2026-09-23T00:26:00+00:00,prs,1.7650000000000001,0.289876,0.350017,0.285876,-0.064141
2026-09-23T00:27:00+00:00,prs,1.728,0.289377,0.313017,0.285378,-0.02764
2026-09-23T00:28:00+00:00,prs,1.7069999999999999,0.288868,0.292017,0.284868,-0.007149
2026-09-23T00:29:00+00:00,prs,1.746,0.288347,0.331017,0.284347,-0.04667
2026-09-23T00:30:00+00:00,prs,1.7429999999999999,0.287815,0.328017,0.283815,-0.044202
2026-09-23T00:31:00+00:00,prs,1.752,0.287273,0.337017,0.283273,-0.053744
2026-09-23T00:32:00+00:00,prs,1.771,0.286719,0.356017,0.282719,-0.073298
2026-09-23T00:33:00+00:00,prs,1.754,0.286154,0.339017,0.282154,-0.056863
2026-09-23T00:34:00+00:00,prs,1.7610000000000001,0.285579,0.346017,0.281579,-0.064438
2026-09-23T00:35:00+00:00,prs,1.756,0.284992,0.341017,0.280993,-0.060024
2026-09-23T00:36:00+00:00,prs,1.738,0.284395,0.323017,0.280395,-0.042622
2026-09-23T00:37:00+00:00,prs,1.746,0.283787,0.331017,0.279787,-0.05123
2026-09-23T00:38:00+00:00,prs,1.7349999999999999,0.283169,0.320017,0.279169,-0.040848
2026-09-23T00:39:00+00:00,prs,1.7189999999999999,0.282539,0.304017,0.278539,-0.025478
2026-09-23T00:40:00+00:00,prs,1.736,0.281899,0.321017,0.277899,-0.043118
2026-09-23T00:41:00+00:00,prs,1.7429999999999999,0.281248,0.328017,0.277248,-0.050769
2026-09-23T00:42:00+00:00,prs,1.745,0.280586,0.330017,0.276586,-0.053431
2026-09-23T00:43:00+00:00,prs,1.729,0.279914,0.314017,0.275914,-0.038103
2026-09-23T00:44:00+00:00,prs,1.686,0.279231,0.271017,0.275231,0.004214
2026-09-23T00:45:00+00:00,prs,1.7069999999999999,0.278538,0.292017,0.274538,-0.017479
2026-09-23T00:46:00+00:00,prs,1.716,0.277834,0.301017,0.273834,-0.027183
2026-09-23T00:47:00+00:00,prs,1.7389999999999999,0.27712,0.324017,0.27312,-0.050897
2026-09-23T00:48:00+00:00,prs,1.696,0.276395,0.281017,0.272395,-0.008622
2026-09-23T00:49:00+00:00,prs,1.7,0.27566,0.285017,0.27166,-0.013357
2026-09-23T00:50:00+00:00,prs,1.687,0.274915,0.272017,0.270915,-0.001102
2026-09-23T00:51:00+00:00,prs,1.738,0.274159,0.323017,0.270159,-0.052858
2026-09-23T00:52:00+00:00,prs,1.746,0.273393,0.331017,0.269393,-0.061624
2026-09-23T00:53:00+00:00,prs,1.7309999999999999,0.272616,0.316017,0.268616,-0.047401
2026-09-23T00:54:00+00:00,prs,1.7189999999999999,0.27183,0.304017,0.26783,-0.036187
2026-09-23T00:55:00+00:00,prs,1.72,0.271033,0.305017,0.267033,-0.037984
2026-09-23T00:56:00+00:00,prs,1.71,0.270226,0.295017,0.266226,-0.028791
2026-09-23T00:57:00+00:00,prs,1.756,0.269409,0.341017,0.265409,-0.075608
2026-09-23T00:58:00+00:00,prs,1.725,0.268582,0.310017,0.264582,-0.045435
2026-09-23T00:59:00+00:00,prs,1.7269999999999999,0.267745,0.312017,0.263745,-0.048272
2026-09-23T01:00:00+00:00,prs,1.71,0.266898,0.295017,0.262898,-0.032119
2026-09-23T01:01:00+00:00,prs,1.683,0.266041,0.268017,0.262041,-0.005976
2026-09-23T01:02:00+00:00,prs,1.669,0.265174,0.254017,0.261174,0.007157
2026-09-23T01:03:00+00:00,prs,1.681,0.264298,0.266017,0.260298,-0.005719
2026-09-23T01:04:00+00:00,prs,1.662,0.263411,0.247017,0.259411,0.012394
2026-09-23T01:05:00+00:00,prs,1.698,0.262515,0.283017,0.258515,-0.024502
2026-09-23T01:06:00+00:00,prs,1.67,0.261609,0.255017,0.257609,0.002592
2026-09-23T01:07:00+00:00,prs,1.654,0.260694,0.239017,0.256694,0.017677
2026-09-23T01:08:00+00:00,prs,1.641,0.259769,0.226017,0.255769,0.029752
2026-09-23T01:09:00+00:00,prs,1.616,0.258834,0.201017,0.254834,0.053817
2026-09-23T01:10:00+00:00,prs,1.6760000000000002,0.25789,0.261017,0.25389,-0.007127
2026-09-23T01:11:00+00:00,prs,1.6440000000000001,0.256936,0.229017,0.252936,0.023919
2026-09-23T01:12:00+00:00,prs,1.6360000000000001,0.255973,0.221017,0.251973,0.030956
2026-09-23T01:13:00+00:00,prs,1.635,0.255001,0.220017,0.251001,0.030984
2026-09-23T01:14:00+00:00,prs,1.653,0.254019,0.238017,0.250019,0.012002
2026-09-23T01:15:00+00:00,prs,1.6480000000000001,0.253028,0.233017,0.249029,0.016012
2026-09-23T01:16:00+00:00,prs,1.642,0.252028,0.227017,0.248029,0.021011
2026-09-23T01:17:00+00:00,prs,1.638,0.251019,0.223017,0.247019,0.024002
2026-09-23T01:18:00+00:00,prs,1.639,0.250001,0.224017,0.246001,0.021984
2026-09-23T01:19:00+00:00,prs,1.67,0.248973,0.255017,0.244974,-0.010043
2026-09-23T01:20:00+00:00,prs,1.6360000000000001,0.247937,0.221017,0.243937,0.02292
2026-09-23T01:21:00+00:00,prs,1.599,0.246892,0.184017,0.242892,0.058875
2026-09-23T01:22:00+00:00,prs,1.624,0.245838,0.209017,0.241838,0.032821
2026-09-23T01:23:00+00:00,prs,1.611,0.244775,0.196017,0.240775,0.044758
2026-09-23T01:24:00+00:00,prs,1.6219999999999999,0.243703,0.207017,0.239703,0.032686
2026-09-23T01:25:00+00:00,prs,1.599,0.242622,0.184017,0.238623,0.054606
2026-09-23T01:26:00+00:00,prs,1.6059999999999999,0.241533,0.191017,0.237533,0.046516
2026-09-23T01:27:00+00:00,prs,1.596,0.240436,0.181017,0.236436,0.055419
2026-09-23T01:28:00+00:00,prs,1.6019999999999999,0.239329,0.187017,0.235329,0.048312
2026-09-23T01:29:00+00:00,prs,1.634,0.238215,0.219017,0.234215,0.015198
2026-09-23T01:30:00+00:00,prs,1.554,0.237091,0.139017,0.233092,0.094074
2026-09-23T01:31:00+00:00,prs,1.567,0.23596,0.152017,0.23196,0.079943
2026-09-23T01:32:00+00:00,prs,1.615,0.23482,0.200017,0.23082,0.030803
2026-09-23T01:33:00+00:00,prs,1.5819999999999999,0.233672,0.167017,0.229672,0.062655
2026-09-23T01:34:00+00:00,prs,1.58,0.232516,0.165017,0.228516,0.063499
2026-09-23T01:35:00+00:00,prs,1.615,0.231351,0.200017,0.227351,0.027334
2026-09-23T01:36:00+00:00,prs,1.603,0.230179,0.188017,0.226179,0.038162
2026-09-23T01:37:00+00:00,prs,1.601,0.228998,0.186017,0.224998,0.038981
2026-09-23T01:38:00+00:00,prs,1.62,0.22781,0.205017,0.22381,0.018793
2026-09-23T01:39:00+00:00,prs,1.615,0.226613,0.200017,0.222614,0.022597
2026-09-23T01:40:00+00:00,prs,1.627,0.225409,0.212017,0.221409,0.009392
2026-09-23T01:41:00+00:00,prs,1.625,0.224197,0.210017,0.220198,0.01018
2026-09-23T01:42:00+00:00,prs,1.631,0.222978,0.216017,0.218978,0.002961
2026-09-23T01:43:00+00:00,prs,1.607,0.221751,0.192017,0.217751,0.025734
2026-09-23T01:44:00+00:00,prs,1.584,0.220516,0.169017,0.216516,0.047499
2026-09-23T01:45:00+00:00,prs,1.615,0.219274,0.200017,0.215274,0.015257
2026-09-23T01:46:00+00:00,prs,1.615,0.218024,0.200017,0.214024,0.014007
2026-09-23T01:47:00+00:00,prs,1.6019999999999999,0.216767,0.187017,0.212767,0.02575
2026-09-23T01:48:00+00:00,prs,1.608,0.215502,0.193017,0.211503,0.018485
2026-09-23T01:49:00+00:00,prs,1.5899999999999999,0.214231,0.175017,0.210231,0.035214
2026-09-23T01:50:00+00:00,prs,1.5979999999999999,0.212952,0.183017,0.208952,0.025935
2026-09-23T01:51:00+00:00,prs,1.6099999999999999,0.211666,0.195017,0.207666,0.012649
2026-09-23T01:52:00+00:00,prs,1.604,0.210373,0.189017,0.206373,0.017356
2026-09-23T01:53:00+00:00,prs,1.579,0.209073,0.164017,0.205073,0.041056
2026-09-23T01:54:00+00:00,prs,1.5939999999999999,0.207766,0.179017,0.203766,0.024749
2026-09-23T01:55:00+00:00,prs,1.6019999999999999,0.206453,0.187017,0.202453,0.015436
2026-09-23T01:56:00+00:00,prs,1.571,0.205132,0.156017,0.201132,0.045115
2026-09-23T01:57:00+00:00,prs,1.554,0.203805,0.139017,0.199805,0.060788
2026-09-23T01:58:00+00:00,prs,1.556,0.202471,0.141017,0.198472,0.057455
2026-09-23T01:59:00+00:00,prs,1.56,0.201131,0.145017,0.197131,0.052114
2026-09-23T02:00:00+00:00,prs,1.5390000000000001,0.199784,0.124017,0.195784,0.071767
2026-09-23T02:01:00+00:00,prs,1.596,0.198431,0.181017,0.194431,0.013414
2026-09-23T02:02:00+00:00,prs,1.568,0.197072,0.153017,0.193072,0.040055
2026-09-23T02:03:00+00:00,prs,1.546,0.195706,0.131017,0.191706,0.060689
2026-09-23T02:04:00+00:00,prs,1.569,0.194334,0.154017,0.190334,0.036317
2026-09-23T02:05:00+00:00,prs,1.5510000000000002,0.192956,0.136017,0.188956,0.052939
2026-09-23T02:06:00+00:00,prs,1.5150000000000001,0.191571,0.100017,0.187571,0.087554
2026-09-23T02:07:00+00:00,prs,1.532,0.190181,0.117017,0.186181,0.069164
2026-09-23T02:08:00+00:00,prs,1.553,0.188785,0.138017,0.184785,0.046768
2026-09-23T02:09:00+00:00,prs,1.545,0.187383,0.130017,0.183383,0.053366
2026-09-23T02:10:00+00:00,prs,1.5699999999999998,0.185975,0.155017,0.181975,0.026958
2026-09-23T02:11:00+00:00,prs,1.548,0.184562,0.133017,0.180562,0.047545
2026-09-23T02:12:00+00:00,prs,1.53,0.183143,0.115017,0.179143,0.064126
2026-09-23T02:13:00+00:00,prs,1.541,0.181718,0.126017,0.177718,0.051701
2026-09-23T02:14:00+00:00,prs,1.534,0.180288,0.119017,0.176288,0.057271
2026-09-23T02:15:00+00:00,prs,1.571,0.178852,0.156017,0.174853,0.018835
2026-09-23T02:16:00+00:00,prs,1.576,0.177412,0.161017,0.173412,0.012395
2026-09-23T02:17:00+00:00,prs,1.532,0.175966,0.117017,0.171966,0.054949
2026-09-23T02:18:00+00:00,prs,1.5430000000000001,0.174514,0.128017,0.170514,0.042497
2026-09-23T02:19:00+00:00,prs,1.5150000000000001,0.173058,0.100017,0.169058,0.069041
2026-09-23T02:20:00+00:00,prs,1.54,0.171596,0.125017,0.167597,0.042579
2026-09-23T02:21:00+00:00,prs,1.52,0.17013,0.105017,0.16613,0.061113
2026-09-23T02:22:00+00:00,prs,1.528,0.168659,0.113017,0.164659,0.051642
2026-09-23T02:23:00+00:00,prs,1.5150000000000001,0.167183,0.100017,0.163183,0.063166
2026-09-23T02:24:00+00:00,prs,1.5070000000000001,0.165702,0.092017,0.161702,0.069685
2026-09-23T02:25:00+00:00,prs,1.502,0.164217,0.087017,0.160217,0.0732
2026-09-23T02:26:00+00:00,prs,1.472,0.162727,0.057017,0.158727,0.10171
2026-09-23T02:27:00+00:00,prs,1.5070000000000001,0.161232,0.092017,0.157232,0.065215
2026-09-23T02:28:00+00:00,prs,1.499,0.159733,0.084017,0.155733,0.071716
2026-09-23T02:29:00+00:00,prs,1.4689999999999999,0.15823,0.054017,0.15423,0.100213
2026-09-23T02:30:00+00:00,prs,1.474,0.156722,0.059017,0.152722,0.093705
2026-09-23T02:31:00+00:00,prs,1.483,0.155211,0.068017,0.151211,0.083194
2026-09-23T02:32:00+00:00,prs,1.4969999999999999,0.153695,0.082017,0.149695,0.067678
2026-09-23T02:33:00+00:00,prs,1.5030000000000001,0.152175,0.088017,0.148175,0.060158
2026-09-23T02:34:00+00:00,prs,1.475,0.150651,0.060017,0.146651,0.086634
2026-09-23T02:35:00+00:00,prs,1.504,0.149124,0.089017,0.145124,0.056107
2026-09-23T02:36:00+00:00,prs,1.487,0.147592,0.072017,0.143592,0.071575
2026-09-23T02:37:00+00:00,prs,1.487,0.146057,0.072017,0.142057,0.07004
2026-09-23T02:38:00+00:00,prs,1.49,0.144518,0.075017,0.140518,0.065501
2026-09-23T02:39:00+00:00,prs,1.483,0.142976,0.068017,0.138976,0.070959
2026-09-23T02:40:00+00:00,prs,1.488,0.14143,0.073017,0.13743,0.064413
2026-09-23T02:41:00+00:00,prs,1.504,0.139881,0.089017,0.135881,0.046864
2026-09-23T02:42:00+00:00,prs,1.5030000000000001,0.138328,0.088017,0.134328,0.046311
2026-09-23T02:43:00+00:00,prs,1.4849999999999999,0.136772,0.070017,0.132772,0.062755
2026-09-23T02:44:00+00:00,prs,1.46,0.135213,0.045017,0.131213,0.086196
2026-09-23T02:45:00+00:00,prs,1.465,0.133651,0.050017,0.129651,0.079634
2026-09-23T02:46:00+00:00,prs,1.45,0.132086,0.035017,0.128086,0.093069
2026-09-23T02:47:00+00:00,prs,1.437,0.130518,0.022017,0.126518,0.104501
2026-09-23T02:48:00+00:00,prs,1.468,0.128947,0.053017,0.124947,0.07193
2026-09-23T02:49:00+00:00,prs,1.44,0.127373,0.025017,0.123373,0.098356
2026-09-23T02:50:00+00:00,prs,1.434,0.125797,0.019017,0.121797,0.10278
2026-09-23T02:51:00+00:00,prs,1.409,0.124218,-0.005983,0.120218,0.126201
2026-09-23T02:52:00+00:00,prs,1.429,0.122637,0.014017,0.118637,0.10462
2026-09-23T02:53:00+00:00,prs,1.457,0.121053,0.042017,0.117053,0.075036
2026-09-23T02:54:00+00:00,prs,1.457,0.119466,0.042017,0.115466,0.073449
2026-09-23T02:55:00+00:00,prs,1.451,0.117878,0.036017,0.113878,0.077861
2026-09-23T02:56:00+00:00,prs,1.437,0.116287,0.022017,0.112287,0.09027
2026-09-23T02:57:00+00:00,prs,1.429,0.114694,0.014017,0.110694,0.096677
2026-09-23T02:58:00+00:00,prs,1.447,0.113099,0.032017,0.109099,0.077082
2026-09-23T02:59:00+00:00,prs,1.419,0.111502,0.004017,0.107502,0.103485
2026-09-23T03:00:00+00:00,prs,1.389,0.109903,-0.025983,0.105903,0.131886
2026-09-23T03:01:00+00:00,prs,1.409,0.108303,-0.005983,0.104303,0.110286
2026-09-23T03:02:00+00:00,prs,1.426,0.1067,0.011017,0.1027,0.091683
2026-09-23T03:03:00+00:00,prs,1.417,0.105096,0.002017,0.101096,0.099079
2026-09-23T03:04:00+00:00,prs,1.418,0.103491,0.003017,0.099491,0.096474
2026-09-23T03:05:00+00:00,prs,1.397,0.101884,-0.017983,0.097884,0.115867
2026-09-23T03:06:00+00:00,prs,1.3860000000000001,0.100275,-0.028983,0.096275,0.125258
2026-09-23T03:07:00+00:00,prs,1.4,0.098665,-0.014983,0.094665,0.109648
2026-09-23T03:08:00+00:00,prs,1.401,0.097054,-0.013983,0.093054,0.107037
2026-09-23T03:09:00+00:00,prs,1.388,0.095442,-0.026983,0.091442,0.118425
2026-09-23T03:10:00+00:00,prs,1.432,0.093829,0.017017,0.089829,0.072812
2026-09-23T03:11:00+00:00,prs,1.392,0.092215,-0.022983,0.088215,0.111198
2026-09-23T03:12:00+00:00,prs,1.3820000000000001,0.090599,-0.032983,0.086599,0.119582
2026-09-23T03:13:00+00:00,prs,1.3780000000000001,0.088983,-0.036983,0.084983,0.121966
2026-09-23T03:14:00+00:00,prs,1.389,0.087366,-0.025983,0.083367,0.109349
2026-09-23T03:15:00+00:00,prs,1.384,0.085749,-0.030983,0.081749,0.112732
2026-09-23T03:16:00+00:00,prs,1.366,0.084131,-0.048983,0.080131,0.129114
2026-09-23T03:17:00+00:00,prs,1.371,0.082512,-0.043983,0.078512,0.122495
2026-09-23T03:18:00+00:00,prs,1.376,0.080893,-0.038983,0.076893,0.115876
2026-09-23T03:19:00+00:00,prs,1.383,0.079274,-0.031983,0.075274,0.107257
2026-09-23T03:20:00+00:00,prs,1.392,0.077654,-0.022983,0.073654,0.096637
2026-09-23T03:21:00+00:00,prs,1.389,0.076034,-0.025983,0.072034,0.098017
2026-09-23T03:22:00+00:00,prs,1.383,0.074414,-0.031983,0.070414,0.102397
2026-09-23T03:23:00+00:00,prs,1.392,0.072794,-0.022983,0.068794,0.091777
2026-09-23T03:24:00+00:00,prs,1.373,0.071174,-0.041983,0.067174,0.109157
2026-09-23T03:25:00+00:00,prs,1.353,0.069554,-0.061983,0.065554,0.127537
2026-09-23T03:26:00+00:00,prs,1.373,0.067934,-0.041983,0.063934,0.105917
2026-09-23T03:27:00+00:00,prs,1.376,0.066314,-0.038983,0.062314,0.101297
2026-09-23T03:28:00+00:00,prs,1.365,0.064695,-0.049983,0.060695,0.110678
2026-09-23T03:29:00+00:00,prs,1.35,0.063076,-0.064983,0.059076,0.124059
2026-09-23T03:30:00+00:00,prs,1.358,0.061458,-0.056983,0.057458,0.114441
2026-09-23T03:31:00+00:00,prs,1.365,0.05984,-0.049983,0.05584,0.105823
2026-09-23T03:32:00+00:00,prs,1.373,0.058223,-0.041983,0.054223,0.096206
2026-09-23T03:33:00+00:00,prs,1.334,0.056607,-0.080983,0.052607,0.13359
2026-09-23T03:34:00+00:00,prs,1.328,0.054991,-0.086983,0.050992,0.137974
2026-09-23T03:35:00+00:00,prs,1.347,0.053377,-0.067983,0.049377,0.11736
2026-09-23T03:36:00+00:00,prs,1.3599999999999999,0.051763,-0.054983,0.047763,0.102746
2026-09-23T03:37:00+00:00,prs,1.357,0.050151,-0.057983,0.046151,0.104134
2026-09-23T03:38:00+00:00,prs,1.339,0.048539,-0.075983,0.044539,0.120522
2026-09-23T03:39:00+00:00,prs,1.357,0.046929,-0.057983,0.042929,0.100912
2026-09-23T03:40:00+00:00,prs,1.355,0.04532,-0.059983,0.04132,0.101303
2026-09-23T03:41:00+00:00,prs,1.362,0.043712,-0.052983,0.039712,0.092695
2026-09-23T03:42:00+00:00,prs,1.347,0.042106,-0.067983,0.038106,0.106089
2026-09-23T03:43:00+00:00,prs,1.3719999999999999,0.040501,-0.042983,0.036502,0.079485
2026-09-23T03:44:00+00:00,prs,1.369,0.038898,-0.045983,0.034898,0.080881
2026-09-23T03:45:00+00:00,prs,1.358,0.037297,-0.056983,0.033297,0.09028
2026-09-23T03:46:00+00:00,prs,1.358,0.035697,-0.056983,0.031697,0.08868
2026-09-23T03:47:00+00:00,prs,1.331,0.034099,-0.083983,0.030099,0.114082
2026-09-23T03:48:00+00:00,prs,1.355,0.032503,-0.059983,0.028503,0.088486
2026-09-23T03:49:00+00:00,prs,1.341,0.030909,-0.073983,0.026909,0.100892
2026-09-23T03:50:00+00:00,prs,1.337,0.029317,-0.077983,0.025317,0.1033
2026-09-23T03:51:00+00:00,prs,1.345,0.027727,-0.069983,0.023727,0.09371
2026-09-23T03:52:00+00:00,prs,1.345,0.02614,-0.069983,0.02214,0.092123
2026-09-23T03:53:00+00:00,prs,1.338,0.024554,-0.076983,0.020554,0.097537
2026-09-23T03:54:00+00:00,prs,1.32,0.022971,-0.094983,0.018971,0.113954
2026-09-23T03:55:00+00:00,prs,1.326,0.02139,-0.088983,0.01739,0.106373
2026-09-23T03:56:00+00:00,prs,1.336,0.019812,-0.078983,0.015812,0.094795
2026-09-23T03:57:00+00:00,prs,1.324,0.018236,-0.090983,0.014236,0.105219
2026-09-23T03:58:00+00:00,prs,1.294,0.016663,-0.120983,0.012663,0.133646
2026-09-23T03:59:00+00:00,prs,1.321,0.015093,-0.093983,0.011093,0.105076
2026-09-23T04:00:00+00:00,prs,1.345,0.013525,-0.069983,0.009525,0.079508
2026-09-23T04:01:00+00:00,prs,1.311,0.01196,-0.103983,0.00796,0.111943
2026-09-23T04:02:00+00:00,prs,1.33,0.010398,-0.084983,0.006398,0.091381
2026-09-23T04:03:00+00:00,prs,1.325,0.008839,-0.089983,0.004839,0.094822
2026-09-23T04:04:00+00:00,prs,1.317,0.007284,-0.097983,0.003284,0.101267
2026-09-23T04:05:00+00:00,prs,1.339,0.005731,-0.075983,0.001731,0.077714
2026-09-23T04:06:00+00:00,prs,1.303,0.004181,-0.111983,0.000181,0.112164
2026-09-23T04:07:00+00:00,prs,1.318,0.002635,-0.096983,-0.001365,0.095618
2026-09-23T04:08:00+00:00,prs,1.317,0.001092,-0.097983,-0.002908,0.095075
2026-09-23T04:09:00+00:00,prs,1.288,-0.000448,-0.126983,-0.004447,0.122535
2026-09-23T04:10:00+00:00,prs,1.307,-0.001984,-0.107983,-0.005984,0.101999
2026-09-23T04:11:00+00:00,prs,1.322,-0.003516,-0.092983,-0.007516,0.085467
2026-09-23T04:12:00+00:00,prs,1.296,-0.005045,-0.118983,-0.009045,0.109938
2026-09-23T04:13:00+00:00,prs,1.296,-0.00657,-0.118983,-0.01057,0.108413
2026-09-23T04:14:00+00:00,prs,1.302,-0.008092,-0.112983,-0.012092,0.100891
2026-09-23T04:15:00+00:00,prs,1.302,-0.00961,-0.112983,-0.01361,0.099373
2026-09-23T04:16:00+00:00,prs,1.312,-0.011124,-0.102983,-0.015123,0.08786
2026-09-23T04:17:00+00:00,prs,1.2690000000000001,-0.012633,-0.145983,-0.016633,0.12935
2026-09-23T04:18:00+00:00,prs,1.294,-0.014139,-0.120983,-0.018139,0.102844
2026-09-23T04:19:00+00:00,prs,1.284,-0.015641,-0.130983,-0.019641,0.111342
2026-09-23T04:20:00+00:00,prs,1.293,-0.017139,-0.121983,-0.021139,0.100844
2026-09-23T04:21:00+00:00,prs,1.276,-0.018632,-0.138983,-0.022632,0.116351
2026-09-23T04:22:00+00:00,prs,1.27,-0.020121,-0.144983,-0.024121,0.120862
2026-09-23T04:23:00+00:00,prs,1.285,-0.021606,-0.129983,-0.025606,0.104377
2026-09-23T04:24:00+00:00,prs,1.262,-0.023087,-0.152983,-0.027087,0.125896
2026-09-23T04:25:00+00:00,prs,1.2570000000000001,-0.024563,-0.157983,-0.028563,0.12942
2026-09-23T04:26:00+00:00,prs,1.25,-0.026034,-0.164983,-0.030034,0.134949
2026-09-23T04:27:00+00:00,prs,1.258,-0.027501,-0.156983,-0.031501,0.125482
2026-09-23T04:28:00+00:00,prs,1.249,-0.028963,-0.165983,-0.032963,0.13302
2026-09-23T04:29:00+00:00,prs,1.236,-0.030421,-0.178983,-0.034421,0.144562
2026-09-23T04:30:00+00:00,prs,1.251,-0.031874,-0.163983,-0.035873,0.128109
2026-09-23T04:31:00+00:00,prs,1.233,-0.033321,-0.181983,-0.037321,0.144662
2026-09-23T04:32:00+00:00,prs,1.223,-0.034764,-0.191983,-0.038764,0.153219
2026-09-23T04:33:00+00:00,prs,1.241,-0.036203,-0.173983,-0.040202,0.133781
2026-09-23T04:34:00+00:00,prs,1.228,-0.037636,-0.186983,-0.041635,0.145347
2026-09-23T04:35:00+00:00,prs,1.222,-0.039063,-0.192983,-0.043063,0.14992
2026-09-23T04:36:00+00:00,prs,1.214,-0.040486,-0.200983,-0.044486,0.156497
2026-09-23T04:37:00+00:00,prs,1.231,-0.041904,-0.183983,-0.045904,0.138079
2026-09-23T04:38:00+00:00,prs,1.2530000000000001,-0.043316,-0.161983,-0.047316,0.114667
2026-09-23T04:39:00+00:00,prs,1.23,-0.044723,-0.184983,-0.048723,0.13626
2026-09-23T04:40:00+00:00,prs,1.23,-0.046125,-0.184983,-0.050125,0.134858
2026-09-23T04:41:00+00:00,prs,1.241,-0.047521,-0.173983,-0.051521,0.122462
2026-09-23T04:42:00+00:00,prs,1.217,-0.048912,-0.197983,-0.052912,0.145071
2026-09-23T04:43:00+00:00,prs,1.258,-0.050297,-0.156983,-0.054297,0.102686
2026-09-23T04:44:00+00:00,prs,1.2389999999999999,-0.051677,-0.175983,-0.055677,0.120306
2026-09-23T04:45:00+00:00,prs,1.242,-0.053051,-0.172983,-0.057051,0.115932
2026-09-23T04:46:00+00:00,prs,1.246,-0.054419,-0.168983,-0.058419,0.110564
2026-09-23T04:47:00+00:00,prs,1.252,-0.055782,-0.162983,-0.059782,0.103201
2026-09-23T04:48:00+00:00,prs,1.225,-0.057138,-0.189983,-0.061138,0.128845
2026-09-23T04:49:00+00:00,prs,1.225,-0.058489,-0.189983,-0.062489,0.127494
2026-09-23T04:50:00+00:00,prs,1.258,-0.059834,-0.156983,-0.063834,0.093149
2026-09-23T04:51:00+00:00,prs,1.241,-0.061173,-0.173983,-0.065173,0.10881
2026-09-23T04:52:00+00:00,prs,1.214,-0.062506,-0.200983,-0.066506,0.134477
2026-09-23T04:53:00+00:00,prs,1.218,-0.063833,-0.196983,-0.067833,0.12915
2026-09-23T04:54:00+00:00,prs,1.222,-0.065154,-0.192983,-0.069154,0.123829
2026-09-23T04:55:00+00:00,prs,1.215,-0.066468,-0.199983,-0.070468,0.129515
2026-09-23T04:56:00+00:00,prs,1.214,-0.067777,-0.200983,-0.071776,0.129207
2026-09-23T04:57:00+00:00,prs,1.232,-0.069079,-0.182983,-0.073078,0.109904
2026-09-23T04:58:00+00:00,prs,1.207,-0.070374,-0.207983,-0.074374,0.133609
2026-09-23T04:59:00+00:00,prs,1.231,-0.071664,-0.183983,-0.075664,0.108319
2026-09-23T05:00:00+00:00,prs,1.225,-0.072947,-0.189983,-0.076946,0.113036
2026-09-23T05:01:00+00:00,prs,1.229,-0.074223,-0.185983,-0.078223,0.10776
2026-09-23T05:02:00+00:00,prs,1.238,-0.075493,-0.176983,-0.079493,0.09749
2026-09-23T05:03:00+00:00,prs,1.218,-0.076756,-0.196983,-0.080756,0.116227
2026-09-23T05:04:00+00:00,prs,1.223,-0.078013,-0.191983,-0.082013,0.10997
2026-09-23T05:05:00+00:00,prs,1.233,-0.079263,-0.181983,-0.083263,0.09872
2026-09-23T05:06:00+00:00,prs,1.206,-0.080507,-0.208983,-0.084507,0.124476
2026-09-23T05:07:00+00:00,prs,1.214,-0.081743,-0.200983,-0.085743,0.11524
2026-09-23T05:08:00+00:00,prs,1.223,-0.082973,-0.191983,-0.086973,0.10501
2026-09-23T05:09:00+00:00,prs,1.226,-0.084196,-0.188983,-0.088196,0.100787
2026-09-23T05:10:00+00:00,prs,1.22,-0.085412,-0.194983,-0.089412,0.105571
2026-09-23T05:11:00+00:00,prs,1.195,-0.086622,-0.219983,-0.090622,0.129361
2026-09-23T05:12:00+00:00,prs,1.22,-0.087824,-0.194983,-0.091824,0.103159
2026-09-23T05:13:00+00:00,prs,1.22,-0.089019,-0.194983,-0.093019,0.101964
2026-09-23T05:14:00+00:00,prs,1.194,-0.090208,-0.220983,-0.094208,0.126775
2026-09-23T05:15:00+00:00,prs,1.209,-0.091389,-0.205983,-0.095389,0.110594
2026-09-23T05:16:00+00:00,prs,1.192,-0.092563,-0.222983,-0.096563,0.12642
2026-09-23T05:17:00+00:00,prs,1.217,-0.09373,-0.197983,-0.09773,0.100253
2026-09-23T05:18:00+00:00,prs,1.186,-0.09489,-0.228983,-0.098889,0.130093
2026-09-23T05:19:00+00:00,prs,1.193,-0.096042,-0.221983,-0.100042,0.121941
2026-09-23T05:20:00+00:00,prs,1.193,-0.097187,-0.221983,-0.101187,0.120796
2026-09-23T05:21:00+00:00,prs,1.217,-0.098325,-0.197983,-0.102325,0.095658
2026-09-23T05:22:00+00:00,prs,1.218,-0.099456,-0.196983,-0.103456,0.093527
2026-09-23T05:23:00+00:00,prs,1.205,-0.100579,-0.209983,-0.104579,0.105404
2026-09-23T05:24:00+00:00,prs,1.217,-0.101695,-0.197983,-0.105694,0.092288
2026-09-23T05:25:00+00:00,prs,1.222,-0.102803,-0.192983,-0.106803,0.08618
2026-09-23T05:26:00+00:00,prs,1.179,-0.103904,-0.235983,-0.107904,0.128079
2026-09-23T05:27:00+00:00,prs,1.188,-0.104997,-0.226983,-0.108997,0.117986
2026-09-23T05:28:00+00:00,prs,1.188,-0.106083,-0.226983,-0.110083,0.1169
2026-09-23T05:29:00+00:00,prs,1.211,-0.107161,-0.203983,-0.111161,0.092822
2026-09-23T05:30:00+00:00,prs,1.188,-0.108231,-0.226983,-0.112231,0.114752
2026-09-23T05:31:00+00:00,prs,1.202,-0.109294,-0.212983,-0.113294,0.099689
2026-09-23T05:32:00+00:00,prs,1.212,-0.110349,-0.202983,-0.114349,0.088634
2026-09-23T05:33:00+00:00,prs,1.212,-0.111397,-0.202983,-0.115397,0.087586
2026-09-23T05:34:00+00:00,prs,1.201,-0.112437,-0.213983,-0.116437,0.097546
2026-09-23T05:35:00+00:00,prs,1.192,-0.113469,-0.222983,-0.117468,0.105514
2026-09-23T05:36:00+00:00,prs,1.18,-0.114493,-0.234983,-0.118493,0.11649
2026-09-23T05:37:00+00:00,prs,1.181,-0.115509,-0.233983,-0.119509,0.114474
2026-09-23T05:38:00+00:00,prs,1.189,-0.116518,-0.225983,-0.120517,0.105465
2026-09-23T05:39:00+00:00,prs,1.196,-0.117518,-0.218983,-0.121518,0.097465
2026-09-23T05:40:00+00:00,prs,1.174,-0.118511,-0.240983,-0.122511,0.118472
2026-09-23T05:41:00+00:00,prs,1.172,-0.119496,-0.242983,-0.123496,0.119487
2026-09-23T05:42:00+00:00,prs,1.183,-0.120472,-0.231983,-0.124472,0.107511
2026-09-23T05:43:00+00:00,prs,1.184,-0.121441,-0.230983,-0.125441,0.105542
2026-09-23T05:44:00+00:00,prs,1.191,-0.122402,-0.223983,-0.126402,0.097581
2026-09-23T05:45:00+00:00,prs,1.203,-0.123355,-0.211983,-0.127355,0.084628
2026-09-23T05:46:00+00:00,prs,1.207,-0.1243,-0.207983,-0.128299,0.079683
2026-09-23T05:47:00+00:00,prs,1.185,-0.125236,-0.229983,-0.129236,0.100747
2026-09-23T05:48:00+00:00,prs,1.183,-0.126165,-0.231983,-0.130165,0.101818
2026-09-23T05:49:00+00:00,prs,1.204,-0.127085,-0.210983,-0.131085,0.079898
2026-09-23T05:50:00+00:00,prs,1.162,-0.127998,-0.252983,-0.131997,0.120986
2026-09-23T05:51:00+00:00,prs,1.191,-0.128902,-0.223983,-0.132902,0.091081
2026-09-23T05:52:00+00:00,prs,1.176,-0.129798,-0.238983,-0.133798,0.105185
2026-09-23T05:53:00+00:00,prs,1.196,-0.130685,-0.218983,-0.134685,0.084298
2026-09-23T05:54:00+00:00,prs,1.173,-0.131565,-0.241983,-0.135565,0.106418
2026-09-23T05:55:00+00:00,prs,1.181,-0.132436,-0.233983,-0.136436,0.097547
2026-09-23T05:56:00+00:00,prs,1.154,-0.133299,-0.260983,-0.137299,0.123684
2026-09-23T05:57:00+00:00,prs,1.182,-0.134154,-0.232983,-0.138154,0.094829
2026-09-23T05:58:00+00:00,prs,1.142,-0.135001,-0.272983,-0.139,0.133982
2026-09-23T05:59:00+00:00,prs,1.161,-0.135839,-0.253983,-0.139839,0.114144
2026-09-23T06:00:00+00:00,prs,1.134,-0.136669,-0.280983,-0.140669,0.140314
2026-09-23T06:01:00+00:00,prs,1.171,-0.13749,-0.243983,-0.14149,0.102493
2026-09-23T06:02:00+00:00,prs,1.159,-0.138303,-0.255983,-0.142303,0.11368
2026-09-23T06:03:00+00:00,prs,1.153,-0.139108,-0.261983,-0.143108,0.118875
2026-09-23T06:04:00+00:00,prs,1.153,-0.139905,-0.261983,-0.143905,0.118078
2026-09-23T06:05:00+00:00,prs,1.149,-0.140693,-0.265983,-0.144693,0.12129
2026-09-23T06:06:00+00:00,prs,1.18,-0.141473,-0.234983,-0.145473,0.08951
2026-09-23T06:07:00+00:00,prs,1.171,-0.142244,-0.243983,-0.146244,0.097739
2026-09-23T06:08:00+00:00,prs,1.144,-0.143007,-0.270983,-0.147007,0.123976
2026-09-23T06:09:00+00:00,prs,1.167,-0.143761,-0.247983,-0.147761,0.100222
2026-09-23T06:10:00+00:00,prs,1.171,-0.144508,-0.243983,-0.148507,0.095476
2026-09-23T06:11:00+00:00,prs,1.163,-0.145245,-0.251983,-0.149245,0.102738
2026-09-23T06:12:00+00:00,prs,1.156,-0.145974,-0.258983,-0.149974,0.109009
2026-09-23T06:13:00+00:00,prs,1.174,-0.146695,-0.240983,-0.150695,0.090288
2026-09-23T06:14:00+00:00,prs,1.186,-0.147407,-0.228983,-0.151407,0.077576
2026-09-23T06:15:00+00:00,prs,1.163,-0.148111,-0.251983,-0.152111,0.099872
2026-09-23T06:16:00+00:00,prs,1.172,-0.148807,-0.242983,-0.152806,0.090176
2026-09-23T06:17:00+00:00,prs,1.148,-0.149493,-0.266983,-0.153493,0.11349
2026-09-23T06:18:00+00:00,prs,1.173,-0.150172,-0.241983,-0.154172,0.087811
2026-09-23T06:19:00+00:00,prs,1.174,-0.150842,-0.240983,-0.154842,0.086141
2026-09-23T06:20:00+00:00,prs,1.133,-0.151503,-0.281983,-0.155503,0.12648
2026-09-23T06:21:00+00:00,prs,1.149,-0.152156,-0.265983,-0.156156,0.109827
2026-09-23T06:22:00+00:00,prs,1.119,-0.152801,-0.295983,-0.1568,0.139182
2026-09-23T06:23:00+00:00,prs,1.124,-0.153437,-0.290983,-0.157436,0.133547
2026-09-23T06:24:00+00:00,prs,1.155,-0.154064,-0.259983,-0.158064,0.101919
2026-09-23T06:25:00+00:00,prs,1.147,-0.154683,-0.267983,-0.158683,0.1093
2026-09-23T06:26:00+00:00,prs,1.129,-0.155293,-0.285983,-0.159293,0.12669
2026-09-23T06:27:00+00:00,prs,1.1179999999999999,-0.155895,-0.296983,-0.159895,0.137088
2026-09-23T06:28:00+00:00,prs,1.114,-0.156489,-0.300983,-0.160489,0.140494
2026-09-23T06:29:00+00:00,prs,1.116,-0.157074,-0.298983,-0.161074,0.137909
2026-09-23T06:30:00+00:00,prs,1.139,-0.15765,-0.275983,-0.16165,0.114333
2026-09-23T06:31:00+00:00,prs,1.146,-0.158218,-0.268983,-0.162218,0.106765
2026-09-23T06:32:00+00:00,prs,1.141,-0.158778,-0.273983,-0.162778,0.111205
2026-09-23T06:33:00+00:00,prs,1.142,-0.159329,-0.272983,-0.163329,0.109654
2026-09-23T06:34:00+00:00,prs,1.158,-0.159872,-0.256983,-0.163872,0.093111
2026-09-23T06:35:00+00:00,prs,1.13,-0.160406,-0.284983,-0.164406,0.120577
2026-09-23T06:36:00+00:00,prs,1.143,-0.160932,-0.271983,-0.164932,0.107051
2026-09-23T06:37:00+00:00,prs,1.1360000000000001,-0.161449,-0.278983,-0.165449,0.113534
2026-09-23T06:38:00+00:00,prs,1.15,-0.161958,-0.264983,-0.165958,0.099025
2026-09-23T06:39:00+00:00,prs,1.111,-0.162458,-0.303983,-0.166458,0.137525
2026-09-23T06:40:00+00:00,prs,1.135,-0.16295,-0.279983,-0.16695,0.113033
2026-09-23T06:41:00+00:00,prs,1.133,-0.163434,-0.281983,-0.167434,0.114549
2026-09-23T06:42:00+00:00,prs,1.104,-0.163909,-0.310983,-0.167909,0.143074
2026-09-23T06:43:00+00:00,prs,1.153,-0.164375,-0.261983,-0.168375,0.093608
2026-09-23T06:44:00+00:00,prs,1.124,-0.164834,-0.290983,-0.168834,0.122149
2026-09-23T06:45:00+00:00,prs,1.1400000000000001,-0.165284,-0.274983,-0.169284,0.105699
2026-09-23T06:46:00+00:00,prs,1.142,-0.165725,-0.272983,-0.169725,0.103258
2026-09-23T06:47:00+00:00,prs,1.129,-0.166159,-0.285983,-0.170159,0.115824
2026-09-23T06:48:00+00:00,prs,1.146,-0.166584,-0.268983,-0.170583,0.0984
2026-09-23T06:49:00+00:00,prs,1.157,-0.167,-0.257983,-0.171,0.086983
2026-09-23T06:50:00+00:00,prs,1.162,-0.167408,-0.252983,-0.171408,0.081575
2026-09-23T06:51:00+00:00,prs,1.157,-0.167808,-0.257983,-0.171808,0.086175
2026-09-23T06:52:00+00:00,prs,1.143,-0.1682,-0.271983,-0.1722,0.099783
2026-09-23T06:53:00+00:00,prs,1.167,-0.168583,-0.247983,-0.172583,0.0754
2026-09-23T06:54:00+00:00,prs,1.125,-0.168959,-0.289983,-0.172959,0.117024
2026-09-23T06:55:00+00:00,prs,1.157,-0.169326,-0.257983,-0.173325,0.084658
2026-09-23T06:56:00+00:00,prs,1.16,-0.169684,-0.254983,-0.173684,0.081299
2026-09-23T06:57:00+00:00,prs,1.154,-0.170035,-0.260983,-0.174035,0.086948
2026-09-23T06:58:00+00:00,prs,1.138,-0.170377,-0.276983,-0.174377,0.102606
2026-09-23T06:59:00+00:00,prs,1.139,-0.170711,-0.275983,-0.174711,0.101272
2026-09-23T07:00:00+00:00,prs,1.169,-0.171037,-0.245983,-0.175037,0.070946
2026-09-23T07:01:00+00:00,prs,1.161,-0.171355,-0.253983,-0.175355,0.078628
2026-09-23T07:02:00+00:00,prs,1.137,-0.171665,-0.277983,-0.175665,0.102318
2026-09-23T07:03:00+00:00,prs,1.162,-0.171967,-0.252983,-0.175966,0.077016
2026-09-23T07:04:00+00:00,prs,1.156,-0.17226,-0.258983,-0.17626,0.082723
2026-09-23T07:05:00+00:00,prs,1.149,-0.172546,-0.265983,-0.176546,0.089437
2026-09-23T07:06:00+00:00,prs,1.16,-0.172823,-0.254983,-0.176823,0.07816
2026-09-23T07:07:00+00:00,prs,1.144,-0.173093,-0.270983,-0.177093,0.09389
2026-09-23T07:08:00+00:00,prs,1.1360000000000001,-0.173355,-0.278983,-0.177354,0.101628
2026-09-23T07:09:00+00:00,prs,1.163,-0.173608,-0.251983,-0.177608,0.074375
2026-09-23T07:10:00+00:00,prs,1.145,-0.173854,-0.269983,-0.177854,0.092129
2026-09-23T07:11:00+00:00,prs,1.162,-0.174092,-0.252983,-0.178092,0.074891
2026-09-23T07:12:00+00:00,prs,1.205,-0.174322,-0.209983,-0.178322,0.031661
2026-09-23T07:13:00+00:00,prs,1.167,-0.174544,-0.247983,-0.178544,0.069439
2026-09-23T07:14:00+00:00,prs,1.179,-0.174758,-0.235983,-0.178758,0.057225
2026-09-23T07:15:00+00:00,prs,1.15,-0.174964,-0.264983,-0.178964,0.086019
2026-09-23T07:16:00+00:00,prs,1.169,-0.175163,-0.245983,-0.179163,0.06682
2026-09-23T07:17:00+00:00,prs,1.163,-0.175354,-0.251983,-0.179354,0.072629
2026-09-23T07:18:00+00:00,prs,1.163,-0.175537,-0.251983,-0.179537,0.072446
2026-09-23T07:19:00+00:00,prs,1.195,-0.175713,-0.219983,-0.179713,0.04027
2026-09-23T07:20:00+00:00,prs,1.171,-0.175881,-0.243983,-0.179881,0.064102
2026-09-23T07:21:00+00:00,prs,1.192,-0.176041,-0.222983,-0.180041,0.042942
2026-09-23T07:22:00+00:00,prs,1.171,-0.176194,-0.243983,-0.180194,0.063789
2026-09-23T07:23:00+00:00,prs,1.178,-0.176339,-0.236983,-0.180339,0.056644
2026-09-23T07:24:00+00:00,prs,1.19,-0.176476,-0.224983,-0.180476,0.044507
2026-09-23T07:25:00+00:00,prs,1.176,-0.176606,-0.238983,-0.180606,0.058377
2026-09-23T07:26:00+00:00,prs,1.174,-0.176729,-0.240983,-0.180729,0.060254
2026-09-23T07:27:00+00:00,prs,1.15,-0.176844,-0.264983,-0.180844,0.084139
2026-09-23T07:28:00+00:00,prs,1.164,-0.176952,-0.250983,-0.180952,0.070031
2026-09-23T07:29:00+00:00,prs,1.143,-0.177052,-0.271983,-0.181052,0.090931
2026-09-23T07:30:00+00:00,prs,1.149,-0.177145,-0.265983,-0.181145,0.084838
2026-09-23T07:31:00+00:00,prs,1.168,-0.177231,-0.246983,-0.181231,0.065752
2026-09-23T07:32:00+00:00,prs,1.172,-0.177309,-0.242983,-0.181309,0.061674
2026-09-23T07:33:00+00:00,prs,1.156,-0.17738,-0.258983,-0.18138,0.077603
2026-09-23T07:34:00+00:00,prs,1.115,-0.177444,-0.299983,-0.181444,0.118539
2026-09-23T07:35:00+00:00,prs,1.145,-0.177501,-0.269983,-0.181501,0.088482
2026-09-23T07:36:00+00:00,prs,1.195,-0.177551,-0.219983,-0.181551,0.038432
2026-09-23T07:37:00+00:00,prs,1.152,-0.177594,-0.262983,-0.181593,0.08139
2026-09-23T07:38:00+00:00,prs,1.178,-0.177629,-0.236983,-0.181629,0.055354
2026-09-23T07:39:00+00:00,prs,1.188,-0.177658,-0.226983,-0.181657,0.045326
2026-09-23T07:40:00+00:00,prs,1.16,-0.177679,-0.254983,-0.181679,0.073304
2026-09-23T07:41:00+00:00,prs,1.206,-0.177694,-0.208983,-0.181693,0.027289
2026-09-23T07:42:00+00:00,prs,1.194,-0.177701,-0.220983,-0.181701,0.039282
2026-09-23T07:43:00+00:00,prs,1.182,-0.177702,-0.232983,-0.181702,0.051281
2026-09-23T07:44:00+00:00,prs,1.16,-0.177696,-0.254983,-0.181696,0.073287
2026-09-23T07:45:00+00:00,prs,1.165,-0.177683,-0.249983,-0.181683,0.0683
2026-09-23T07:46:00+00:00,prs,1.176,-0.177664,-0.238983,-0.181663,0.057319
2026-09-23T07:47:00+00:00,prs,1.186,-0.177637,-0.228983,-0.181637,0.047346
2026-09-23T07:48:00+00:00,prs,1.185,-0.177604,-0.229983,-0.181604,0.048379
2026-09-23T07:49:00+00:00,prs,1.16,-0.177565,-0.254983,-0.181565,0.073418
2026-09-23T07:50:00+00:00,prs,1.135,-0.177519,-0.279983,-0.181518,0.098465
2026-09-23T07:51:00+00:00,prs,1.184,-0.177466,-0.230983,-0.181466,0.049517
2026-09-23T07:52:00+00:00,prs,1.178,-0.177407,-0.236983,-0.181406,0.055576
2026-09-23T07:53:00+00:00,prs,1.171,-0.177341,-0.243983,-0.181341,0.062642
2026-09-23T07:54:00+00:00,prs,1.1280000000000001,-0.177269,-0.286983,-0.181269,0.105714
2026-09-23T07:55:00+00:00,prs,1.193,-0.17719,-0.221983,-0.18119,0.040793
2026-09-23T07:56:00+00:00,prs,1.168,-0.177105,-0.246983,-0.181105,0.065878
2026-09-23T07:57:00+00:00,prs,1.212,-0.177014,-0.202983,-0.181014,0.021969
2026-09-23T07:58:00+00:00,prs,1.172,-0.176917,-0.242983,-0.180917,0.062066
2026-09-23T07:59:00+00:00,prs,1.157,-0.176814,-0.257983,-0.180813,0.07717
2026-09-23T08:00:00+00:00,prs,1.2,-0.176704,-0.214983,-0.180704,0.034279
2026-09-23T08:01:00+00:00,prs,1.275,-0.176588,-0.139983,-0.180588,-0.040605
2026-09-23T08:02:00+00:00,prs,1.201,-0.176466,-0.213983,-0.180466,0.033517
2026-09-23T08:03:00+00:00,prs,1.201,-0.176338,-0.213983,-0.180338,0.033645
2026-09-23T08:04:00+00:00,prs,1.17,-0.176204,-0.244983,-0.180204,0.064779
2026-09-23T08:05:00+00:00,prs,1.2349999999999999,-0.176065,-0.179983,-0.180065,-8.2e-05
2026-09-23T08:06:00+00:00,prs,1.251,-0.175919,-0.163983,-0.179919,-0.015936
2026-09-23T08:07:00+00:00,prs,1.212,-0.175768,-0.202983,-0.179768,0.023215
2026-09-23T08:08:00+00:00,prs,1.23,-0.17561,-0.184983,-0.17961,0.005373
2026-09-23T08:09:00+00:00,prs,1.219,-0.175447,-0.195983,-0.179447,0.016536
2026-09-23T08:10:00+00:00,prs,1.182,-0.175279,-0.232983,-0.179279,0.053704
2026-09-23T08:11:00+00:00,prs,1.209,-0.175104,-0.205983,-0.179104,0.026879
2026-09-23T08:12:00+00:00,prs,1.193,-0.174925,-0.221983,-0.178924,0.043059
2026-09-23T08:13:00+00:00,prs,1.234,-0.174739,-0.180983,-0.178739,0.002244
2026-09-23T08:14:00+00:00,prs,1.2389999999999999,-0.174548,-0.175983,-0.178548,-0.002565
2026-09-23T08:15:00+00:00,prs,1.238,-0.174352,-0.176983,-0.178352,-0.001369
2026-09-23T08:16:00+00:00,prs,1.125,-0.17415,-0.289983,-0.17815,0.111833
2026-09-23T08:17:00+00:00,prs,1.196,-0.173943,-0.218983,-0.177943,0.04104
2026-09-23T08:18:00+00:00,prs,1.186,-0.173731,-0.228983,-0.17773,0.051252
2026-09-23T08:19:00+00:00,prs,1.229,-0.173513,-0.185983,-0.177513,0.00847
2026-09-23T08:20:00+00:00,prs,1.233,-0.17329,-0.181983,-0.17729,0.004693
2026-09-23T08:21:00+00:00,prs,1.233,-0.173062,-0.181983,-0.177062,0.004921
2026-09-23T08:22:00+00:00,prs,1.237,-0.172829,-0.177983,-0.176829,0.001154
2026-09-23T08:23:00+00:00,prs,1.195,-0.172591,-0.219983,-0.176591,0.043392
2026-09-23T08:24:00+00:00,prs,1.226,-0.172348,-0.188983,-0.176348,0.012635
2026-09-23T08:25:00+00:00,prs,1.264,-0.1721,-0.150983,-0.1761,-0.025117
2026-09-23T08:26:00+00:00,prs,1.2730000000000001,-0.171847,-0.141983,-0.175847,-0.033864
2026-09-23T08:27:00+00:00,prs,1.2690000000000001,-0.171589,-0.145983,-0.175589,-0.029606
2026-09-23T08:28:00+00:00,prs,1.226,-0.171327,-0.188983,-0.175327,0.013656
2026-09-23T08:29:00+00:00,prs,1.279,-0.17106,-0.135983,-0.175059,-0.039077
2026-09-23T08:30:00+00:00,prs,1.197,-0.170788,-0.217983,-0.174788,0.043195
2026-09-23T08:31:00+00:00,prs,1.105,-0.170511,-0.309983,-0.174511,0.135472
2026-09-23T08:32:00+00:00,prs,1.2,-0.17023,-0.214983,-0.17423,0.040753
2026-09-23T08:33:00+00:00,prs,1.255,-0.169944,-0.159983,-0.173944,-0.013961
2026-09-23T08:34:00+00:00,prs,1.2690000000000001,-0.169654,-0.145983,-0.173654,-0.027671
2026-09-23T08:35:00+00:00,prs,1.185,-0.16936,-0.229983,-0.17336,0.056623
2026-09-23T08:36:00+00:00,prs,1.2770000000000001,-0.169061,-0.137983,-0.173061,-0.035078
2026-09-23T08:37:00+00:00,prs,1.279,-0.168758,-0.135983,-0.172758,-0.036775
2026-09-23T08:38:00+00:00,prs,1.309,-0.168451,-0.105983,-0.172451,-0.066468
2026-09-23T08:39:00+00:00,prs,1.1280000000000001,-0.168139,-0.286983,-0.172139,0.114844
2026-09-23T08:40:00+00:00,prs,1.226,-0.167823,-0.188983,-0.171823,0.01716
2026-09-23T08:41:00+00:00,prs,1.172,-0.167504,-0.242983,-0.171504,0.071479
2026-09-23T08:42:00+00:00,prs,1.177,-0.16718,-0.237983,-0.17118,0.066803
2026-09-23T08:43:00+00:00,prs,1.275,-0.166852,-0.139983,-0.170852,-0.030869
2026-09-23T08:44:00+00:00,prs,1.105,-0.16652,-0.309983,-0.17052,0.139463
2026-09-23T08:45:00+00:00,prs,1.27,-0.166185,-0.144983,-0.170185,-0.025202
2026-09-23T08:46:00+00:00,prs,1.287,-0.165846,-0.127983,-0.169845,-0.041863
2026-09-23T08:47:00+00:00,prs,1.295,-0.165502,-0.119983,-0.169502,-0.049519
2026-09-23T08:48:00+00:00,prs,1.244,-0.165156,-0.170983,-0.169156,0.001827
2026-09-23T08:49:00+00:00,prs,1.2770000000000001,-0.164805,-0.137983,-0.168805,-0.030822
2026-09-23T08:50:00+00:00,prs,1.318,-0.164451,-0.096983,-0.168451,-0.071468
2026-09-23T08:51:00+00:00,prs,1.246,-0.164094,-0.168983,-0.168094,0.000889
2026-09-23T08:52:00+00:00,prs,1.256,-0.163733,-0.158983,-0.167733,-0.00875
2026-09-23T08:53:00+00:00,prs,1.22,-0.163368,-0.194983,-0.167368,0.027615
2026-09-23T08:54:00+00:00,prs,1.154,-0.163001,-0.260983,-0.167,0.093982
2026-09-23T08:55:00+00:00,prs,1.302,-0.162629,-0.112983,-0.166629,-0.053646
2026-09-23T08:56:00+00:00,prs,1.255,-0.162255,-0.159983,-0.166255,-0.006272
2026-09-23T08:57:00+00:00,prs,1.202,-0.161878,-0.212983,-0.165878,0.047105
2026-09-23T08:58:00+00:00,prs,1.237,-0.161497,-0.177983,-0.165497,0.012486
2026-09-23T08:59:00+00:00,prs,1.263,-0.161113,-0.151983,-0.165113,-0.01313
2026-09-23T09:00:00+00:00,prs,1.322,-0.160727,-0.092983,-0.164726,-0.071744
2026-09-23T09:01:00+00:00,prs,1.218,-0.160337,-0.196983,-0.164337,0.032646
2026-09-23T09:02:00+00:00,prs,1.091,-0.159944,-0.323983,-0.163944,0.160039
2026-09-23T09:03:00+00:00,prs,1.091,-0.159549,-0.323983,-0.163549,0.160434
2026-09-23T09:04:00+00:00,prs,1.228,-0.159151,-0.186983,-0.16315,0.023833
2026-09-23T09:05:00+00:00,prs,1.208,-0.15875,-0.206983,-0.162749,0.044233
2026-09-23T09:06:00+00:00,prs,1.285,-0.158346,-0.129983,-0.162346,-0.032363
2026-09-23T09:07:00+00:00,prs,1.163,-0.15794,-0.251983,-0.161939,0.090043
2026-09-23T09:08:00+00:00,prs,1.267,-0.157531,-0.147983,-0.161531,-0.013548
2026-09-23T09:09:00+00:00,prs,1.323,-0.157119,-0.091983,-0.161119,-0.069136
2026-09-23T09:10:00+00:00,prs,1.276,-0.156706,-0.138983,-0.160705,-0.021723
2026-09-23T09:11:00+00:00,prs,1.282,-0.156289,-0.132983,-0.160289,-0.027306
2026-09-23T09:12:00+00:00,prs,1.206,-0.155871,-0.208983,-0.159871,0.049112
2026-09-23T09:13:00+00:00,prs,1.157,-0.15545,-0.257983,-0.15945,0.098533
2026-09-23T09:14:00+00:00,prs,1.302,-0.155027,-0.112983,-0.159027,-0.046044
2026-09-23T09:15:00+00:00,prs,1.223,-0.154602,-0.191983,-0.158602,0.033381
2026-09-23T09:16:00+00:00,prs,1.228,-0.154174,-0.186983,-0.158174,0.028809
2026-09-23T09:17:00+00:00,prs,1.224,-0.153745,-0.190983,-0.157745,0.033238
2026-09-23T09:18:00+00:00,prs,1.222,-0.153314,-0.192983,-0.157313,0.035669
2026-09-23T09:19:00+00:00,prs,1.084,-0.15288,-0.330983,-0.15688,0.174103
2026-09-23T09:20:00+00:00,prs,1.271,-0.152445,-0.143983,-0.156445,-0.012462
2026-09-23T09:21:00+00:00,prs,1.245,-0.152008,-0.169983,-0.156008,0.013975
2026-09-23T09:22:00+00:00,prs,1.299,-0.151569,-0.115983,-0.155569,-0.039586
2026-09-23T09:23:00+00:00,prs,1.287,-0.151129,-0.127983,-0.155129,-0.027146
2026-09-23T09:24:00+00:00,prs,1.194,-0.150686,-0.220983,-0.154686,0.066297
2026-09-23T09:25:00+00:00,prs,1.195,-0.150243,-0.219983,-0.154243,0.06574
2026-09-23T09:26:00+00:00,prs,1.184,-0.149797,-0.230983,-0.153797,0.077186
2026-09-23T09:27:00+00:00,prs,1.2530000000000001,-0.149351,-0.161983,-0.15335,0.008632
2026-09-23T09:28:00+00:00,prs,1.252,-0.148902,-0.162983,-0.152902,0.010081
2026-09-23T09:29:00+00:00,prs,1.195,-0.148453,-0.219983,-0.152453,0.06753
2026-09-23T09:30:00+00:00,prs,1.296,-0.148002,-0.118983,-0.152002,-0.033019
2026-09-23T09:31:00+00:00,prs,1.151,-0.14755,-0.263983,-0.151549,0.112433
2026-09-23T09:32:00+00:00,prs,1.192,-0.147096,-0.222983,-0.151096,0.071887
2026-09-23T09:33:00+00:00,prs,1.2770000000000001,-0.146642,-0.137983,-0.150642,-0.012659
2026-09-23T09:34:00+00:00,prs,1.2730000000000001,-0.146186,-0.141983,-0.150186,-0.008203
2026-09-23T09:35:00+00:00,prs,1.272,-0.145729,-0.142983,-0.149729,-0.006746
2026-09-23T09:36:00+00:00,prs,1.331,-0.145272,-0.083983,-0.149272,-0.065289
2026-09-23T09:37:00+00:00,prs,1.172,-0.144813,-0.242983,-0.148813,0.09417
2026-09-23T09:38:00+00:00,prs,1.125,-0.144354,-0.289983,-0.148353,0.14163
2026-09-23T09:39:00+00:00,prs,1.173,-0.143893,-0.241983,-0.147893,0.09409
2026-09-23T09:40:00+00:00,prs,1.227,-0.143432,-0.187983,-0.147432,0.040551
2026-09-23T09:41:00+00:00,prs,1.272,-0.14297,-0.142983,-0.14697,-0.003987
2026-09-23T09:42:00+00:00,prs,1.286,-0.142508,-0.128983,-0.146508,-0.017525
2026-09-23T09:43:00+00:00,prs,1.304,-0.142045,-0.110983,-0.146045,-0.035062
2026-09-23T09:44:00+00:00,prs,1.186,-0.141581,-0.228983,-0.145581,0.083402
2026-09-23T09:45:00+00:00,prs,1.268,-0.141117,-0.146983,-0.145117,0.001866
2026-09-23T09:46:00+00:00,prs,1.233,-0.140653,-0.181983,-0.144653,0.03733
2026-09-23T09:47:00+00:00,prs,1.197,-0.140188,-0.217983,-0.144188,0.073795
2026-09-23T09:48:00+00:00,prs,1.197,-0.139723,-0.217983,-0.143723,0.07426
2026-09-23T09:49:00+00:00,prs,1.214,-0.139257,-0.200983,-0.143257,0.057726
2026-09-23T09:50:00+00:00,prs,1.179,-0.138792,-0.235983,-0.142791,0.093191
2026-09-23T09:51:00+00:00,prs,1.297,-0.138326,-0.117983,-0.142326,-0.024343
2026-09-23T09:52:00+00:00,prs,1.221,-0.13786,-0.193983,-0.14186,0.052123
2026-09-23T09:53:00+00:00,prs,1.24,-0.137394,-0.174983,-0.141394,0.033589
2026-09-23T09:54:00+00:00,prs,1.251,-0.136928,-0.163983,-0.140928,0.023055
2026-09-23T09:55:00+00:00,prs,1.313,-0.136462,-0.101983,-0.140462,-0.038479
2026-09-23T09:56:00+00:00,prs,1.084,-0.135996,-0.330983,-0.139996,0.190987
2026-09-23T09:57:00+00:00,prs,1.412,-0.13553,-0.002983,-0.13953,-0.136547
2026-09-23T09:58:00+00:00,prs,1.266,-0.135064,-0.148983,-0.139064,0.009919
2026-09-23T09:59:00+00:00,prs,1.099,-0.134599,-0.315983,-0.138599,0.177384
2026-09-23T10:00:00+00:00,prs,1.191,-0.134134,-0.223983,-0.138134,0.085849
2026-09-23T10:01:00+00:00,prs,1.267,-0.133669,-0.147983,-0.137669,0.010314
2026-09-23T10:02:00+00:00,prs,1.161,-0.133205,-0.253983,-0.137205,0.116778
2026-09-23T10:03:00+00:00,prs,1.327,-0.132741,-0.087983,-0.136741,-0.048758
2026-09-23T10:04:00+00:00,prs,1.299,-0.132278,-0.115983,-0.136278,-0.020295
2026-09-23T10:05:00+00:00,prs,1.187,-0.131815,-0.227983,-0.135815,0.092168
2026-09-23T10:06:00+00:00,prs,1.1360000000000001,-0.131353,-0.278983,-0.135353,0.14363
2026-09-23T10:07:00+00:00,prs,1.067,-0.130892,-0.347983,-0.134892,0.213091
2026-09-23T10:08:00+00:00,prs,1.071,-0.130431,-0.343983,-0.134431,0.209552
2026-09-23T10:09:00+00:00,prs,1.351,-0.129971,-0.063983,-0.133971,-0.069988
2026-09-23T10:10:00+00:00,prs,1.203,-0.129512,-0.211983,-0.133512,0.078471
2026-09-23T10:11:00+00:00,prs,1.111,-0.129054,-0.303983,-0.133054,0.170929
2026-09-23T10:12:00+00:00,prs,1.224,-0.128596,-0.190983,-0.132596,0.058387
2026-09-23T10:13:00+00:00,prs,1.176,-0.12814,-0.238983,-0.13214,0.106843
2026-09-23T10:14:00+00:00,prs,1.329,-0.127684,-0.085983,-0.131684,-0.045701
2026-09-23T10:15:00+00:00,prs,1.226,-0.12723,-0.188983,-0.13123,0.057753
2026-09-23T10:16:00+00:00,prs,1.259,-0.126777,-0.155983,-0.130777,0.025206
2026-09-23T10:17:00+00:00,prs,1.033,-0.126325,-0.381983,-0.130325,0.251658
2026-09-23T10:18:00+00:00,prs,1.283,-0.125874,-0.131983,-0.129874,0.002109
2026-09-23T10:19:00+00:00,prs,1.318,-0.125424,-0.096983,-0.129424,-0.032441
2026-09-23T10:20:00+00:00,prs,1.34,-0.124976,-0.074983,-0.128975,-0.053993
2026-09-23T10:21:00+00:00,prs,1.201,-0.124528,-0.213983,-0.128528,0.085455
2026-09-23T10:22:00+00:00,prs,1.211,-0.124083,-0.203983,-0.128083,0.0759
2026-09-23T10:23:00+00:00,prs,1.274,-0.123638,-0.140983,-0.127638,0.013345
2026-09-23T10:24:00+00:00,prs,1.038,-0.123196,-0.376983,-0.127196,0.249787
2026-09-23T10:25:00+00:00,prs,1.254,-0.122754,-0.160983,-0.126754,0.034229
2026-09-23T10:26:00+00:00,prs,1.285,-0.122315,-0.129983,-0.126314,0.003668
2026-09-23T10:27:00+00:00,prs,1.177,-0.121876,-0.237983,-0.125876,0.112107
2026-09-23T10:28:00+00:00,prs,1.206,-0.12144,-0.208983,-0.12544,0.083543
2026-09-23T10:29:00+00:00,prs,1.259,-0.121005,-0.155983,-0.125005,0.030978
2026-09-23T10:30:00+00:00,prs,1.395,-0.120572,-0.019983,-0.124572,-0.104589
2026-09-23T10:31:00+00:00,prs,1.202,-0.120141,-0.212983,-0.124141,0.088842
2026-09-23T10:32:00+00:00,prs,1.17,-0.119711,-0.244983,-0.123711,0.121272
2026-09-23T10:33:00+00:00,prs,1.09,-0.119284,-0.324983,-0.123284,0.201699
2026-09-23T10:34:00+00:00,prs,1.303,-0.118858,-0.111983,-0.122858,-0.010875
2026-09-23T10:35:00+00:00,prs,1.373,-0.118434,-0.041983,-0.122434,-0.080451
2026-09-23T10:36:00+00:00,prs,1.112,-0.118012,-0.302983,-0.122012,0.180971
2026-09-23T10:37:00+00:00,prs,1.169,-0.117593,-0.245983,-0.121593,0.12439
2026-09-23T10:38:00+00:00,prs,1.276,-0.117175,-0.138983,-0.121175,0.017808
2026-09-23T10:39:00+00:00,prs,1.262,-0.116759,-0.152983,-0.120759,0.032224
2026-09-23T10:40:00+00:00,prs,1.248,-0.116346,-0.166983,-0.120346,0.046637
2026-09-23T10:41:00+00:00,prs,1.309,-0.115935,-0.105983,-0.119935,-0.013952
2026-09-23T10:42:00+00:00,prs,1.226,-0.115526,-0.188983,-0.119526,0.069457
2026-09-23T10:43:00+00:00,prs,1.159,-0.115119,-0.255983,-0.119119,0.136864
2026-09-23T10:44:00+00:00,prs,1.3599999999999999,-0.114715,-0.054983,-0.118715,-0.063732
2026-09-23T10:45:00+00:00,prs,1.161,-0.114313,-0.253983,-0.118313,0.13567
2026-09-23T10:46:00+00:00,prs,1.242,-0.113913,-0.172983,-0.117913,0.05507
2026-09-23T10:47:00+00:00,prs,1.306,-0.113516,-0.108983,-0.117516,-0.008533
2026-09-23T10:48:00+00:00,prs,1.256,-0.113121,-0.158983,-0.117121,0.041862
2026-09-23T10:49:00+00:00,prs,1.151,-0.112729,-0.263983,-0.116729,0.147254
2026-09-23T10:50:00+00:00,prs,0.95,-0.112339,-0.464983,-0.116339,0.348644
2026-09-23T10:51:00+00:00,prs,1.221,-0.111952,-0.193983,-0.115952,0.078031
2026-09-23T10:52:00+00:00,prs,1.2429999999999999,-0.111567,-0.171983,-0.115567,0.056416
2026-09-23T10:53:00+00:00,prs,1.198,-0.111185,-0.216983,-0.115185,0.101798
2026-09-23T10:54:00+00:00,prs,1.088,-0.110806,-0.326983,-0.114806,0.212177
2026-09-23T10:55:00+00:00,prs,1.083,-0.110429,-0.331983,-0.114429,0.217554
2026-09-23T10:56:00+00:00,prs,1.286,-0.110055,-0.128983,-0.114055,0.014928
2026-09-23T10:57:00+00:00,prs,1.258,-0.109684,-0.156983,-0.113684,0.043299
2026-09-23T10:58:00+00:00,prs,1.357,-0.109316,-0.057983,-0.113316,-0.055333
2026-09-23T10:59:00+00:00,prs,1.224,-0.10895,-0.190983,-0.11295,0.078033
2026-09-23T11:00:00+00:00,prs,1.186,-0.108588,-0.228983,-0.112588,0.116395
2026-09-23T11:01:00+00:00,prs,1.147,-0.108228,-0.267983,-0.112228,0.155755
2026-09-23T11:02:00+00:00,prs,1.164,-0.107872,-0.250983,-0.111871,0.139111
2026-09-23T11:03:00+00:00,prs,1.256,-0.107518,-0.158983,-0.111518,0.047465
2026-09-23T11:04:00+00:00,prs,1.125,-0.107167,-0.289983,-0.111167,0.178816
2026-09-23T11:05:00+00:00,prs,1.2469999999999999,-0.106819,-0.167983,-0.110819,0.057164
2026-09-23T11:06:00+00:00,prs,1.318,-0.106475,-0.096983,-0.110474,-0.013492
2026-09-23T11:07:00+00:00,prs,1.177,-0.106133,-0.237983,-0.110133,0.12785
2026-09-23T11:08:00+00:00,prs,1.405,-0.105794,-0.009983,-0.109794,-0.099811
2026-09-23T11:09:00+00:00,prs,1.058,-0.105459,-0.356983,-0.109459,0.247524
2026-09-23T11:10:00+00:00,prs,1.304,-0.105127,-0.110983,-0.109127,0.001856
2026-09-23T11:11:00+00:00,prs,1.115,-0.104798,-0.299983,-0.108798,0.191185
2026-09-23T11:12:00+00:00,prs,1.262,-0.104472,-0.152983,-0.108472,0.044511
2026-09-23T11:13:00+00:00,prs,1.278,-0.10415,-0.136983,-0.10815,0.028833
2026-09-23T11:14:00+00:00,prs,1.2610000000000001,-0.103831,-0.153983,-0.10783,0.046153
2026-09-23T11:15:00+00:00,prs,1.28,-0.103515,-0.134983,-0.107514,0.027468
2026-09-23T11:16:00+00:00,prs,1.308,-0.103202,-0.106983,-0.107202,-0.000219
2026-09-23T11:17:00+00:00,prs,1.222,-0.102893,-0.192983,-0.106893,0.08609
2026-09-23T11:18:00+00:00,prs,1.202,-0.102587,-0.212983,-0.106587,0.106396
2026-09-23T11:19:00+00:00,prs,1.295,-0.102284,-0.119983,-0.106284,0.013699
2026-09-23T11:20:00+00:00,prs,1.331,-0.101985,-0.083983,-0.105985,-0.022002
2026-09-23T11:21:00+00:00,prs,1.22,-0.10169,-0.194983,-0.10569,0.089293
2026-09-23T11:22:00+00:00,prs,1.353,-0.101398,-0.061983,-0.105398,-0.043415
2026-09-23T11:23:00+00:00,prs,1.222,-0.101109,-0.192983,-0.105109,0.087874
2026-09-23T11:24:00+00:00,prs,1.232,-0.100824,-0.182983,-0.104824,0.078159
2026-09-23T11:25:00+00:00,prs,1.178,-0.100542,-0.236983,-0.104542,0.132441
2026-09-23T11:26:00+00:00,prs,1.2650000000000001,-0.100264,-0.149983,-0.104264,0.045719
2026-09-23T11:27:00+00:00,prs,1.222,-0.09999,-0.192983,-0.10399,0.088993
2026-09-23T11:28:00+00:00,prs,1.2690000000000001,-0.099719,-0.145983,-0.103719,0.042264
2026-09-23T11:29:00+00:00,prs,1.105,-0.099452,-0.309983,-0.103452,0.206531
2026-09-23T11:30:00+00:00,prs,1.3,-0.099188,-0.114983,-0.103188,0.011795
2026-09-23T11:31:00+00:00,prs,1.191,-0.098928,-0.223983,-0.102928,0.121055
2026-09-23T11:32:00+00:00,prs,1.249,-0.098672,-0.165983,-0.102672,0.063311
2026-09-23T11:33:00+00:00,prs,1.275,-0.09842,-0.139983,-0.10242,0.037563
2026-09-23T11:34:00+00:00,prs,1.208,-0.098171,-0.206983,-0.102171,0.104812
2026-09-23T11:35:00+00:00,prs,1.198,-0.097926,-0.216983,-0.101926,0.115057
2026-09-23T11:36:00+00:00,prs,1.127,-0.097684,-0.287983,-0.101684,0.186299
2026-09-23T11:37:00+00:00,prs,1.232,-0.097447,-0.182983,-0.101446,0.081536
2026-09-23T11:38:00+00:00,prs,1.381,-0.097213,-0.033983,-0.101213,-0.06723
2026-09-23T11:39:00+00:00,prs,1.276,-0.096983,-0.138983,-0.100983,0.038
2026-09-23T11:40:00+00:00,prs,1.218,-0.096756,-0.196983,-0.100756,0.096227
2026-09-23T11:41:00+00:00,prs,1.174,-0.096534,-0.240983,-0.100534,0.140449
2026-09-23T11:42:00+00:00,prs,1.24,-0.096315,-0.174983,-0.100315,0.074668
2026-09-23T11:43:00+00:00,prs,1.2,-0.0961,-0.214983,-0.1001,0.114883
2026-09-23T11:44:00+00:00,prs,1.231,-0.095889,-0.183983,-0.099889,0.084094
2026-09-23T11:45:00+00:00,prs,1.295,-0.095682,-0.119983,-0.099682,0.020301
2026-09-23T11:46:00+00:00,prs,1.333,-0.095479,-0.081983,-0.099479,-0.017496
2026-09-23T11:47:00+00:00,prs,1.204,-0.09528,-0.210983,-0.09928,0.111703
2026-09-23T11:48:00+00:00,prs,1.288,-0.095084,-0.126983,-0.099084,0.027899
2026-09-23T11:49:00+00:00,prs,1.245,-0.094893,-0.169983,-0.098893,0.07109
2026-09-23T11:50:00+00:00,prs,1.144,-0.094705,-0.270983,-0.098705,0.172278
2026-09-23T11:51:00+00:00,prs,1.222,-0.094521,-0.192983,-0.098521,0.094462
2026-09-23T11:52:00+00:00,prs,1.219,-0.094342,-0.195983,-0.098341,0.097641
2026-09-23T11:53:00+00:00,prs,1.195,-0.094166,-0.219983,-0.098166,0.121817
2026-09-23T11:54:00+00:00,prs,1.333,-0.093994,-0.081983,-0.097994,-0.016011
2026-09-23T11:55:00+00:00,prs,1.353,-0.093826,-0.061983,-0.097826,-0.035843
2026-09-23T11:56:00+00:00,prs,1.164,-0.093662,-0.250983,-0.097662,0.153321
2026-09-23T11:57:00+00:00,prs,1.309,-0.093502,-0.105983,-0.097502,0.008481
2026-09-23T11:58:00+00:00,prs,1.381,-0.093346,-0.033983,-0.097346,-0.063363
2026-09-23T11:59:00+00:00,prs,1.32,-0.093194,-0.094983,-0.097194,-0.002211
2026-09-23T12:00:00+00:00,prs,1.347,-0.093046,-0.067983,-0.097045,-0.029063
2026-09-23T12:01:00+00:00,prs,1.157,-0.092901,-0.257983,-0.096901,0.161082
2026-09-23T12:02:00+00:00,prs,1.263,-0.092761,-0.151983,-0.096761,0.055222
2026-09-23T12:03:00+00:00,prs,1.275,-0.092625,-0.139983,-0.096625,0.043358
2026-09-23T12:04:00+00:00,prs,1.219,-0.092493,-0.195983,-0.096493,0.09949
2026-09-23T12:05:00+00:00,prs,1.3679999999999999,-0.092365,-0.046983,-0.096365,-0.049382
2026-09-23T12:06:00+00:00,prs,1.164,-0.092241,-0.250983,-0.09624,0.154742
2026-09-23T12:07:00+00:00,prs,1.319,-0.09212,-0.095983,-0.09612,-0.000137
2026-09-23T12:08:00+00:00,prs,1.129,-0.092004,-0.285983,-0.096004,0.189979
2026-09-23T12:09:00+00:00,prs,1.172,-0.091892,-0.242983,-0.095892,0.147091
2026-09-23T12:10:00+00:00,prs,1.3519999999999999,-0.091784,-0.062983,-0.095784,-0.032801
2026-09-23T12:11:00+00:00,prs,1.361,-0.09168,-0.053983,-0.095679,-0.041697
2026-09-23T12:12:00+00:00,prs,1.337,-0.091579,-0.077983,-0.095579,-0.017596
2026-09-23T12:13:00+00:00,prs,1.315,-0.091483,-0.099983,-0.095483,0.0045
2026-09-23T12:14:00+00:00,prs,1.259,-0.091391,-0.155983,-0.095391,0.060592
2026-09-23T12:15:00+00:00,prs,1.338,-0.091303,-0.076983,-0.095303,-0.01832
2026-09-23T12:16:00+00:00,prs,1.38,-0.091218,-0.034983,-0.095218,-0.060235
2026-09-23T12:17:00+00:00,prs,1.337,-0.091138,-0.077983,-0.095138,-0.017155
2026-09-23T12:18:00+00:00,prs,1.279,-0.091062,-0.135983,-0.095062,0.040921
2026-09-23T12:19:00+00:00,prs,1.173,-0.090989,-0.241983,-0.094989,0.146994
2026-09-23T12:20:00+00:00,prs,1.204,-0.090921,-0.210983,-0.094921,0.116062
2026-09-23T12:21:00+00:00,prs,1.18,-0.090857,-0.234983,-0.094856,0.140127
2026-09-23T12:22:00+00:00,prs,1.285,-0.090796,-0.129983,-0.094796,0.035187
2026-09-23T12:23:00+00:00,prs,1.232,-0.090739,-0.182983,-0.094739,0.088244
2026-09-23T12:24:00+00:00,prs,1.267,-0.090687,-0.147983,-0.094687,0.053296
2026-09-23T12:25:00+00:00,prs,1.176,-0.090638,-0.238983,-0.094638,0.144345
2026-09-23T12:26:00+00:00,prs,1.298,-0.090593,-0.116983,-0.094593,0.02239
2026-09-23T12:27:00+00:00,prs,1.283,-0.090553,-0.131983,-0.094552,0.037431
2026-09-23T12:28:00+00:00,prs,1.209,-0.090516,-0.205983,-0.094515,0.111467
2026-09-23T12:29:00+00:00,prs,1.214,-0.090482,-0.200983,-0.094482,0.106501
2026-09-23T12:30:00+00:00,prs,1.124,-0.090453,-0.290983,-0.094453,0.19653
2026-09-23T12:31:00+00:00,prs,1.217,-0.090428,-0.197983,-0.094428,0.103555
2026-09-23T12:32:00+00:00,prs,1.162,-0.090406,-0.252983,-0.094406,0.158577
2026-09-23T12:33:00+00:00,prs,1.255,-0.090389,-0.159983,-0.094389,0.065594
2026-09-23T12:34:00+00:00,prs,1.229,-0.090375,-0.185983,-0.094375,0.091608
2026-09-23T12:35:00+00:00,prs,1.138,-0.090365,-0.276983,-0.094365,0.182618
2026-09-23T12:36:00+00:00,prs,1.147,-0.090359,-0.267983,-0.094359,0.173624
2026-09-23T12:37:00+00:00,prs,1.106,-0.090357,-0.308983,-0.094356,0.214626
2026-09-23T12:38:00+00:00,prs,1.184,-0.090358,-0.230983,-0.094358,0.136625
2026-09-23T12:39:00+00:00,prs,1.204,-0.090363,-0.210983,-0.094363,0.11662
2026-09-23T12:40:00+00:00,prs,1.139,-0.090372,-0.275983,-0.094372,0.181611
2026-09-23T12:41:00+00:00,prs,1.138,-0.090385,-0.276983,-0.094385,0.182598
2026-09-23T12:42:00+00:00,prs,1.177,-0.090401,-0.237983,-0.094401,0.143582
2026-09-23T12:43:00+00:00,prs,1.183,-0.090421,-0.231983,-0.094421,0.137562
2026-09-23T12:44:00+00:00,prs,1.153,-0.090445,-0.261983,-0.094445,0.167538
2026-09-23T12:45:00+00:00,prs,1.146,-0.090472,-0.268983,-0.094472,0.174511
2026-09-23T12:46:00+00:00,prs,1.21,-0.090504,-0.204983,-0.094503,0.110479
2026-09-23T12:47:00+00:00,prs,1.214,-0.090538,-0.200983,-0.094538,0.106445
2026-09-23T12:48:00+00:00,prs,1.147,-0.090577,-0.267983,-0.094577,0.173406
2026-09-23T12:49:00+00:00,prs,1.157,-0.090619,-0.257983,-0.094618,0.163364
2026-09-23T12:50:00+00:00,prs,1.295,-0.090664,-0.119983,-0.094664,0.025319
2026-09-23T12:51:00+00:00,prs,1.173,-0.090713,-0.241983,-0.094713,0.14727
2026-09-23T12:52:00+00:00,prs,1.331,-0.090766,-0.083983,-0.094766,-0.010783
2026-09-23T12:53:00+00:00,prs,1.268,-0.090822,-0.146983,-0.094822,0.052161
2026-09-23T12:54:00+00:00,prs,1.088,-0.090881,-0.326983,-0.094881,0.232102
2026-09-23T12:55:00+00:00,prs,1.17,-0.090945,-0.244983,-0.094944,0.150038
2026-09-23T12:56:00+00:00,prs,1.116,-0.091011,-0.298983,-0.095011,0.203972
2026-09-23T12:57:00+00:00,prs,1.278,-0.091081,-0.136983,-0.095081,0.041902
2026-09-23T12:58:00+00:00,prs,1.139,-0.091154,-0.275983,-0.095154,0.180829
2026-09-23T12:59:00+00:00,prs,1.301,-0.091231,-0.113983,-0.095231,0.018752
2026-09-23T13:00:00+00:00,prs,1.201,-0.091311,-0.213983,-0.095311,0.118672
2026-09-23T13:01:00+00:00,prs,1.194,-0.091395,-0.220983,-0.095395,0.125588
2026-09-23T13:02:00+00:00,prs,1.43,-0.091481,0.015017,-0.095481,-0.110498
2026-09-23T13:03:00+00:00,prs,1.248,-0.091571,-0.166983,-0.095571,0.071412
2026-09-23T13:04:00+00:00,prs,1.209,-0.091665,-0.205983,-0.095664,0.110318
2026-09-23T13:05:00+00:00,prs,1.268,-0.091761,-0.146983,-0.095761,0.051222
2026-09-23T13:06:00+00:00,prs,1.197,-0.091861,-0.217983,-0.095861,0.122122
2026-09-23T13:07:00+00:00,prs,1.297,-0.091964,-0.117983,-0.095964,0.022019
2026-09-23T13:08:00+00:00,prs,1.207,-0.09207,-0.207983,-0.09607,0.111913
2026-09-23T13:09:00+00:00,prs,1.323,-0.092179,-0.091983,-0.096179,-0.004196
2026-09-23T13:10:00+00:00,prs,1.205,-0.092291,-0.209983,-0.096291,0.113692
2026-09-23T13:11:00+00:00,prs,1.146,-0.092406,-0.268983,-0.096406,0.172577
2026-09-23T13:12:00+00:00,prs,1.237,-0.092525,-0.177983,-0.096524,0.081458
2026-09-23T13:13:00+00:00,prs,1.107,-0.092646,-0.307983,-0.096646,0.211337
2026-09-23T13:14:00+00:00,prs,1.2349999999999999,-0.09277,-0.179983,-0.09677,0.083213
2026-09-23T13:15:00+00:00,prs,1.26,-0.092897,-0.154983,-0.096897,0.058086
2026-09-23T13:16:00+00:00,prs,1.176,-0.093028,-0.238983,-0.097027,0.141956
2026-09-23T13:17:00+00:00,prs,1.208,-0.093161,-0.206983,-0.09716,0.109822
2026-09-23T13:18:00+00:00,prs,1.197,-0.093296,-0.217983,-0.097296,0.120687
2026-09-23T13:19:00+00:00,prs,1.209,-0.093435,-0.205983,-0.097435,0.108548
2026-09-23T13:20:00+00:00,prs,1.164,-0.093577,-0.250983,-0.097577,0.153406
2026-09-23T13:21:00+00:00,prs,1.1360000000000001,-0.093721,-0.278983,-0.097721,0.181262
2026-09-23T13:22:00+00:00,prs,1.256,-0.093868,-0.158983,-0.097868,0.061115
2026-09-23T13:23:00+00:00,prs,1.2650000000000001,-0.094017,-0.149983,-0.098017,0.051966
2026-09-23T13:24:00+00:00,prs,1.188,-0.09417,-0.226983,-0.09817,0.128813
2026-09-23T13:25:00+00:00,prs,1.297,-0.094325,-0.117983,-0.098325,0.019658
2026-09-23T13:26:00+00:00,prs,1.189,-0.094482,-0.225983,-0.098482,0.127501
2026-09-23T13:27:00+00:00,prs,1.025,-0.094642,-0.389983,-0.098642,0.291341
2026-09-23T13:28:00+00:00,prs,1.231,-0.094805,-0.183983,-0.098805,0.085178
2026-09-23T13:29:00+00:00,prs,1.229,-0.09497,-0.185983,-0.09897,0.087013
2026-09-23T13:30:00+00:00,prs,1.2,-0.095137,-0.214983,-0.099137,0.115846
2026-09-23T13:31:00+00:00,prs,1.168,-0.095307,-0.246983,-0.099307,0.147676
2026-09-23T13:32:00+00:00,prs,1.152,-0.09548,-0.262983,-0.09948,0.163503
2026-09-23T13:33:00+00:00,prs,1.175,-0.095654,-0.239983,-0.099654,0.140329
2026-09-23T13:34:00+00:00,prs,1.238,-0.095831,-0.176983,-0.099831,0.077152
2026-09-23T13:35:00+00:00,prs,1.302,-0.09601,-0.112983,-0.10001,0.012973
2026-09-23T13:36:00+00:00,prs,1.19,-0.096192,-0.224983,-0.100192,0.124791
2026-09-23T13:37:00+00:00,prs,1.172,-0.096375,-0.242983,-0.100375,0.142608
2026-09-23T13:38:00+00:00,prs,1.2610000000000001,-0.096561,-0.153983,-0.100561,0.053422
2026-09-23T13:39:00+00:00,prs,1.204,-0.096749,-0.210983,-0.100749,0.110234
2026-09-23T13:40:00+00:00,prs,1.178,-0.096939,-0.236983,-0.100939,0.136044
2026-09-23T13:41:00+00:00,prs,1.114,-0.097131,-0.300983,-0.101131,0.199852
2026-09-23T13:42:00+00:00,prs,1.115,-0.097325,-0.299983,-0.101325,0.198658
2026-09-23T13:43:00+00:00,prs,1.225,-0.097521,-0.189983,-0.101521,0.088462
2026-09-23T13:44:00+00:00,prs,1.214,-0.097719,-0.200983,-0.101718,0.099264
2026-09-23T13:45:00+00:00,prs,1.206,-0.097918,-0.208983,-0.101918,0.107065
2026-09-23T13:46:00+00:00,prs,1.258,-0.09812,-0.156983,-0.10212,0.054863
2026-09-23T13:47:00+00:00,prs,1.173,-0.098323,-0.241983,-0.102323,0.13966
2026-09-23T13:48:00+00:00,prs,1.216,-0.098528,-0.198983,-0.102528,0.096455
2026-09-23T13:49:00+00:00,prs,1.3,-0.098735,-0.114983,-0.102735,0.012248
2026-09-23T13:50:00+00:00,prs,1.171,-0.098943,-0.243983,-0.102943,0.14104
2026-09-23T13:51:00+00:00,prs,1.2770000000000001,-0.099153,-0.137983,-0.103153,0.03483
2026-09-23T13:52:00+00:00,prs,1.259,-0.099365,-0.155983,-0.103365,0.052618
2026-09-23T13:53:00+00:00,prs,1.216,-0.099578,-0.198983,-0.103578,0.095405
2026-09-23T13:54:00+00:00,prs,1.221,-0.099793,-0.193983,-0.103792,0.09019
2026-09-23T13:55:00+00:00,prs,1.147,-0.100009,-0.267983,-0.104009,0.163974
2026-09-23T13:56:00+00:00,prs,1.28,-0.100226,-0.134983,-0.104226,0.030757
2026-09-23T13:57:00+00:00,prs,1.313,-0.100445,-0.101983,-0.104445,-0.002462
2026-09-23T13:58:00+00:00,prs,1.212,-0.100665,-0.202983,-0.104665,0.098318
2026-09-23T13:59:00+00:00,prs,1.176,-0.100886,-0.238983,-0.104886,0.134097
2026-09-23T14:00:00+00:00,prs,1.24,-0.101109,-0.174983,-0.105109,0.069874
2026-09-23T14:01:00+00:00,prs,1.131,-0.101333,-0.283983,-0.105333,0.17865
2026-09-23T14:02:00+00:00,prs,1.222,-0.101558,-0.192983,-0.105558,0.087425
2026-09-23T14:03:00+00:00,prs,1.245,-0.101784,-0.169983,-0.105784,0.064199
2026-09-23T14:04:00+00:00,prs,1.24,-0.102011,-0.174983,-0.106011,0.068972
2026-09-23T14:05:00+00:00,prs,1.172,-0.102239,-0.242983,-0.106239,0.136744
2026-09-23T14:06:00+00:00,prs,1.193,-0.102468,-0.221983,-0.106468,0.115515
2026-09-23T14:07:00+00:00,prs,1.229,-0.102698,-0.185983,-0.106698,0.079285
2026-09-23T14:08:00+00:00,prs,1.141,-0.102929,-0.273983,-0.106929,0.167054
2026-09-23T14:09:00+00:00,prs,1.216,-0.103161,-0.198983,-0.10716,0.091822
2026-09-23T14:10:00+00:00,prs,1.205,-0.103393,-0.209983,-0.107393,0.10259
2026-09-23T14:11:00+00:00,prs,1.174,-0.103626,-0.240983,-0.107626,0.133357
2026-09-23T14:12:00+00:00,prs,1.168,-0.10386,-0.246983,-0.10786,0.139123
2026-09-23T14:13:00+00:00,prs,1.09,-0.104094,-0.324983,-0.108094,0.216889
2026-09-23T14:14:00+00:00,prs,1.187,-0.104329,-0.227983,-0.108329,0.119654
2026-09-23T14:15:00+00:00,prs,1.182,-0.104565,-0.232983,-0.108565,0.124418
2026-09-23T14:16:00+00:00,prs,1.224,-0.104801,-0.190983,-0.108801,0.082182
2026-09-23T14:17:00+00:00,prs,1.214,-0.105037,-0.200983,-0.109037,0.091946
2026-09-23T14:18:00+00:00,prs,1.119,-0.105274,-0.295983,-0.109274,0.186709
2026-09-23T14:19:00+00:00,prs,1.198,-0.105511,-0.216983,-0.109511,0.107472
2026-09-23T14:20:00+00:00,prs,1.17,-0.105748,-0.244983,-0.109748,0.135235
2026-09-23T14:21:00+00:00,prs,1.162,-0.105986,-0.252983,-0.109986,0.142997
2026-09-23T14:22:00+00:00,prs,1.152,-0.106224,-0.262983,-0.110224,0.152759
2026-09-23T14:23:00+00:00,prs,1.154,-0.106462,-0.260983,-0.110462,0.150521
2026-09-23T14:24:00+00:00,prs,1.224,-0.1067,-0.190983,-0.1107,0.080283
2026-09-23T14:25:00+00:00,prs,1.088,-0.106938,-0.326983,-0.110938,0.216045
2026-09-23T14:26:00+00:00,prs,1.151,-0.107176,-0.263983,-0.111176,0.152807
2026-09-23T14:27:00+00:00,prs,1.039,-0.107414,-0.375983,-0.111414,0.264569
2026-09-23T14:28:00+00:00,prs,1.145,-0.107652,-0.269983,-0.111652,0.158331
2026-09-23T14:29:00+00:00,prs,1.142,-0.10789,-0.272983,-0.11189,0.161093
2026-09-23T14:30:00+00:00,prs,1.154,-0.108127,-0.260983,-0.112127,0.148856
2026-09-23T14:31:00+00:00,prs,1.099,-0.108365,-0.315983,-0.112365,0.203618
2026-09-23T14:32:00+00:00,prs,1.137,-0.108602,-0.277983,-0.112602,0.165381
2026-09-23T14:33:00+00:00,prs,1.184,-0.108838,-0.230983,-0.112838,0.118145
2026-09-23T14:34:00+00:00,prs,1.059,-0.109075,-0.355983,-0.113074,0.242908
2026-09-23T14:35:00+00:00,prs,1.133,-0.10931,-0.281983,-0.11331,0.168673
2026-09-23T14:36:00+00:00,prs,1.146,-0.109546,-0.268983,-0.113545,0.155438
2026-09-23T14:37:00+00:00,prs,1.162,-0.10978,-0.252983,-0.11378,0.139203
2026-09-23T14:38:00+00:00,prs,1.129,-0.110014,-0.285983,-0.114014,0.171969
2026-09-23T14:39:00+00:00,prs,1.076,-0.110248,-0.338983,-0.114248,0.224735
2026-09-23T14:40:00+00:00,prs,1.112,-0.11048,-0.302983,-0.11448,0.188503
2026-09-23T14:41:00+00:00,prs,1.142,-0.110712,-0.272983,-0.114712,0.158271
2026-09-23T14:42:00+00:00,prs,1.198,-0.110943,-0.216983,-0.114943,0.10204
2026-09-23T14:43:00+00:00,prs,1.181,-0.111173,-0.233983,-0.115173,0.11881
2026-09-23T14:44:00+00:00,prs,1.083,-0.111403,-0.331983,-0.115403,0.21658
2026-09-23T14:45:00+00:00,prs,1.097,-0.111631,-0.317983,-0.115631,0.202352
2026-09-23T14:46:00+00:00,prs,1.19,-0.111858,-0.224983,-0.115858,0.109125
2026-09-23T14:47:00+00:00,prs,1.115,-0.112084,-0.299983,-0.116084,0.183899
2026-09-23T14:48:00+00:00,prs,1.156,-0.112309,-0.258983,-0.116309,0.142674
2026-09-23T14:49:00+00:00,prs,1.174,-0.112533,-0.240983,-0.116533,0.12445
2026-09-23T14:50:00+00:00,prs,1.188,-0.112756,-0.226983,-0.116756,0.110227
2026-09-23T14:51:00+00:00,prs,1.086,-0.112977,-0.328983,-0.116977,0.212006
2026-09-23T14:52:00+00:00,prs,1.232,-0.113197,-0.182983,-0.117197,0.065786
2026-09-23T14:53:00+00:00,prs,1.065,-0.113416,-0.349983,-0.117416,0.232567
2026-09-23T14:54:00+00:00,prs,1.241,-0.113633,-0.173983,-0.117633,0.05635
2026-09-23T14:55:00+00:00,prs,1.023,-0.113849,-0.391983,-0.117849,0.274134
2026-09-23T14:56:00+00:00,prs,1.151,-0.114063,-0.263983,-0.118063,0.14592
2026-09-23T14:57:00+00:00,prs,1.212,-0.114275,-0.202983,-0.118275,0.084708
2026-09-23T14:58:00+00:00,prs,1.1400000000000001,-0.114486,-0.274983,-0.118486,0.156497
2026-09-23T14:59:00+00:00,prs,1.16,-0.114696,-0.254983,-0.118695,0.136287
2026-09-23T15:00:00+00:00,prs,1.137,-0.114903,-0.277983,-0.118903,0.15908
2026-09-23T15:01:00+00:00,prs,1.095,-0.115109,-0.319983,-0.119109,0.200874
2026-09-23T15:02:00+00:00,prs,1.117,-0.115312,-0.297983,-0.119312,0.178671
2026-09-23T15:03:00+00:00,prs,1.163,-0.115514,-0.251983,-0.119514,0.132469
2026-09-23T15:04:00+00:00,prs,1.074,-0.115714,-0.340983,-0.119714,0.221269
2026-09-23T15:05:00+00:00,prs,1.1219999999999999,-0.115912,-0.292983,-0.119912,0.173071
2026-09-23T15:06:00+00:00,prs,1.18,-0.116108,-0.234983,-0.120108,0.114875
2026-09-23T15:07:00+00:00,prs,1.195,-0.116302,-0.219983,-0.120302,0.099681
2026-09-23T15:08:00+00:00,prs,1.143,-0.116493,-0.271983,-0.120493,0.15149
2026-09-23T15:09:00+00:00,prs,1.092,-0.116683,-0.322983,-0.120682,0.202301
2026-09-23T15:10:00+00:00,prs,1.163,-0.11687,-0.251983,-0.120869,0.131113
2026-09-23T15:11:00+00:00,prs,1.106,-0.117054,-0.308983,-0.121054,0.187929
2026-09-23T15:12:00+00:00,prs,1.201,-0.117237,-0.213983,-0.121237,0.092746
2026-09-23T15:13:00+00:00,prs,1.2429999999999999,-0.117417,-0.171983,-0.121417,0.050566
2026-09-23T15:14:00+00:00,prs,1.24,-0.117594,-0.174983,-0.121594,0.053389
2026-09-23T15:15:00+00:00,prs,1.19,-0.117769,-0.224983,-0.121769,0.103214
2026-09-23T15:16:00+00:00,prs,1.18,-0.117941,-0.234983,-0.121941,0.113042
2026-09-23T15:17:00+00:00,prs,1.093,-0.118111,-0.321983,-0.122111,0.199872
2026-09-23T15:18:00+00:00,prs,1.183,-0.118278,-0.231983,-0.122278,0.109705
2026-09-23T15:19:00+00:00,prs,1.165,-0.118442,-0.249983,-0.122442,0.127541
2026-09-23T15:20:00+00:00,prs,1.07,-0.118604,-0.344983,-0.122604,0.222379
2026-09-23T15:21:00+00:00,prs,1.147,-0.118763,-0.267983,-0.122763,0.14522
2026-09-23T15:22:00+00:00,prs,1.102,-0.118919,-0.312983,-0.122918,0.190064
2026-09-23T15:23:00+00:00,prs,1.1280000000000001,-0.119071,-0.286983,-0.123071,0.163912
2026-09-23T15:24:00+00:00,prs,1.13,-0.119221,-0.284983,-0.123221,0.161762
2026-09-23T15:25:00+00:00,prs,1.164,-0.119368,-0.250983,-0.123368,0.127615
2026-09-23T15:26:00+00:00,prs,1.163,-0.119512,-0.251983,-0.123512,0.128471
2026-09-23T15:27:00+00:00,prs,1.153,-0.119653,-0.261983,-0.123653,0.13833
2026-09-23T15:28:00+00:00,prs,1.103,-0.11979,-0.311983,-0.12379,0.188193
2026-09-23T15:29:00+00:00,prs,1.121,-0.119924,-0.293983,-0.123924,0.170059
2026-09-23T15:30:00+00:00,prs,1.109,-0.120055,-0.305983,-0.124055,0.181928
2026-09-23T15:31:00+00:00,prs,1.103,-0.120183,-0.311983,-0.124183,0.1878
2026-09-23T15:32:00+00:00,prs,1.083,-0.120307,-0.331983,-0.124307,0.207676
2026-09-23T15:33:00+00:00,prs,1.089,-0.120428,-0.325983,-0.124428,0.201555
2026-09-23T15:34:00+00:00,prs,1.158,-0.120545,-0.256983,-0.124545,0.132438
2026-09-23T15:35:00+00:00,prs,1.189,-0.120659,-0.225983,-0.124659,0.101324
2026-09-23T15:36:00+00:00,prs,1.083,-0.120769,-0.331983,-0.124769,0.207214
2026-09-23T15:37:00+00:00,prs,1.124,-0.120876,-0.290983,-0.124876,0.166107
2026-09-23T15:38:00+00:00,prs,0.993,-0.120979,-0.421983,-0.124979,0.297004
2026-09-23T15:39:00+00:00,prs,1.154,-0.121078,-0.260983,-0.125078,0.135905
2026-09-23T15:40:00+00:00,prs,1.19,-0.121174,-0.224983,-0.125173,0.099809
2026-09-23T15:41:00+00:00,prs,1.196,-0.121265,-0.218983,-0.125265,0.093718
2026-09-23T15:42:00+00:00,prs,1.124,-0.121353,-0.290983,-0.125353,0.16563
2026-09-23T15:43:00+00:00,prs,1.17,-0.121437,-0.244983,-0.125437,0.119546
2026-09-23T15:44:00+00:00,prs,1.157,-0.121517,-0.257983,-0.125517,0.132466
2026-09-23T15:45:00+00:00,prs,1.137,-0.121593,-0.277983,-0.125593,0.15239
2026-09-23T15:46:00+00:00,prs,1.151,-0.121665,-0.263983,-0.125664,0.138319
2026-09-23T15:47:00+00:00,prs,1.233,-0.121732,-0.181983,-0.125732,0.056251
2026-09-23T15:48:00+00:00,prs,1.135,-0.121796,-0.279983,-0.125796,0.154187
2026-09-23T15:49:00+00:00,prs,1.158,-0.121855,-0.256983,-0.125855,0.131128
2026-09-23T15:50:00+00:00,prs,1.159,-0.12191,-0.255983,-0.12591,0.130073
2026-09-23T15:51:00+00:00,prs,1.137,-0.121961,-0.277983,-0.125961,0.152022
2026-09-23T15:52:00+00:00,prs,1.1360000000000001,-0.122008,-0.278983,-0.126008,0.152975
2026-09-23T15:53:00+00:00,prs,1.104,-0.12205,-0.310983,-0.12605,0.184933
2026-09-23T15:54:00+00:00,prs,1.097,-0.122088,-0.317983,-0.126088,0.191895
2026-09-23T15:55:00+00:00,prs,1.151,-0.122121,-0.263983,-0.126121,0.137862
2026-09-23T15:56:00+00:00,prs,1.146,-0.12215,-0.268983,-0.12615,0.142833
2026-09-23T15:57:00+00:00,prs,1.186,-0.122174,-0.228983,-0.126174,0.102809
2026-09-23T15:58:00+00:00,prs,1.147,-0.122194,-0.267983,-0.126194,0.141789
2026-09-23T15:59:00+00:00,prs,1.185,-0.122209,-0.229983,-0.126209,0.103774
2026-09-23T16:00:00+00:00,prs,1.172,-0.12222,-0.242983,-0.126219,0.116764
2026-09-23T16:01:00+00:00,prs,1.203,-0.122225,-0.211983,-0.126225,0.085758
2026-09-23T16:02:00+00:00,prs,1.176,-0.122226,-0.238983,-0.126226,0.112757
2026-09-23T16:03:00+00:00,prs,1.115,-0.122222,-0.299983,-0.126222,0.173761
2026-09-23T16:04:00+00:00,prs,1.19,-0.122213,-0.224983,-0.126213,0.09877
2026-09-23T16:05:00+00:00,prs,1.16,-0.1222,-0.254983,-0.1262,0.128783
2026-09-23T16:06:00+00:00,prs,1.148,-0.122181,-0.266983,-0.126181,0.140802
2026-09-23T16:07:00+00:00,prs,1.141,-0.122158,-0.273983,-0.126158,0.147825
2026-09-23T16:08:00+00:00,prs,1.199,-0.122129,-0.215983,-0.126129,0.089854
2026-09-23T16:09:00+00:00,prs,1.177,-0.122095,-0.237983,-0.126095,0.111888
2026-09-23T16:10:00+00:00,prs,1.21,-0.122057,-0.204983,-0.126057,0.078926
2026-09-23T16:11:00+00:00,prs,1.18,-0.122013,-0.234983,-0.126013,0.10897
2026-09-23T16:12:00+00:00,prs,1.209,-0.121964,-0.205983,-0.125964,0.080019
2026-09-23T16:13:00+00:00,prs,1.117,-0.12191,-0.297983,-0.12591,0.172073
2026-09-23T16:14:00+00:00,prs,1.2,-0.12185,-0.214983,-0.12585,0.089133
2026-09-23T16:15:00+00:00,prs,1.125,-0.121785,-0.289983,-0.125785,0.164198
2026-09-23T16:16:00+00:00,prs,1.209,-0.121715,-0.205983,-0.125715,0.080268
2026-09-23T16:17:00+00:00,prs,1.09,-0.12164,-0.324983,-0.12564,0.199343
2026-09-23T16:18:00+00:00,prs,1.134,-0.121559,-0.280983,-0.125559,0.155424
2026-09-23T16:19:00+00:00,prs,1.152,-0.121473,-0.262983,-0.125472,0.13751
2026-09-23T16:20:00+00:00,prs,1.159,-0.121381,-0.255983,-0.125381,0.130602
2026-09-23T16:21:00+00:00,prs,1.125,-0.121283,-0.289983,-0.125283,0.1647
2026-09-23T16:22:00+00:00,prs,1.178,-0.121181,-0.236983,-0.12518,0.111802
2026-09-23T16:23:00+00:00,prs,1.131,-0.121072,-0.283983,-0.125072,0.158911
2026-09-23T16:24:00+00:00,prs,1.168,-0.120958,-0.246983,-0.124958,0.122025
2026-09-23T16:25:00+00:00,prs,1.224,-0.120838,-0.190983,-0.124838,0.066145
2026-09-23T16:26:00+00:00,prs,1.155,-0.120713,-0.259983,-0.124713,0.13527
2026-09-23T16:27:00+00:00,prs,1.107,-0.120582,-0.307983,-0.124582,0.183401
2026-09-23T16:28:00+00:00,prs,1.179,-0.120445,-0.235983,-0.124445,0.111538
2026-09-23T16:29:00+00:00,prs,1.197,-0.120302,-0.217983,-0.124302,0.093681
2026-09-23T16:30:00+00:00,prs,1.148,-0.120153,-0.266983,-0.124153,0.14283
2026-09-23T16:31:00+00:00,prs,1.2530000000000001,-0.119999,-0.161983,-0.123999,0.037984
2026-09-23T16:32:00+00:00,prs,1.215,-0.119839,-0.199983,-0.123839,0.076144
2026-09-23T16:33:00+00:00,prs,1.163,-0.119672,-0.251983,-0.123672,0.128311
2026-09-23T16:34:00+00:00,prs,1.215,-0.1195,-0.199983,-0.1235,0.076483
2026-09-23T16:35:00+00:00,prs,1.215,-0.119322,-0.199983,-0.123322,0.076661
2026-09-23T16:36:00+00:00,prs,1.068,-0.119138,-0.346983,-0.123138,0.223845
2026-09-23T16:37:00+00:00,prs,1.244,-0.118948,-0.170983,-0.122948,0.048035
2026-09-23T16:38:00+00:00,prs,1.18,-0.118751,-0.234983,-0.122751,0.112232
2026-09-23T16:39:00+00:00,prs,1.229,-0.118549,-0.185983,-0.122549,0.063434
2026-09-23T16:40:00+00:00,prs,1.157,-0.11834,-0.257983,-0.12234,0.135643
2026-09-23T16:41:00+00:00,prs,1.105,-0.118125,-0.309983,-0.122125,0.187858
2026-09-23T16:42:00+00:00,prs,1.169,-0.117905,-0.245983,-0.121904,0.124079
2026-09-23T16:43:00+00:00,prs,1.212,-0.117677,-0.202983,-0.121677,0.081306
2026-09-23T16:44:00+00:00,prs,1.109,-0.117444,-0.305983,-0.121444,0.184539
2026-09-23T16:45:00+00:00,prs,1.222,-0.117204,-0.192983,-0.121204,0.071779
2026-09-23T16:46:00+00:00,prs,1.233,-0.116958,-0.181983,-0.120958,0.061025
2026-09-23T16:47:00+00:00,prs,1.205,-0.116706,-0.209983,-0.120706,0.089277
2026-09-23T16:48:00+00:00,prs,1.216,-0.116447,-0.198983,-0.120447,0.078536
2026-09-23T16:49:00+00:00,prs,1.221,-0.116182,-0.193983,-0.120182,0.073801
2026-09-23T16:50:00+00:00,prs,1.2389999999999999,-0.11591,-0.175983,-0.11991,0.056073
2026-09-23T16:51:00+00:00,prs,1.225,-0.115632,-0.189983,-0.119632,0.070351
2026-09-23T16:52:00+00:00,prs,1.237,-0.115348,-0.177983,-0.119348,0.058635
2026-09-23T16:53:00+00:00,prs,1.267,-0.115057,-0.147983,-0.119057,0.028926
2026-09-23T16:54:00+00:00,prs,1.234,-0.11476,-0.180983,-0.118759,0.062223
2026-09-23T16:55:00+00:00,prs,1.183,-0.114456,-0.231983,-0.118455,0.113527
2026-09-23T16:56:00+00:00,prs,1.276,-0.114145,-0.138983,-0.118145,0.020838
2026-09-23T16:57:00+00:00,prs,1.216,-0.113828,-0.198983,-0.117828,0.081155
2026-09-23T16:58:00+00:00,prs,1.2429999999999999,-0.113504,-0.171983,-0.117504,0.054479
2026-09-23T16:59:00+00:00,prs,1.2349999999999999,-0.113174,-0.179983,-0.117174,0.062809
2026-09-23T17:00:00+00:00,prs,1.248,-0.112837,-0.166983,-0.116837,0.050146
2026-09-23T17:01:00+00:00,prs,1.172,-0.112493,-0.242983,-0.116493,0.12649
2026-09-23T17:02:00+00:00,prs,1.194,-0.112143,-0.220983,-0.116143,0.10484
2026-09-23T17:03:00+00:00,prs,1.2530000000000001,-0.111786,-0.161983,-0.115786,0.046197
2026-09-23T17:04:00+00:00,prs,1.205,-0.111422,-0.209983,-0.115422,0.094561
2026-09-23T17:05:00+00:00,prs,1.215,-0.111052,-0.199983,-0.115052,0.084931
2026-09-23T17:06:00+00:00,prs,1.262,-0.110675,-0.152983,-0.114675,0.038308
2026-09-23T17:07:00+00:00,prs,1.293,-0.110291,-0.121983,-0.114291,0.007692
2026-09-23T17:08:00+00:00,prs,1.234,-0.1099,-0.180983,-0.1139,0.067083
2026-09-23T17:09:00+00:00,prs,1.217,-0.109502,-0.197983,-0.113502,0.084481
2026-09-23T17:10:00+00:00,prs,1.266,-0.109098,-0.148983,-0.113098,0.035885
2026-09-23T17:11:00+00:00,prs,1.231,-0.108687,-0.183983,-0.112687,0.071296
2026-09-23T17:12:00+00:00,prs,1.264,-0.108269,-0.150983,-0.112269,0.038714
2026-09-23T17:13:00+00:00,prs,1.217,-0.107844,-0.197983,-0.111844,0.086139
2026-09-23T17:14:00+00:00,prs,1.2469999999999999,-0.107412,-0.167983,-0.111412,0.056571
2026-09-23T17:15:00+00:00,prs,1.192,-0.106973,-0.222983,-0.110973,0.11201
2026-09-23T17:16:00+00:00,prs,1.25,-0.106528,-0.164983,-0.110528,0.054455
2026-09-23T17:17:00+00:00,prs,1.246,-0.106075,-0.168983,-0.110075,0.058908
2026-09-23T17:18:00+00:00,prs,1.198,-0.105616,-0.216983,-0.109615,0.107367
2026-09-23T17:19:00+00:00,prs,1.287,-0.105149,-0.127983,-0.109149,0.018834
2026-09-23T17:20:00+00:00,prs,1.2389999999999999,-0.104676,-0.175983,-0.108676,0.067307
2026-09-23T17:21:00+00:00,prs,1.24,-0.104195,-0.174983,-0.108195,0.066788
2026-09-23T17:22:00+00:00,prs,1.2429999999999999,-0.103708,-0.171983,-0.107708,0.064275
2026-09-23T17:23:00+00:00,prs,1.263,-0.103214,-0.151983,-0.107214,0.044769
2026-09-23T17:24:00+00:00,prs,1.264,-0.102713,-0.150983,-0.106712,0.04427
2026-09-23T17:25:00+00:00,prs,1.2770000000000001,-0.102204,-0.137983,-0.106204,0.031779
2026-09-23T17:26:00+00:00,prs,1.256,-0.101689,-0.158983,-0.105689,0.053294
2026-09-23T17:27:00+00:00,prs,1.283,-0.101167,-0.131983,-0.105167,0.026816
2026-09-23T17:28:00+00:00,prs,1.295,-0.100637,-0.119983,-0.104637,0.015346
2026-09-23T17:29:00+00:00,prs,1.284,-0.100101,-0.130983,-0.104101,0.026882
2026-09-23T17:30:00+00:00,prs,1.322,-0.099558,-0.092983,-0.103557,-0.010575
2026-09-23T17:31:00+00:00,prs,1.309,-0.099007,-0.105983,-0.103007,0.002976
2026-09-23T17:32:00+00:00,prs,1.29,-0.09845,-0.124983,-0.10245,0.022533
2026-09-23T17:33:00+00:00,prs,1.304,-0.097885,-0.110983,-0.101885,0.009098
2026-09-23T17:34:00+00:00,prs,1.284,-0.097313,-0.130983,-0.101313,0.02967
2026-09-23T17:35:00+00:00,prs,1.303,-0.096735,-0.111983,-0.100735,0.011248
2026-09-23T17:36:00+00:00,prs,1.309,-0.096149,-0.105983,-0.100149,0.005834
2026-09-23T17:37:00+00:00,prs,1.2389999999999999,-0.095556,-0.175983,-0.099556,0.076427
2026-09-23T17:38:00+00:00,prs,1.285,-0.094956,-0.129983,-0.098956,0.031027
2026-09-23T17:39:00+00:00,prs,1.319,-0.09435,-0.095983,-0.098349,-0.002367
2026-09-23T17:40:00+00:00,prs,1.248,-0.093736,-0.166983,-0.097735,0.069247
2026-09-23T17:41:00+00:00,prs,1.327,-0.093115,-0.087983,-0.097114,-0.009131
2026-09-23T17:42:00+00:00,prs,1.346,-0.092486,-0.068983,-0.096486,-0.027503
2026-09-23T17:43:00+00:00,prs,1.3479999999999999,-0.091851,-0.066983,-0.095851,-0.028868
2026-09-23T17:44:00+00:00,prs,1.33,-0.091209,-0.084983,-0.095209,-0.010226
2026-09-23T17:45:00+00:00,prs,1.294,-0.09056,-0.120983,-0.09456,0.026423
2026-09-23T17:46:00+00:00,prs,1.315,-0.089903,-0.099983,-0.093903,0.00608
2026-09-23T17:47:00+00:00,prs,1.303,-0.08924,-0.111983,-0.09324,0.018743
2026-09-23T17:48:00+00:00,prs,1.263,-0.088569,-0.151983,-0.092569,0.059414
2026-09-23T17:49:00+00:00,prs,1.322,-0.087892,-0.092983,-0.091892,0.001091
2026-09-23T17:50:00+00:00,prs,1.322,-0.087207,-0.092983,-0.091207,0.001776
2026-09-23T17:51:00+00:00,prs,1.298,-0.086516,-0.116983,-0.090516,0.026467
2026-09-23T17:52:00+00:00,prs,1.361,-0.085817,-0.053983,-0.089817,-0.035834
2026-09-23T17:53:00+00:00,prs,1.341,-0.085111,-0.073983,-0.089111,-0.015128
2026-09-23T17:54:00+00:00,prs,1.424,-0.084399,0.009017,-0.088399,-0.097416
2026-09-23T17:55:00+00:00,prs,1.35,-0.083679,-0.064983,-0.087679,-0.022696
2026-09-23T17:56:00+00:00,prs,1.328,-0.082952,-0.086983,-0.086952,3.1e-05
2026-09-23T17:57:00+00:00,prs,1.345,-0.082218,-0.069983,-0.086218,-0.016235
2026-09-23T17:58:00+00:00,prs,1.339,-0.081478,-0.075983,-0.085478,-0.009495
2026-09-23T17:59:00+00:00,prs,1.363,-0.08073,-0.051983,-0.08473,-0.032747
2026-09-23T18:00:00+00:00,prs,1.385,-0.079975,-0.029983,-0.083975,-0.053992
2026-09-23T18:01:00+00:00,prs,1.365,-0.079214,-0.049983,-0.083214,-0.033231
2026-09-23T18:02:00+00:00,prs,1.358,-0.078445,-0.056983,-0.082445,-0.025462
2026-09-23T18:03:00+00:00,prs,1.322,-0.07767,-0.092983,-0.08167,0.011313
2026-09-23T18:04:00+00:00,prs,1.353,-0.076887,-0.061983,-0.080887,-0.018904
2026-09-23T18:05:00+00:00,prs,1.408,-0.076098,-0.006983,-0.080098,-0.073115
2026-09-23T18:06:00+00:00,prs,1.436,-0.075302,0.021017,-0.079301,-0.100319
2026-09-23T18:07:00+00:00,prs,1.345,-0.074498,-0.069983,-0.078498,-0.008515
2026-09-23T18:08:00+00:00,prs,1.305,-0.073688,-0.109983,-0.077688,0.032295
2026-09-23T18:09:00+00:00,prs,1.384,-0.072872,-0.030983,-0.076871,-0.045889
2026-09-23T18:10:00+00:00,prs,1.2610000000000001,-0.072048,-0.153983,-0.076048,0.077935
2026-09-23T18:11:00+00:00,prs,1.316,-0.071217,-0.098983,-0.075217,0.023766
2026-09-23T18:12:00+00:00,prs,1.384,-0.07038,-0.030983,-0.07438,-0.043397
2026-09-23T18:13:00+00:00,prs,1.374,-0.069536,-0.040983,-0.073536,-0.032553
2026-09-23T18:14:00+00:00,prs,1.325,-0.068685,-0.089983,-0.072685,0.017298
2026-09-23T18:15:00+00:00,prs,1.331,-0.067827,-0.083983,-0.071827,0.012156
2026-09-23T18:16:00+00:00,prs,1.411,-0.066963,-0.003983,-0.070963,-0.06698
2026-09-23T18:17:00+00:00,prs,1.343,-0.066092,-0.071983,-0.070091,0.001891
2026-09-23T18:18:00+00:00,prs,1.379,-0.065214,-0.035983,-0.069214,-0.033231
2026-09-23T18:19:00+00:00,prs,1.3599999999999999,-0.064329,-0.054983,-0.068329,-0.013346
2026-09-23T18:20:00+00:00,prs,1.414,-0.063438,-0.000983,-0.067438,-0.066455
2026-09-23T18:21:00+00:00,prs,1.336,-0.06254,-0.078983,-0.06654,0.012443
2026-09-23T18:22:00+00:00,prs,1.3439999999999999,-0.061636,-0.070983,-0.065636,0.005347
2026-09-23T18:23:00+00:00,prs,1.3679999999999999,-0.060725,-0.046983,-0.064725,-0.017742
2026-09-23T18:24:00+00:00,prs,1.355,-0.059807,-0.059983,-0.063807,-0.003824
2026-09-23T18:25:00+00:00,prs,1.367,-0.058883,-0.047983,-0.062883,-0.0149
2026-09-23T18:26:00+00:00,prs,1.359,-0.057952,-0.055983,-0.061952,-0.005969
2026-09-23T18:27:00+00:00,prs,1.342,-0.057015,-0.072983,-0.061015,0.011968
2026-09-23T18:28:00+00:00,prs,1.367,-0.056071,-0.047983,-0.060071,-0.012088
2026-09-23T18:29:00+00:00,prs,1.3679999999999999,-0.055121,-0.046983,-0.059121,-0.012138
2026-09-23T18:30:00+00:00,prs,1.343,-0.054164,-0.071983,-0.058164,0.013819
2026-09-23T18:31:00+00:00,prs,1.416,-0.053201,0.001017,-0.057201,-0.058218
2026-09-23T18:32:00+00:00,prs,1.329,-0.052232,-0.085983,-0.056232,0.029751
2026-09-23T18:33:00+00:00,prs,1.376,-0.051256,-0.038983,-0.055256,-0.016273
2026-09-23T18:34:00+00:00,prs,1.3780000000000001,-0.050274,-0.036983,-0.054274,-0.017291
2026-09-23T18:35:00+00:00,prs,1.421,-0.049286,0.006017,-0.053286,-0.059303
2026-09-23T18:36:00+00:00,prs,1.438,-0.048291,0.023017,-0.052291,-0.075308
2026-09-23T18:37:00+00:00,prs,1.407,-0.047291,-0.007983,-0.051291,-0.043308
2026-09-23T18:38:00+00:00,prs,1.385,-0.046284,-0.029983,-0.050284,-0.020301
2026-09-23T18:39:00+00:00,prs,1.417,-0.04527,0.002017,-0.04927,-0.051287
2026-09-23T18:40:00+00:00,prs,1.438,-0.044251,0.023017,-0.048251,-0.071268
2026-09-23T18:41:00+00:00,prs,1.416,-0.043226,0.001017,-0.047226,-0.048243
2026-09-23T18:42:00+00:00,prs,1.439,-0.042194,0.024017,-0.046194,-0.070211
2026-09-23T18:43:00+00:00,prs,1.47,-0.041157,0.055017,-0.045156,-0.100173
2026-09-23T18:44:00+00:00,prs,1.424,-0.040113,0.009017,-0.044113,-0.05313
2026-09-23T18:45:00+00:00,prs,1.443,-0.039063,0.028017,-0.043063,-0.07108
2026-09-23T18:46:00+00:00,prs,1.464,-0.038008,0.049017,-0.042008,-0.091025
2026-09-23T18:47:00+00:00,prs,1.433,-0.036946,0.018017,-0.040946,-0.058963
2026-09-23T18:48:00+00:00,prs,1.4769999999999999,-0.035879,0.062017,-0.039879,-0.101896
2026-09-23T18:49:00+00:00,prs,1.442,-0.034806,0.027017,-0.038806,-0.065823
2026-09-23T18:50:00+00:00,prs,1.465,-0.033727,0.050017,-0.037727,-0.087744
2026-09-23T18:51:00+00:00,prs,1.4889999999999999,-0.032642,0.074017,-0.036642,-0.110659
2026-09-23T18:52:00+00:00,prs,1.433,-0.031552,0.018017,-0.035552,-0.053569
2026-09-23T18:53:00+00:00,prs,1.488,-0.030455,0.073017,-0.034455,-0.107472
2026-09-23T18:54:00+00:00,prs,1.475,-0.029354,0.060017,-0.033354,-0.093371
2026-09-23T18:55:00+00:00,prs,1.46,-0.028246,0.045017,-0.032246,-0.077263
2026-09-23T18:56:00+00:00,prs,1.399,-0.027133,-0.015983,-0.031133,-0.01515
2026-09-23T18:57:00+00:00,prs,1.442,-0.026015,0.027017,-0.030014,-0.057032
2026-09-23T18:58:00+00:00,prs,1.4889999999999999,-0.02489,0.074017,-0.02889,-0.102907
2026-09-23T18:59:00+00:00,prs,1.475,-0.023761,0.060017,-0.027761,-0.087778
2026-09-23T19:00:00+00:00,prs,1.428,-0.022626,0.013017,-0.026626,-0.039643
2026-09-23T19:01:00+00:00,prs,1.44,-0.021486,0.025017,-0.025485,-0.050503
2026-09-23T19:02:00+00:00,prs,1.417,-0.02034,0.002017,-0.02434,-0.026357
2026-09-23T19:03:00+00:00,prs,1.426,-0.019189,0.011017,-0.023189,-0.034206
2026-09-23T19:04:00+00:00,prs,1.466,-0.018033,0.051017,-0.022032,-0.07305
2026-09-23T19:05:00+00:00,prs,1.41,-0.016871,-0.004983,-0.020871,-0.015888
2026-09-23T19:06:00+00:00,prs,1.459,-0.015704,0.044017,-0.019704,-0.063721
2026-09-23T19:07:00+00:00,prs,1.4,-0.014533,-0.014983,-0.018533,-0.00355
2026-09-23T19:08:00+00:00,prs,1.407,-0.013356,-0.007983,-0.017356,-0.009373
2026-09-23T19:09:00+00:00,prs,1.48,-0.012174,0.065017,-0.016174,-0.081191
2026-09-23T19:10:00+00:00,prs,1.431,-0.010987,0.016017,-0.014987,-0.031004
2026-09-23T19:11:00+00:00,prs,1.455,-0.009795,0.040017,-0.013795,-0.053812
2026-09-23T19:12:00+00:00,prs,1.448,-0.008598,0.033017,-0.012598,-0.045615
2026-09-23T19:13:00+00:00,prs,1.457,-0.007397,0.042017,-0.011397,-0.053414
2026-09-23T19:14:00+00:00,prs,1.461,-0.00619,0.046017,-0.01019,-0.056207
2026-09-23T19:15:00+00:00,prs,1.429,-0.004979,0.014017,-0.008979,-0.022996
2026-09-23T19:16:00+00:00,prs,1.47,-0.003763,0.055017,-0.007763,-0.06278
2026-09-23T19:17:00+00:00,prs,1.448,-0.002543,0.033017,-0.006542,-0.03956
2026-09-23T19:18:00+00:00,prs,1.416,-0.001317,0.001017,-0.005317,-0.006334
2026-09-23T19:19:00+00:00,prs,1.506,-8.8e-05,0.091017,-0.004088,-0.095105
2026-09-23T19:20:00+00:00,prs,1.463,0.001147,0.048017,-0.002853,-0.05087
2026-09-23T19:21:00+00:00,prs,1.517,0.002385,0.102017,-0.001614,-0.103632
2026-09-23T19:22:00+00:00,prs,1.541,0.003629,0.126017,-0.000371,-0.126388
2026-09-23T19:23:00+00:00,prs,1.5030000000000001,0.004876,0.088017,0.000876,-0.087141
2026-09-23T19:24:00+00:00,prs,1.4809999999999999,0.006128,0.066017,0.002128,-0.063889
2026-09-23T19:25:00+00:00,prs,1.46,0.007384,0.045017,0.003384,-0.041633
2026-09-23T19:26:00+00:00,prs,1.506,0.008645,0.091017,0.004645,-0.086372
2026-09-23T19:27:00+00:00,prs,1.52,0.009909,0.105017,0.005909,-0.099108
2026-09-23T19:28:00+00:00,prs,1.463,0.011178,0.048017,0.007178,-0.040839
2026-09-23T19:29:00+00:00,prs,1.4969999999999999,0.01245,0.082017,0.00845,-0.073567
2026-09-23T19:30:00+00:00,prs,1.463,0.013727,0.048017,0.009727,-0.03829
2026-09-23T19:31:00+00:00,prs,1.4969999999999999,0.015008,0.082017,0.011008,-0.071009
2026-09-23T19:32:00+00:00,prs,1.56,0.016292,0.145017,0.012292,-0.132725
2026-09-23T19:33:00+00:00,prs,1.5030000000000001,0.017581,0.088017,0.013581,-0.074436
2026-09-23T19:34:00+00:00,prs,1.563,0.018873,0.148017,0.014873,-0.133144
2026-09-23T19:35:00+00:00,prs,1.5,0.020169,0.085017,0.016169,-0.068848
2026-09-23T19:36:00+00:00,prs,1.496,0.021468,0.081017,0.017468,-0.063549
2026-09-23T19:37:00+00:00,prs,1.545,0.022772,0.130017,0.018772,-0.111245
2026-09-23T19:38:00+00:00,prs,1.479,0.024078,0.064017,0.020078,-0.043939
2026-09-23T19:39:00+00:00,prs,1.533,0.025389,0.118017,0.021389,-0.096628
2026-09-23T19:40:00+00:00,prs,1.529,0.026702,0.114017,0.022702,-0.091315
2026-09-23T19:41:00+00:00,prs,1.5550000000000002,0.028019,0.140017,0.02402,-0.115997
2026-09-23T19:42:00+00:00,prs,1.581,0.02934,0.166017,0.02534,-0.140677
2026-09-23T19:43:00+00:00,prs,1.525,0.030664,0.110017,0.026664,-0.083353
2026-09-23T19:44:00+00:00,prs,1.506,0.031991,0.091017,0.027991,-0.063026
2026-09-23T19:45:00+00:00,prs,1.549,0.033321,0.134017,0.029321,-0.104696
2026-09-23T19:46:00+00:00,prs,1.488,0.034654,0.073017,0.030654,-0.042363
2026-09-23T19:47:00+00:00,prs,1.5390000000000001,0.03599,0.124017,0.03199,-0.092027
2026-09-23T19:48:00+00:00,prs,1.545,0.03733,0.130017,0.03333,-0.096687
2026-09-23T19:49:00+00:00,prs,1.5699999999999998,0.038672,0.155017,0.034672,-0.120345
2026-09-23T19:50:00+00:00,prs,1.5659999999999998,0.040017,0.151017,0.036017,-0.115
2026-09-23T19:51:00+00:00,prs,1.601,0.041365,0.186017,0.037365,-0.148652
2026-09-23T19:52:00+00:00,prs,1.518,0.042715,0.103017,0.038716,-0.064302
2026-09-23T19:53:00+00:00,prs,1.573,0.044069,0.158017,0.040069,-0.117948
2026-09-23T19:54:00+00:00,prs,1.588,0.045425,0.173017,0.041425,-0.131592
2026-09-23T19:55:00+00:00,prs,1.589,0.046783,0.174017,0.042783,-0.131234
2026-09-23T19:56:00+00:00,prs,1.5659999999999998,0.048144,0.151017,0.044144,-0.106873
2026-09-23T19:57:00+00:00,prs,1.553,0.049508,0.138017,0.045508,-0.092509
2026-09-23T19:58:00+00:00,prs,1.567,0.050873,0.152017,0.046873,-0.105144
2026-09-23T19:59:00+00:00,prs,1.5819999999999999,0.052242,0.167017,0.048242,-0.118775
2026-09-23T20:00:00+00:00,prs,1.607,0.053612,0.192017,0.049612,-0.142405
2026-09-23T20:01:00+00:00,prs,1.584,0.054984,0.169017,0.050984,-0.118033
2026-09-23T20:02:00+00:00,prs,1.5659999999999998,0.056359,0.151017,0.052359,-0.098658
2026-09-23T20:03:00+00:00,prs,1.593,0.057736,0.178017,0.053736,-0.124281
2026-09-23T20:04:00+00:00,prs,1.584,0.059114,0.169017,0.055115,-0.113902
2026-09-23T20:05:00+00:00,prs,1.611,0.060495,0.196017,0.056495,-0.139522
2026-09-23T20:06:00+00:00,prs,1.534,0.061878,0.119017,0.057878,-0.061139
2026-09-23T20:07:00+00:00,prs,1.5859999999999999,0.063262,0.171017,0.059262,-0.111755
2026-09-23T20:08:00+00:00,prs,1.624,0.064648,0.209017,0.060648,-0.148369
2026-09-23T20:09:00+00:00,prs,1.593,0.066036,0.178017,0.062036,-0.115981
2026-09-23T20:10:00+00:00,prs,1.616,0.067425,0.201017,0.063425,-0.137592
2026-09-23T20:11:00+00:00,prs,1.5899999999999999,0.068816,0.175017,0.064816,-0.110201
2026-09-23T20:12:00+00:00,prs,1.657,0.070208,0.242017,0.066208,-0.175809
2026-09-23T20:13:00+00:00,prs,1.599,0.071602,0.184017,0.067602,-0.116415
2026-09-23T20:14:00+00:00,prs,1.6360000000000001,0.072997,0.221017,0.068997,-0.15202
2026-09-23T20:15:00+00:00,prs,1.604,0.074393,0.189017,0.070393,-0.118624
2026-09-23T20:16:00+00:00,prs,1.653,0.075791,0.238017,0.071791,-0.166226
2026-09-23T20:17:00+00:00,prs,1.635,0.077189,0.220017,0.073189,-0.146828
2026-09-23T20:18:00+00:00,prs,1.626,0.078589,0.211017,0.074589,-0.136428
2026-09-23T20:19:00+00:00,prs,1.6400000000000001,0.07999,0.225017,0.07599,-0.149027
2026-09-23T20:20:00+00:00,prs,1.611,0.081391,0.196017,0.077392,-0.118626
2026-09-23T20:21:00+00:00,prs,1.607,0.082794,0.192017,0.078794,-0.113223
2026-09-23T20:22:00+00:00,prs,1.6019999999999999,0.084197,0.187017,0.080197,-0.10682
2026-09-23T20:23:00+00:00,prs,1.6219999999999999,0.085601,0.207017,0.081601,-0.125416
2026-09-23T20:24:00+00:00,prs,1.625,0.087006,0.210017,0.083006,-0.127011
2026-09-23T20:25:00+00:00,prs,1.689,0.088411,0.274017,0.084411,-0.189606
2026-09-23T20:26:00+00:00,prs,1.675,0.089817,0.260017,0.085817,-0.1742
2026-09-23T20:27:00+00:00,prs,1.642,0.091224,0.227017,0.087224,-0.139793
2026-09-23T20:28:00+00:00,prs,1.651,0.09263,0.236017,0.08863,-0.147387
2026-09-23T20:29:00+00:00,prs,1.653,0.094037,0.238017,0.090037,-0.14798
2026-09-23T20:30:00+00:00,prs,1.666,0.095444,0.251017,0.091445,-0.159573
2026-09-23T20:31:00+00:00,prs,1.62,0.096852,0.205017,0.092852,-0.112165
2026-09-23T20:32:00+00:00,prs,1.645,0.098259,0.230017,0.094259,-0.135758
2026-09-23T20:33:00+00:00,prs,1.596,0.099667,0.181017,0.095667,-0.08535
2026-09-23T20:34:00+00:00,prs,1.633,0.101074,0.218017,0.097075,-0.120943
2026-09-23T20:35:00+00:00,prs,1.6320000000000001,0.102482,0.217017,0.098482,-0.118535
2026-09-23T20:36:00+00:00,prs,1.633,0.103889,0.218017,0.099889,-0.118128
2026-09-23T20:37:00+00:00,prs,1.635,0.105296,0.220017,0.101296,-0.118721
2026-09-23T20:38:00+00:00,prs,1.7229999999999999,0.106703,0.308017,0.102703,-0.205314
2026-09-23T20:39:00+00:00,prs,1.639,0.108109,0.224017,0.104109,-0.119908
2026-09-23T20:40:00+00:00,prs,1.651,0.109515,0.236017,0.105515,-0.130502
2026-09-23T20:41:00+00:00,prs,1.6480000000000001,0.11092,0.233017,0.10692,-0.126097
2026-09-23T20:42:00+00:00,prs,1.649,0.112325,0.234017,0.108325,-0.125692
2026-09-23T20:43:00+00:00,prs,1.662,0.113729,0.247017,0.109729,-0.137288
2026-09-23T20:44:00+00:00,prs,1.662,0.115132,0.247017,0.111133,-0.135884
2026-09-23T20:45:00+00:00,prs,1.677,0.116535,0.262017,0.112535,-0.149482
2026-09-23T20:46:00+00:00,prs,1.6760000000000002,0.117937,0.261017,0.113937,-0.14708
2026-09-23T20:47:00+00:00,prs,1.696,0.119337,0.281017,0.115337,-0.16568
2026-09-23T20:48:00+00:00,prs,1.666,0.120737,0.251017,0.116737,-0.13428
2026-09-23T20:49:00+00:00,prs,1.7149999999999999,0.122136,0.300017,0.118136,-0.181881
2026-09-23T20:50:00+00:00,prs,1.7109999999999999,0.123533,0.296017,0.119533,-0.176484
2026-09-23T20:51:00+00:00,prs,1.71,0.124929,0.295017,0.120929,-0.174088
2026-09-23T20:52:00+00:00,prs,1.651,0.126324,0.236017,0.122324,-0.113693
2026-09-23T20:53:00+00:00,prs,1.7,0.127718,0.285017,0.123718,-0.161299
2026-09-23T20:54:00+00:00,prs,1.705,0.12911,0.290017,0.12511,-0.164907
2026-09-23T20:55:00+00:00,prs,1.69,0.1305,0.275017,0.1265,-0.148517
2026-09-23T20:56:00+00:00,prs,1.716,0.131889,0.301017,0.127889,-0.173128
2026-09-23T20:57:00+00:00,prs,1.722,0.133276,0.307017,0.129276,-0.177741
2026-09-23T20:58:00+00:00,prs,1.738,0.134662,0.323017,0.130662,-0.192355
2026-09-23T20:59:00+00:00,prs,1.683,0.136046,0.268017,0.132046,-0.135971
2026-09-23T21:00:00+00:00,prs,1.67,0.137427,0.255017,0.133428,-0.12159
2026-09-23T21:01:00+00:00,prs,1.697,0.138807,0.282017,0.134807,-0.14721
2026-09-23T21:02:00+00:00,prs,1.698,0.140185,0.283017,0.136185,-0.146832
2026-09-23T21:03:00+00:00,prs,1.704,0.141561,0.289017,0.137561,-0.151456
2026-09-23T21:04:00+00:00,prs,1.72,0.142935,0.305017,0.138935,-0.166082
2026-09-23T21:05:00+00:00,prs,1.752,0.144306,0.337017,0.140306,-0.196711
2026-09-23T21:06:00+00:00,prs,1.709,0.145675,0.294017,0.141675,-0.152342
2026-09-23T21:07:00+00:00,prs,1.7109999999999999,0.147042,0.296017,0.143042,-0.152975
2026-09-23T21:08:00+00:00,prs,1.694,0.148406,0.279017,0.144406,-0.134611
2026-09-23T21:09:00+00:00,prs,1.717,0.149768,0.302017,0.145768,-0.156249
2026-09-23T21:10:00+00:00,prs,1.677,0.151127,0.262017,0.147127,-0.11489
2026-09-23T21:11:00+00:00,prs,1.7229999999999999,0.152483,0.308017,0.148483,-0.159534
2026-09-23T21:12:00+00:00,prs,1.692,0.153837,0.277017,0.149837,-0.12718
2026-09-23T21:13:00+00:00,prs,1.6989999999999998,0.155188,0.284017,0.151188,-0.132829
2026-09-23T21:14:00+00:00,prs,1.692,0.156536,0.277017,0.152536,-0.124481
2026-09-23T21:15:00+00:00,prs,1.6480000000000001,0.157881,0.233017,0.153881,-0.079136
2026-09-23T21:16:00+00:00,prs,1.724,0.159223,0.309017,0.155223,-0.153794
2026-09-23T21:17:00+00:00,prs,1.725,0.160562,0.310017,0.156562,-0.153455
2026-09-23T21:18:00+00:00,prs,1.665,0.161898,0.250017,0.157898,-0.092119
2026-09-23T21:19:00+00:00,prs,1.7229999999999999,0.16323,0.308017,0.15923,-0.148787
2026-09-23T21:20:00+00:00,prs,1.721,0.164559,0.306017,0.160559,-0.145458
2026-09-23T21:21:00+00:00,prs,1.741,0.165885,0.326017,0.161885,-0.164132
2026-09-23T21:22:00+00:00,prs,1.7309999999999999,0.167208,0.316017,0.163208,-0.152809
2026-09-23T21:23:00+00:00,prs,1.7610000000000001,0.168526,0.346017,0.164526,-0.181491
2026-09-23T21:24:00+00:00,prs,1.76,0.169842,0.345017,0.165842,-0.179175
2026-09-23T21:25:00+00:00,prs,1.729,0.171153,0.314017,0.167153,-0.146864
2026-09-23T21:26:00+00:00,prs,1.7309999999999999,0.172461,0.316017,0.168461,-0.147556
2026-09-23T21:27:00+00:00,prs,1.752,0.173765,0.337017,0.169765,-0.167252
2026-09-23T21:28:00+00:00,prs,1.712,0.175066,0.297017,0.171066,-0.125951
2026-09-23T21:29:00+00:00,prs,1.7530000000000001,0.176362,0.338017,0.172362,-0.165655
2026-09-23T21:30:00+00:00,prs,1.683,0.177654,0.268017,0.173654,-0.094363
2026-09-23T21:31:00+00:00,prs,1.7429999999999999,0.178942,0.328017,0.174942,-0.153075
2026-09-23T21:32:00+00:00,prs,1.714,0.180226,0.299017,0.176227,-0.122791
2026-09-23T21:33:00+00:00,prs,1.7229999999999999,0.181506,0.308017,0.177506,-0.130511
2026-09-23T21:34:00+00:00,prs,1.729,0.182782,0.314017,0.178782,-0.135235
2026-09-23T21:35:00+00:00,prs,1.687,0.184053,0.272017,0.180053,-0.091964
2026-09-23T21:36:00+00:00,prs,1.6989999999999998,0.18532,0.284017,0.18132,-0.102697
2026-09-23T21:37:00+00:00,prs,1.717,0.186582,0.302017,0.182582,-0.119435
2026-09-23T21:38:00+00:00,prs,1.714,0.18784,0.299017,0.18384,-0.115177
2026-09-23T21:39:00+00:00,prs,1.7810000000000001,0.189093,0.366017,0.185093,-0.180924
2026-09-23T21:40:00+00:00,prs,1.7229999999999999,0.190341,0.308017,0.186341,-0.121676
2026-09-23T21:41:00+00:00,prs,1.725,0.191585,0.310017,0.187585,-0.122432
2026-09-23T21:42:00+00:00,prs,1.742,0.192824,0.327017,0.188824,-0.138193
2026-09-23T21:43:00+00:00,prs,1.744,0.194058,0.329017,0.190058,-0.138959
2026-09-23T21:44:00+00:00,prs,1.7109999999999999,0.195287,0.296017,0.191287,-0.10473
2026-09-23T21:45:00+00:00,prs,1.734,0.19651,0.319017,0.192511,-0.126507
2026-09-23T21:46:00+00:00,prs,1.7349999999999999,0.197729,0.320017,0.193729,-0.126288
2026-09-23T21:47:00+00:00,prs,1.756,0.198943,0.341017,0.194943,-0.146074
2026-09-23T21:48:00+00:00,prs,1.756,0.200151,0.341017,0.196151,-0.144866
2026-09-23T21:49:00+00:00,prs,1.742,0.201354,0.327017,0.197354,-0.129663
2026-09-23T21:50:00+00:00,prs,1.734,0.202552,0.319017,0.198552,-0.120465
2026-09-23T21:51:00+00:00,prs,1.772,0.203744,0.357017,0.199745,-0.157273
2026-09-23T21:52:00+00:00,prs,1.764,0.204931,0.349017,0.200931,-0.148086
2026-09-23T21:53:00+00:00,prs,1.755,0.206112,0.340017,0.202113,-0.137905
2026-09-23T21:54:00+00:00,prs,1.752,0.207288,0.337017,0.203288,-0.133729
2026-09-23T21:55:00+00:00,prs,1.7890000000000001,0.208458,0.374017,0.204458,-0.169559
2026-09-23T21:56:00+00:00,prs,1.767,0.209622,0.352017,0.205622,-0.146395
2026-09-23T21:57:00+00:00,prs,1.7530000000000001,0.21078,0.338017,0.206781,-0.131236
2026-09-23T21:58:00+00:00,prs,1.762,0.211933,0.347017,0.207933,-0.139084
2026-09-23T21:59:00+00:00,prs,1.754,0.213079,0.339017,0.20908,-0.129938
2026-09-23T22:00:00+00:00,prs,1.75,0.21422,0.335017,0.21022,-0.124797
2026-09-23T22:01:00+00:00,prs,1.776,0.215354,0.361017,0.211354,-0.149663
2026-09-23T22:02:00+00:00,prs,1.7530000000000001,0.216483,0.338017,0.212483,-0.125534
2026-09-23T22:03:00+00:00,prs,1.766,0.217605,0.351017,0.213605,-0.137412
2026-09-23T22:04:00+00:00,prs,1.79,0.21872,0.375017,0.214721,-0.160296
2026-09-23T22:05:00+00:00,prs,1.787,0.21983,0.372017,0.21583,-0.156187
2026-09-23T22:06:00+00:00,prs,1.784,0.220933,0.369017,0.216933,-0.152084
2026-09-23T22:07:00+00:00,prs,1.744,0.22203,0.329017,0.21803,-0.110987
2026-09-23T22:08:00+00:00,prs,1.742,0.22312,0.327017,0.21912,-0.107897
2026-09-23T22:09:00+00:00,prs,1.775,0.224203,0.360017,0.220203,-0.139814
2026-09-23T22:10:00+00:00,prs,1.746,0.22528,0.331017,0.22128,-0.109737
2026-09-23T22:11:00+00:00,prs,1.721,0.226351,0.306017,0.222351,-0.083666
2026-09-23T22:12:00+00:00,prs,1.771,0.227414,0.356017,0.223414,-0.132603
2026-09-23T22:13:00+00:00,prs,1.751,0.228471,0.336017,0.224471,-0.111546
2026-09-23T22:14:00+00:00,prs,1.7610000000000001,0.229521,0.346017,0.225521,-0.120496
2026-09-23T22:15:00+00:00,prs,1.774,0.230563,0.359017,0.226563,-0.132454
2026-09-23T22:16:00+00:00,prs,1.799,0.231599,0.384017,0.227599,-0.156418
2026-09-23T22:17:00+00:00,prs,1.79,0.232628,0.375017,0.228628,-0.146389
2026-09-23T22:18:00+00:00,prs,1.698,0.23365,0.283017,0.22965,-0.053367
2026-09-23T22:19:00+00:00,prs,1.802,0.234664,0.387017,0.230664,-0.156353
2026-09-23T22:20:00+00:00,prs,1.815,0.235672,0.400017,0.231672,-0.168345
2026-09-23T22:21:00+00:00,prs,1.859,0.236672,0.444017,0.232672,-0.211345
2026-09-23T22:22:00+00:00,prs,1.807,0.237665,0.392017,0.233665,-0.158352
2026-09-23T22:23:00+00:00,prs,1.8279999999999998,0.23865,0.413017,0.23465,-0.178367
2026-09-23T22:24:00+00:00,prs,1.8359999999999999,0.239628,0.421017,0.235628,-0.185389
2026-09-23T22:25:00+00:00,prs,1.8559999999999999,0.240598,0.441017,0.236598,-0.204419
2026-09-23T22:26:00+00:00,prs,1.807,0.241561,0.392017,0.237561,-0.154456
2026-09-23T22:27:00+00:00,prs,1.8090000000000002,0.242516,0.394017,0.238516,-0.155501
2026-09-23T22:28:00+00:00,prs,1.788,0.243464,0.373017,0.239464,-0.133553
2026-09-23T22:29:00+00:00,prs,1.784,0.244404,0.369017,0.240404,-0.128613
2026-09-23T22:30:00+00:00,prs,1.839,0.245336,0.424017,0.241336,-0.182681
2026-09-23T22:31:00+00:00,prs,1.811,0.24626,0.396017,0.24226,-0.153757
2026-09-23T22:32:00+00:00,prs,1.833,0.247176,0.418017,0.243176,-0.174841
2026-09-23T22:33:00+00:00,prs,1.778,0.248085,0.363017,0.244085,-0.118932
2026-09-23T22:34:00+00:00,prs,1.854,0.248985,0.439017,0.244985,-0.194032
2026-09-23T22:35:00+00:00,prs,1.81,0.249878,0.395017,0.245878,-0.149139
2026-09-23T22:36:00+00:00,prs,1.876,0.250762,0.461017,0.246762,-0.214255
2026-09-23T22:37:00+00:00,prs,1.81,0.251638,0.395017,0.247638,-0.147379
2026-09-23T22:38:00+00:00,prs,1.841,0.252506,0.426017,0.248506,-0.177511
2026-09-23T22:39:00+00:00,prs,1.8050000000000002,0.253366,0.390017,0.249366,-0.140651
2026-09-23T22:40:00+00:00,prs,1.799,0.254218,0.384017,0.250218,-0.133799
2026-09-23T22:41:00+00:00,prs,1.846,0.255061,0.431017,0.251061,-0.179956
2026-09-23T22:42:00+00:00,prs,1.803,0.255896,0.388017,0.251896,-0.136121
2026-09-23T22:43:00+00:00,prs,1.8090000000000002,0.256722,0.394017,0.252722,-0.141295
2026-09-23T22:44:00+00:00,prs,1.8,0.25754,0.385017,0.25354,-0.131477
2026-09-23T22:45:00+00:00,prs,1.81,0.258349,0.395017,0.254349,-0.140668
2026-09-23T22:46:00+00:00,prs,1.803,0.25915,0.388017,0.25515,-0.132867
2026-09-23T22:47:00+00:00,prs,1.7810000000000001,0.259942,0.366017,0.255942,-0.110075
2026-09-23T22:48:00+00:00,prs,1.7810000000000001,0.260726,0.366017,0.256726,-0.109291
2026-09-23T22:49:00+00:00,prs,1.813,0.2615,0.398017,0.2575,-0.140517
2026-09-23T22:50:00+00:00,prs,1.8239999999999998,0.262266,0.409017,0.258266,-0.150751
2026-09-23T22:51:00+00:00,prs,1.825,0.263024,0.410017,0.259024,-0.150993
2026-09-23T22:52:00+00:00,prs,1.8279999999999998,0.263772,0.413017,0.259772,-0.153245
2026-09-23T22:53:00+00:00,prs,1.846,0.264511,0.431017,0.260511,-0.170506
2026-09-23T22:54:00+00:00,prs,1.842,0.265242,0.427017,0.261242,-0.165775
2026-09-23T22:55:00+00:00,prs,1.821,0.265964,0.406017,0.261964,-0.144053
2026-09-23T22:56:00+00:00,prs,1.866,0.266676,0.451017,0.262676,-0.188341
2026-09-23T22:57:00+00:00,prs,1.8359999999999999,0.26738,0.421017,0.26338,-0.157637
2026-09-23T22:58:00+00:00,prs,1.795,0.268074,0.380017,0.264074,-0.115943
2026-09-23T22:59:00+00:00,prs,1.81,0.268759,0.395017,0.264759,-0.130258
2026-09-23T23:00:00+00:00,prs,1.771,0.269435,0.356017,0.265435,-0.090582
2026-09-23T23:01:00+00:00,prs,1.763,0.270102,0.348017,0.266102,-0.081915
2026-09-23T23:02:00+00:00,prs,1.839,0.27076,0.424017,0.26676,-0.157257
2026-09-23T23:03:00+00:00,prs,1.807,0.271408,0.392017,0.267408,-0.124609
2026-09-23T23:04:00+00:00,prs,1.865,0.272047,0.450017,0.268047,-0.18197
2026-09-23T23:05:00+00:00,prs,1.826,0.272677,0.411017,0.268677,-0.14234
2026-09-23T23:06:00+00:00,prs,1.8050000000000002,0.273297,0.390017,0.269297,-0.12072
2026-09-23T23:07:00+00:00,prs,1.8399999999999999,0.273908,0.425017,0.269908,-0.155109
2026-09-23T23:08:00+00:00,prs,1.811,0.274509,0.396017,0.270509,-0.125508
2026-09-23T23:09:00+00:00,prs,1.83,0.275101,0.415017,0.271101,-0.143916
2026-09-23T23:10:00+00:00,prs,1.8010000000000002,0.275683,0.386017,0.271683,-0.114334
2026-09-23T23:11:00+00:00,prs,1.8439999999999999,0.276255,0.429017,0.272255,-0.156762
2026-09-23T23:12:00+00:00,prs,1.807,0.276818,0.392017,0.272818,-0.119199
2026-09-23T23:13:00+00:00,prs,1.771,0.277372,0.356017,0.273372,-0.082645
2026-09-23T23:14:00+00:00,prs,1.839,0.277915,0.424017,0.273915,-0.150102
2026-09-23T23:15:00+00:00,prs,1.83,0.278449,0.415017,0.274449,-0.140568
2026-09-23T23:16:00+00:00,prs,1.841,0.278973,0.426017,0.274973,-0.151044
2026-09-23T23:17:00+00:00,prs,1.804,0.279487,0.389017,0.275488,-0.11353
2026-09-23T23:18:00+00:00,prs,1.795,0.279992,0.380017,0.275992,-0.104025
2026-09-23T23:19:00+00:00,prs,1.782,0.280487,0.367017,0.276487,-0.09053
2026-09-23T23:20:00+00:00,prs,1.779,0.280971,0.364017,0.276971,-0.087046
2026-09-23T23:21:00+00:00,prs,1.818,0.281446,0.403017,0.277446,-0.125571
2026-09-23T23:22:00+00:00,prs,1.79,0.281911,0.375017,0.277911,-0.097106
2026-09-23T23:23:00+00:00,prs,1.79,0.282366,0.375017,0.278366,-0.096651
2026-09-23T23:24:00+00:00,prs,1.877,0.282811,0.462017,0.278811,-0.183206
2026-09-23T23:25:00+00:00,prs,1.81,0.283246,0.395017,0.279246,-0.115771
2026-09-23T23:26:00+00:00,prs,1.843,0.283671,0.428017,0.279671,-0.148346
2026-09-23T23:27:00+00:00,prs,1.8359999999999999,0.284086,0.421017,0.280086,-0.140931
2026-09-23T23:28:00+00:00,prs,1.855,0.28449,0.440017,0.28049,-0.159527
2026-09-23T23:29:00+00:00,prs,1.804,0.284885,0.389017,0.280885,-0.108132
2026-09-23T23:30:00+00:00,prs,1.802,0.285269,0.387017,0.281269,-0.105748
2026-09-23T23:31:00+00:00,prs,1.767,0.285644,0.352017,0.281644,-0.070373
2026-09-23T23:32:00+00:00,prs,1.81,0.286008,0.395017,0.282008,-0.113009
2026-09-23T23:33:00+00:00,prs,1.802,0.286361,0.387017,0.282361,-0.104656
2026-09-23T23:34:00+00:00,prs,1.819,0.286705,0.404017,0.282705,-0.121312
2026-09-23T23:35:00+00:00,prs,1.766,0.287038,0.351017,0.283038,-0.067979
2026-09-23T23:36:00+00:00,prs,1.791,0.287361,0.376017,0.283361,-0.092656
2026-09-23T23:37:00+00:00,prs,1.825,0.287674,0.410017,0.283674,-0.126343
2026-09-23T23:38:00+00:00,prs,1.787,0.287976,0.372017,0.283976,-0.088041
2026-09-23T23:39:00+00:00,prs,1.804,0.288268,0.389017,0.284268,-0.104749
2026-09-23T23:40:00+00:00,prs,1.7610000000000001,0.28855,0.346017,0.28455,-0.061467
2026-09-23T23:41:00+00:00,prs,1.8090000000000002,0.288821,0.394017,0.284821,-0.109196
2026-09-23T23:42:00+00:00,prs,1.834,0.289082,0.419017,0.285082,-0.133935
2026-09-23T23:43:00+00:00,prs,1.804,0.289332,0.389017,0.285333,-0.103685
2026-09-23T23:44:00+00:00,prs,1.7930000000000001,0.289572,0.378017,0.285573,-0.092445
2026-09-23T23:45:00+00:00,prs,1.829,0.289802,0.414017,0.285802,-0.128215
2026-09-23T23:46:00+00:00,prs,1.787,0.290021,0.372017,0.286021,-0.085996
2026-09-23T23:47:00+00:00,prs,1.746,0.29023,0.331017,0.28623,-0.044787
2026-09-23T23:48:00+00:00,prs,1.835,0.290428,0.420017,0.286428,-0.133589
2026-09-23T23:49:00+00:00,prs,1.813,0.290615,0.398017,0.286615,-0.111402
2026-09-23T23:50:00+00:00,prs,1.819,0.290792,0.404017,0.286792,-0.117225
2026-09-23T23:51:00+00:00,prs,1.746,0.290959,0.331017,0.286959,-0.044058
2026-09-23T23:52:00+00:00,prs,1.79,0.291115,0.375017,0.287115,-0.087902
2026-09-23T23:53:00+00:00,prs,1.8050000000000002,0.29126,0.390017,0.28726,-0.102757
2026-09-23T23:54:00+00:00,prs,1.792,0.291395,0.377017,0.287395,-0.089622
2026-09-23T23:55:00+00:00,prs,1.776,0.291519,0.361017,0.287519,-0.073498
2026-09-23T23:56:00+00:00,prs,1.721,0.291632,0.306017,0.287633,-0.018384
2026-09-23T23:57:00+00:00,prs,1.7850000000000001,0.291735,0.370017,0.287736,-0.082281
2026-09-23T23:58:00+00:00,prs,1.779,0.291828,0.364017,0.287828,-0.076189
2026-09-23T23:59:00+00:00,prs,1.7810000000000001,0.29191,0.366017,0.28791,-0.078107
2026-09-24T00:00:00+00:00,prs,1.755,0.291981,0.340017,0.287981,-0.052036
2026-09-24T00:01:00+00:00,prs,1.762,0.292041,0.347017,0.288041,-0.058976
2026-09-24T00:02:00+00:00,prs,1.766,0.292091,0.351017,0.288091,-0.062926
2026-09-24T00:03:00+00:00,prs,1.746,0.29213,0.331017,0.28813,-0.042887
2026-09-24T00:04:00+00:00,prs,1.7429999999999999,0.292159,0.328017,0.288159,-0.039858
2026-09-24T00:05:00+00:00,prs,1.755,0.292177,0.340017,0.288177,-0.05184
2026-09-24T00:06:00+00:00,prs,1.778,0.292184,0.363017,0.288184,-0.074833
2026-09-24T00:07:00+00:00,prs,1.786,0.29218,0.371017,0.28818,-0.082837
2026-09-24T00:08:00+00:00,prs,1.704,0.292166,0.289017,0.288166,-0.000851
2026-09-24T00:09:00+00:00,prs,1.746,0.292141,0.331017,0.288141,-0.042876
2026-09-24T00:10:00+00:00,prs,1.768,0.292106,0.353017,0.288106,-0.064911
2026-09-24T00:11:00+00:00,prs,1.7349999999999999,0.29206,0.320017,0.28806,-0.031957
2026-09-24T00:12:00+00:00,prs,1.73,0.292003,0.315017,0.288003,-0.027014
2026-09-24T00:13:00+00:00,prs,1.762,0.291935,0.347017,0.287935,-0.059082
2026-09-24T00:14:00+00:00,prs,1.741,0.291857,0.326017,0.287857,-0.03816
2026-09-24T00:15:00+00:00,prs,1.688,0.291768,0.273017,0.287768,0.014751
2026-09-24T00:16:00+00:00,prs,1.766,0.291669,0.351017,0.287669,-0.063348
2026-09-24T00:17:00+00:00,prs,1.7530000000000001,0.291558,0.338017,0.287559,-0.050459
2026-09-24T00:18:00+00:00,prs,1.726,0.291438,0.311017,0.287438,-0.023579
2026-09-24T00:19:00+00:00,prs,1.7149999999999999,0.291306,0.300017,0.287306,-0.012711
2026-09-24T00:20:00+00:00,prs,1.737,0.291164,0.322017,0.287164,-0.034853
2026-09-24T00:21:00+00:00,prs,1.7069999999999999,0.291011,0.292017,0.287011,-0.005006
2026-09-24T00:22:00+00:00,prs,1.72,0.290847,0.305017,0.286848,-0.01817
2026-09-24T00:23:00+00:00,prs,1.71,0.290673,0.295017,0.286673,-0.008344
2026-09-24T00:24:00+00:00,prs,1.7069999999999999,0.290489,0.292017,0.286489,-0.005528
2026-09-24T00:25:00+00:00,prs,1.7189999999999999,0.290293,0.304017,0.286293,-0.017724
2026-09-24T00:26:00+00:00,prs,1.712,0.290087,0.297017,0.286087,-0.01093
2026-09-24T00:27:00+00:00,prs,1.692,0.28987,0.277017,0.28587,0.008853
2026-09-24T00:28:00+00:00,prs,1.694,0.289643,0.279017,0.285643,0.006626
2026-09-24T00:29:00+00:00,prs,1.709,0.289405,0.294017,0.285405,-0.008612
2026-09-24T00:30:00+00:00,prs,1.7,0.289157,0.285017,0.285157,0.00014
2026-09-24T00:31:00+00:00,prs,1.708,0.288898,0.293017,0.284898,-0.008119
2026-09-24T00:32:00+00:00,prs,1.709,0.288628,0.294017,0.284628,-0.009389
2026-09-24T00:33:00+00:00,prs,1.706,0.288348,0.291017,0.284348,-0.006669
2026-09-24T00:34:00+00:00,prs,1.69,0.288057,0.275017,0.284057,0.00904
2026-09-24T00:35:00+00:00,prs,1.686,0.287756,0.271017,0.283756,0.012739
2026-09-24T00:36:00+00:00,prs,1.7149999999999999,0.287444,0.300017,0.283445,-0.016573
2026-09-24T00:37:00+00:00,prs,1.713,0.287122,0.298017,0.283122,-0.014895
2026-09-24T00:38:00+00:00,prs,1.67,0.28679,0.255017,0.28279,0.027773
2026-09-24T00:39:00+00:00,prs,1.681,0.286446,0.266017,0.282446,0.016429
2026-09-24T00:40:00+00:00,prs,1.7,0.286093,0.285017,0.282093,-0.002924
2026-09-24T00:41:00+00:00,prs,1.713,0.285729,0.298017,0.281729,-0.016288
2026-09-24T00:42:00+00:00,prs,1.658,0.285354,0.243017,0.281354,0.038337
2026-09-24T00:43:00+00:00,prs,1.662,0.284969,0.247017,0.280969,0.033952
2026-09-24T00:44:00+00:00,prs,1.713,0.284574,0.298017,0.280574,-0.017443
2026-09-24T00:45:00+00:00,prs,1.693,0.284168,0.278017,0.280168,0.002151
2026-09-24T00:46:00+00:00,prs,1.6360000000000001,0.283752,0.221017,0.279752,0.058735
2026-09-24T00:47:00+00:00,prs,1.687,0.283326,0.272017,0.279326,0.007309
2026-09-24T00:48:00+00:00,prs,1.6600000000000001,0.282889,0.245017,0.27889,0.033872
2026-09-24T00:49:00+00:00,prs,1.675,0.282442,0.260017,0.278443,0.018426
2026-09-24T00:50:00+00:00,prs,1.693,0.281985,0.278017,0.277985,-3.2e-05
2026-09-24T00:51:00+00:00,prs,1.659,0.281518,0.244017,0.277518,0.033501
2026-09-24T00:52:00+00:00,prs,1.685,0.28104,0.270017,0.27704,0.007023
2026-09-24T00:53:00+00:00,prs,1.6600000000000001,0.280552,0.245017,0.276553,0.031535
2026-09-24T00:54:00+00:00,prs,1.6909999999999998,0.280054,0.276017,0.276055,3.7e-05
2026-09-24T00:55:00+00:00,prs,1.638,0.279546,0.223017,0.275546,0.052529
2026-09-24T00:56:00+00:00,prs,1.678,0.279028,0.263017,0.275028,0.012011
2026-09-24T00:57:00+00:00,prs,1.643,0.2785,0.228017,0.2745,0.046483
2026-09-24T00:58:00+00:00,prs,1.637,0.277961,0.222017,0.273961,0.051944
2026-09-24T00:59:00+00:00,prs,1.608,0.277413,0.193017,0.273413,0.080396
2026-09-24T01:00:00+00:00,prs,1.635,0.276854,0.220017,0.272854,0.052837
2026-09-24T01:01:00+00:00,prs,1.624,0.276286,0.209017,0.272286,0.063269
2026-09-24T01:02:00+00:00,prs,1.593,0.275707,0.178017,0.271707,0.09369
2026-09-24T01:03:00+00:00,prs,1.604,0.275119,0.189017,0.271119,0.082102
2026-09-24T01:04:00+00:00,prs,1.639,0.27452,0.224017,0.27052,0.046503
2026-09-24T01:05:00+00:00,prs,1.6179999999999999,0.273912,0.203017,0.269912,0.066895
2026-09-24T01:06:00+00:00,prs,1.605,0.273294,0.190017,0.269294,0.079277
2026-09-24T01:07:00+00:00,prs,1.609,0.272666,0.194017,0.268666,0.074649
2026-09-24T01:08:00+00:00,prs,1.579,0.272029,0.164017,0.268029,0.104012
2026-09-24T01:09:00+00:00,prs,1.621,0.271381,0.206017,0.267381,0.061364
2026-09-24T01:10:00+00:00,prs,1.624,0.270724,0.209017,0.266724,0.057707
2026-09-24T01:11:00+00:00,prs,1.591,0.270057,0.176017,0.266057,0.09004
2026-09-24T01:12:00+00:00,prs,1.5979999999999999,0.269381,0.183017,0.265381,0.082364
2026-09-24T01:13:00+00:00,prs,1.605,0.268695,0.190017,0.264695,0.074678
2026-09-24T01:14:00+00:00,prs,1.5979999999999999,0.267999,0.183017,0.263999,0.080982
2026-09-24T01:15:00+00:00,prs,1.6179999999999999,0.267294,0.203017,0.263294,0.060277
2026-09-24T01:16:00+00:00,prs,1.6099999999999999,0.266579,0.195017,0.262579,0.067562
2026-09-24T01:17:00+00:00,prs,1.5659999999999998,0.265855,0.151017,0.261855,0.110838
2026-09-24T01:18:00+00:00,prs,1.604,0.265121,0.189017,0.261121,0.072104
2026-09-24T01:19:00+00:00,prs,1.601,0.264378,0.186017,0.260378,0.074361
2026-09-24T01:20:00+00:00,prs,1.588,0.263626,0.173017,0.259626,0.086609
2026-09-24T01:21:00+00:00,prs,1.6059999999999999,0.262864,0.191017,0.258864,0.067847
2026-09-24T01:22:00+00:00,prs,1.6280000000000001,0.262093,0.213017,0.258093,0.045076
2026-09-24T01:23:00+00:00,prs,1.6219999999999999,0.261313,0.207017,0.257313,0.050296
2026-09-24T01:24:00+00:00,prs,1.5979999999999999,0.260523,0.183017,0.256523,0.073506
2026-09-24T01:25:00+00:00,prs,1.592,0.259725,0.177017,0.255725,0.078708
2026-09-24T01:26:00+00:00,prs,1.596,0.258917,0.181017,0.254917,0.0739
2026-09-24T01:27:00+00:00,prs,1.615,0.2581,0.200017,0.2541,0.054083
2026-09-24T01:28:00+00:00,prs,1.609,0.257274,0.194017,0.253274,0.059257
2026-09-24T01:29:00+00:00,prs,1.595,0.256439,0.180017,0.252439,0.072422
2026-09-24T01:30:00+00:00,prs,1.615,0.255595,0.200017,0.251595,0.051578
2026-09-24T01:31:00+00:00,prs,1.585,0.254742,0.170017,0.250742,0.080725
2026-09-24T01:32:00+00:00,prs,1.587,0.25388,0.172017,0.249881,0.077863
2026-09-24T01:33:00+00:00,prs,1.581,0.25301,0.166017,0.24901,0.082993
2026-09-24T01:34:00+00:00,prs,1.581,0.25213,0.166017,0.248131,0.082113
2026-09-24T01:35:00+00:00,prs,1.554,0.251242,0.139017,0.247242,0.108225
2026-09-24T01:36:00+00:00,prs,1.552,0.250346,0.137017,0.246346,0.109329
2026-09-24T01:37:00+00:00,prs,1.575,0.24944,0.160017,0.24544,0.085423
2026-09-24T01:38:00+00:00,prs,1.596,0.248526,0.181017,0.244526,0.063509
2026-09-24T01:39:00+00:00,prs,1.568,0.247603,0.153017,0.243603,0.090586
2026-09-24T01:40:00+00:00,prs,1.5430000000000001,0.246672,0.128017,0.242672,0.114655
2026-09-24T01:41:00+00:00,prs,1.553,0.245733,0.138017,0.241733,0.103716
2026-09-24T01:42:00+00:00,prs,1.5550000000000002,0.244784,0.140017,0.240785,0.100767
2026-09-24T01:43:00+00:00,prs,1.541,0.243828,0.126017,0.239828,0.113811
2026-09-24T01:44:00+00:00,prs,1.569,0.242863,0.154017,0.238863,0.084846
2026-09-24T01:45:00+00:00,prs,1.597,0.24189,0.182017,0.23789,0.055873
2026-09-24T01:46:00+00:00,prs,1.5390000000000001,0.240909,0.124017,0.236909,0.112892
2026-09-24T01:47:00+00:00,prs,1.5659999999999998,0.23992,0.151017,0.23592,0.084903
2026-09-24T01:48:00+00:00,prs,1.529,0.238922,0.114017,0.234922,0.120905
2026-09-24T01:49:00+00:00,prs,1.567,0.237916,0.152017,0.233916,0.081899
2026-09-24T01:50:00+00:00,prs,1.534,0.236903,0.119017,0.232903,0.113886
2026-09-24T01:51:00+00:00,prs,1.541,0.235881,0.126017,0.231881,0.105864
2026-09-24T01:52:00+00:00,prs,1.556,0.234852,0.141017,0.230852,0.089835
2026-09-24T01:53:00+00:00,prs,1.5699999999999998,0.233814,0.155017,0.229814,0.074797
2026-09-24T01:54:00+00:00,prs,1.534,0.232769,0.119017,0.228769,0.109752
2026-09-24T01:55:00+00:00,prs,1.5550000000000002,0.231716,0.140017,0.227716,0.087699
2026-09-24T01:56:00+00:00,prs,1.525,0.230655,0.110017,0.226655,0.116638
2026-09-24T01:57:00+00:00,prs,1.538,0.229587,0.123017,0.225587,0.10257
2026-09-24T01:58:00+00:00,prs,1.522,0.228511,0.107017,0.224511,0.117494
2026-09-24T01:59:00+00:00,prs,1.524,0.227427,0.109017,0.223427,0.11441
2026-09-24T02:00:00+00:00,prs,1.514,0.226336,0.099017,0.222336,0.123319
2026-09-24T02:01:00+00:00,prs,1.508,0.225238,0.093017,0.221238,0.128221
2026-09-24T02:02:00+00:00,prs,1.526,0.224132,0.111017,0.220132,0.109115
2026-09-24T02:03:00+00:00,prs,1.517,0.223019,0.102017,0.219019,0.117002
2026-09-24T02:04:00+00:00,prs,1.4889999999999999,0.221899,0.074017,0.217899,0.143882
2026-09-24T02:05:00+00:00,prs,1.4889999999999999,0.220771,0.074017,0.216771,0.142754
2026-09-24T02:06:00+00:00,prs,1.5,0.219636,0.085017,0.215636,0.130619
2026-09-24T02:07:00+00:00,prs,1.483,0.218494,0.068017,0.214495,0.146477
2026-09-24T02:08:00+00:00,prs,1.494,0.217346,0.079017,0.213346,0.134329
2026-09-24T02:09:00+00:00,prs,1.502,0.21619,0.087017,0.21219,0.125173
2026-09-24T02:10:00+00:00,prs,1.498,0.215027,0.083017,0.211027,0.12801
2026-09-24T02:11:00+00:00,prs,1.491,0.213857,0.076017,0.209857,0.13384
2026-09-24T02:12:00+00:00,prs,1.4729999999999999,0.212681,0.058017,0.208681,0.150664
2026-09-24T02:13:00+00:00,prs,1.492,0.211498,0.077017,0.207498,0.130481
2026-09-24T02:14:00+00:00,prs,1.483,0.210308,0.068017,0.206308,0.138291
2026-09-24T02:15:00+00:00,prs,1.465,0.209111,0.050017,0.205112,0.155095
2026-09-24T02:16:00+00:00,prs,1.48,0.207908,0.065017,0.203909,0.138891
2026-09-24T02:17:00+00:00,prs,1.4969999999999999,0.206699,0.082017,0.202699,0.120682
2026-09-24T02:18:00+00:00,prs,1.476,0.205483,0.061017,0.201483,0.140466
2026-09-24T02:19:00+00:00,prs,1.463,0.204261,0.048017,0.200261,0.152244
2026-09-24T02:20:00+00:00,prs,1.482,0.203032,0.067017,0.199032,0.132015
2026-09-24T02:21:00+00:00,prs,1.487,0.201797,0.072017,0.197797,0.12578
2026-09-24T02:22:00+00:00,prs,1.496,0.200556,0.081017,0.196556,0.115539
2026-09-24T02:23:00+00:00,prs,1.484,0.199309,0.069017,0.195309,0.126292
2026-09-24T02:24:00+00:00,prs,1.501,0.198056,0.086017,0.194056,0.108039
2026-09-24T02:25:00+00:00,prs,1.491,0.196796,0.076017,0.192797,0.116779
2026-09-24T02:26:00+00:00,prs,1.468,0.195531,0.053017,0.191531,0.138514
2026-09-24T02:27:00+00:00,prs,1.4889999999999999,0.19426,0.074017,0.19026,0.116243
2026-09-24T02:28:00+00:00,prs,1.4809999999999999,0.192983,0.066017,0.188983,0.122966
2026-09-24T02:29:00+00:00,prs,1.4689999999999999,0.191701,0.054017,0.187701,0.133684
2026-09-24T02:30:00+00:00,prs,1.464,0.190412,0.049017,0.186413,0.137395
2026-09-24T02:31:00+00:00,prs,1.446,0.189119,0.031017,0.185119,0.154102
2026-09-24T02:32:00+00:00,prs,1.463,0.187819,0.048017,0.183819,0.135802
2026-09-24T02:33:00+00:00,prs,1.426,0.186514,0.011017,0.182514,0.171497
2026-09-24T02:34:00+00:00,prs,1.433,0.185204,0.018017,0.181204,0.163187
2026-09-24T02:35:00+00:00,prs,1.463,0.183888,0.048017,0.179888,0.131871
2026-09-24T02:36:00+00:00,prs,1.41,0.182567,-0.004983,0.178567,0.18355
2026-09-24T02:37:00+00:00,prs,1.472,0.181241,0.057017,0.177241,0.120224
2026-09-24T02:38:00+00:00,prs,1.415,0.17991,1.7e-05,0.17591,0.175893
2026-09-24T02:39:00+00:00,prs,1.424,0.178573,0.009017,0.174573,0.165556
2026-09-24T02:40:00+00:00,prs,1.409,0.177232,-0.005983,0.173232,0.179215
2026-09-24T02:41:00+00:00,prs,1.443,0.175886,0.028017,0.171886,0.143869
2026-09-24T02:42:00+00:00,prs,1.41,0.174534,-0.004983,0.170534,0.175517
2026-09-24T02:43:00+00:00,prs,1.438,0.173178,0.023017,0.169178,0.146161
2026-09-24T02:44:00+00:00,prs,1.421,0.171818,0.006017,0.167818,0.161801
2026-09-24T02:45:00+00:00,prs,1.453,0.170452,0.038017,0.166452,0.128435
2026-09-24T02:46:00+00:00,prs,1.455,0.169082,0.040017,0.165082,0.125065
2026-09-24T02:47:00+00:00,prs,1.417,0.167707,0.002017,0.163707,0.16169
2026-09-24T02:48:00+00:00,prs,1.451,0.166328,0.036017,0.162328,0.126311
2026-09-24T02:49:00+00:00,prs,1.411,0.164945,-0.003983,0.160945,0.164928
2026-09-24T02:50:00+00:00,prs,1.4,0.163557,-0.014983,0.159557,0.17454
2026-09-24T02:51:00+00:00,prs,1.431,0.162165,0.016017,0.158165,0.142148
2026-09-24T02:52:00+00:00,prs,1.42,0.160769,0.005017,0.156769,0.151752
2026-09-24T02:53:00+00:00,prs,1.43,0.159368,0.015017,0.155368,0.140351
2026-09-24T02:54:00+00:00,prs,1.404,0.157964,-0.010983,0.153964,0.164947
2026-09-24T02:55:00+00:00,prs,1.419,0.156555,0.004017,0.152555,0.148538
2026-09-24T02:56:00+00:00,prs,1.412,0.155143,-0.002983,0.151143,0.154126
2026-09-24T02:57:00+00:00,prs,1.412,0.153727,-0.002983,0.149727,0.15271
2026-09-24T02:58:00+00:00,prs,1.417,0.152307,0.002017,0.148307,0.14629
2026-09-24T02:59:00+00:00,prs,1.418,0.150883,0.003017,0.146883,0.143866
2026-09-24T03:00:00+00:00,prs,1.4060000000000001,0.149456,-0.008983,0.145456,0.154439
2026-09-24T03:01:00+00:00,prs,1.385,0.148025,-0.029983,0.144025,0.174008
2026-09-24T03:02:00+00:00,prs,1.385,0.14659,-0.029983,0.14259,0.172573
2026-09-24T03:03:00+00:00,prs,1.442,0.145153,0.027017,0.141153,0.114136
2026-09-24T03:04:00+00:00,prs,1.439,0.143711,0.024017,0.139712,0.115694
2026-09-24T03:05:00+00:00,prs,1.448,0.142267,0.033017,0.138267,0.10525
2026-09-24T03:06:00+00:00,prs,1.404,0.140819,-0.010983,0.136819,0.147802
2026-09-24T03:07:00+00:00,prs,1.417,0.139369,0.002017,0.135369,0.133352
2026-09-24T03:08:00+00:00,prs,1.433,0.137915,0.018017,0.133915,0.115898
2026-09-24T03:09:00+00:00,prs,1.404,0.136458,-0.010983,0.132458,0.143441
2026-09-24T03:10:00+00:00,prs,1.421,0.134998,0.006017,0.130998,0.124981
2026-09-24T03:11:00+00:00,prs,1.383,0.133536,-0.031983,0.129536,0.161519
2026-09-24T03:12:00+00:00,prs,1.392,0.13207,-0.022983,0.12807,0.151053
2026-09-24T03:13:00+00:00,prs,1.41,0.130602,-0.004983,0.126602,0.131585
2026-09-24T03:14:00+00:00,prs,1.41,0.129131,-0.004983,0.125132,0.130114
2026-09-24T03:15:00+00:00,prs,1.409,0.127658,-0.005983,0.123658,0.129641
2026-09-24T03:16:00+00:00,prs,1.375,0.126182,-0.039983,0.122182,0.162165
2026-09-24T03:17:00+00:00,prs,1.412,0.124704,-0.002983,0.120704,0.123687
2026-09-24T03:18:00+00:00,prs,1.389,0.123224,-0.025983,0.119224,0.145207
2026-09-24T03:19:00+00:00,prs,1.384,0.121741,-0.030983,0.117741,0.148724
2026-09-24T03:20:00+00:00,prs,1.385,0.120256,-0.029983,0.116256,0.146239
2026-09-24T03:21:00+00:00,prs,1.387,0.118769,-0.027983,0.114769,0.142752
2026-09-24T03:22:00+00:00,prs,1.3719999999999999,0.117279,-0.042983,0.11328,0.156262
2026-09-24T03:23:00+00:00,prs,1.397,0.115788,-0.017983,0.111788,0.129771
2026-09-24T03:24:00+00:00,prs,1.374,0.114295,-0.040983,0.110295,0.151278
2026-09-24T03:25:00+00:00,prs,1.381,0.1128,-0.033983,0.1088,0.142783
2026-09-24T03:26:00+00:00,prs,1.387,0.111303,-0.027983,0.107304,0.135287
2026-09-24T03:27:00+00:00,prs,1.381,0.109805,-0.033983,0.105805,0.139788
2026-09-24T03:28:00+00:00,prs,1.395,0.108305,-0.019983,0.104305,0.124288
2026-09-24T03:29:00+00:00,prs,1.3780000000000001,0.106803,-0.036983,0.102804,0.139786
2026-09-24T03:30:00+00:00,prs,1.3780000000000001,0.1053,-0.036983,0.1013,0.138283
2026-09-24T03:31:00+00:00,prs,1.384,0.103796,-0.030983,0.099796,0.130779
2026-09-24T03:32:00+00:00,prs,1.3780000000000001,0.10229,-0.036983,0.09829,0.135273
2026-09-24T03:33:00+00:00,prs,1.365,0.100783,-0.049983,0.096783,0.146766
2026-09-24T03:34:00+00:00,prs,1.3780000000000001,0.099275,-0.036983,0.095275,0.132258
2026-09-24T03:35:00+00:00,prs,1.388,0.097765,-0.026983,0.093765,0.120748
2026-09-24T03:36:00+00:00,prs,1.396,0.096255,-0.018983,0.092255,0.111238
2026-09-24T03:37:00+00:00,prs,1.353,0.094743,-0.061983,0.090744,0.152726
2026-09-24T03:38:00+00:00,prs,1.407,0.093231,-0.007983,0.089231,0.097214
2026-09-24T03:39:00+00:00,prs,1.371,0.091718,-0.043983,0.087718,0.131701
2026-09-24T03:40:00+00:00,prs,1.3860000000000001,0.090204,-0.028983,0.086204,0.115187
2026-09-24T03:41:00+00:00,prs,1.361,0.088689,-0.053983,0.08469,0.138672
2026-09-24T03:42:00+00:00,prs,1.374,0.087174,-0.040983,0.083174,0.124157
2026-09-24T03:43:00+00:00,prs,1.371,0.085658,-0.043983,0.081659,0.125642
2026-09-24T03:44:00+00:00,prs,1.362,0.084142,-0.052983,0.080142,0.133125
2026-09-24T03:45:00+00:00,prs,1.3519999999999999,0.082626,-0.062983,0.078626,0.141609
2026-09-24T03:46:00+00:00,prs,1.3780000000000001,0.081109,-0.036983,0.077109,0.114092
2026-09-24T03:47:00+00:00,prs,1.361,0.079591,-0.053983,0.075592,0.129574
2026-09-24T03:48:00+00:00,prs,1.333,0.078074,-0.081983,0.074074,0.156057
2026-09-24T03:49:00+00:00,prs,1.346,0.076556,-0.068983,0.072557,0.141539
2026-09-24T03:50:00+00:00,prs,1.3719999999999999,0.075039,-0.042983,0.071039,0.114022
2026-09-24T03:51:00+00:00,prs,1.361,0.073521,-0.053983,0.069521,0.123504
2026-09-24T03:52:00+00:00,prs,1.365,0.072004,-0.049983,0.068004,0.117987
2026-09-24T03:53:00+00:00,prs,1.362,0.070487,-0.052983,0.066487,0.11947
2026-09-24T03:54:00+00:00,prs,1.336,0.06897,-0.078983,0.06497,0.143953
2026-09-24T03:55:00+00:00,prs,1.3519999999999999,0.067453,-0.062983,0.063453,0.126436
2026-09-24T03:56:00+00:00,prs,1.346,0.065936,-0.068983,0.061937,0.130919
2026-09-24T03:57:00+00:00,prs,1.354,0.064421,-0.060983,0.060421,0.121404
2026-09-24T03:58:00+00:00,prs,1.327,0.062905,-0.087983,0.058905,0.146888
2026-09-24T03:59:00+00:00,prs,1.354,0.06139,-0.060983,0.05739,0.118373
2026-09-24T04:00:00+00:00,prs,1.347,0.059876,-0.067983,0.055876,0.123859
2026-09-24T04:01:00+00:00,prs,1.345,0.058363,-0.069983,0.054363,0.124346
2026-09-24T04:02:00+00:00,prs,1.31,0.05685,-0.104983,0.05285,0.157833
2026-09-24T04:03:00+00:00,prs,1.325,0.055338,-0.089983,0.051338,0.141321
2026-09-24T04:04:00+00:00,prs,1.332,0.053828,-0.082983,0.049828,0.132811
2026-09-24T04:05:00+00:00,prs,1.331,0.052318,-0.083983,0.048318,0.132301
2026-09-24T04:06:00+00:00,prs,1.343,0.050809,-0.071983,0.046809,0.118792
2026-09-24T04:07:00+00:00,prs,1.355,0.049301,-0.059983,0.045302,0.105284
2026-09-24T04:08:00+00:00,prs,1.3479999999999999,0.047795,-0.066983,0.043795,0.110778
2026-09-24T04:09:00+00:00,prs,1.336,0.04629,-0.078983,0.04229,0.121273
2026-09-24T04:10:00+00:00,prs,1.334,0.044786,-0.080983,0.040786,0.121769
2026-09-24T04:11:00+00:00,prs,1.308,0.043284,-0.106983,0.039284,0.146267
2026-09-24T04:12:00+00:00,prs,1.331,0.041783,-0.083983,0.037783,0.121766
2026-09-24T04:13:00+00:00,prs,1.327,0.040284,-0.087983,0.036284,0.124267
2026-09-24T04:14:00+00:00,prs,1.303,0.038786,-0.111983,0.034786,0.146769
2026-09-24T04:15:00+00:00,prs,1.342,0.03729,-0.072983,0.03329,0.106273
2026-09-24T04:16:00+00:00,prs,1.325,0.035796,-0.089983,0.031796,0.121779
2026-09-24T04:17:00+00:00,prs,1.293,0.034303,-0.121983,0.030303,0.152286
2026-09-24T04:18:00+00:00,prs,1.29,0.032813,-0.124983,0.028813,0.153796
2026-09-24T04:19:00+00:00,prs,1.296,0.031324,-0.118983,0.027324,0.146307
2026-09-24T04:20:00+00:00,prs,1.28,0.029838,-0.134983,0.025838,0.160821
2026-09-24T04:21:00+00:00,prs,1.288,0.028353,-0.126983,0.024353,0.151336
2026-09-24T04:22:00+00:00,prs,1.303,0.026871,-0.111983,0.022871,0.134854
2026-09-24T04:23:00+00:00,prs,1.311,0.025391,-0.103983,0.021391,0.125374
2026-09-24T04:24:00+00:00,prs,1.298,0.023913,-0.116983,0.019913,0.136896
2026-09-24T04:25:00+00:00,prs,1.264,0.022437,-0.150983,0.018437,0.16942
2026-09-24T04:26:00+00:00,prs,1.286,0.020964,-0.128983,0.016964,0.145947
2026-09-24T04:27:00+00:00,prs,1.272,0.019494,-0.142983,0.015494,0.158477
2026-09-24T04:28:00+00:00,prs,1.316,0.018026,-0.098983,0.014026,0.113009
2026-09-24T04:29:00+00:00,prs,1.306,0.01656,-0.108983,0.01256,0.121543
2026-09-24T04:30:00+00:00,prs,1.302,0.015097,-0.112983,0.011097,0.12408
2026-09-24T04:31:00+00:00,prs,1.329,0.013637,-0.085983,0.009637,0.09562
2026-09-24T04:32:00+00:00,prs,1.289,0.01218,-0.125983,0.00818,0.134163
2026-09-24T04:33:00+00:00,prs,1.291,0.010725,-0.123983,0.006725,0.130708
2026-09-24T04:34:00+00:00,prs,1.272,0.009274,-0.142983,0.005274,0.148257
2026-09-24T04:35:00+00:00,prs,1.285,0.007825,-0.129983,0.003825,0.133808
2026-09-24T04:36:00+00:00,prs,1.267,0.00638,-0.147983,0.00238,0.150363
2026-09-24T04:37:00+00:00,prs,1.29,0.004937,-0.124983,0.000937,0.12592
2026-09-24T04:38:00+00:00,prs,1.2610000000000001,0.003498,-0.153983,-0.000502,0.153481
2026-09-24T04:39:00+00:00,prs,1.266,0.002062,-0.148983,-0.001938,0.147045
2026-09-24T04:40:00+00:00,prs,1.242,0.000629,-0.172983,-0.003371,0.169612
2026-09-24T04:41:00+00:00,prs,1.284,-0.0008,-0.130983,-0.0048,0.126183
2026-09-24T04:42:00+00:00,prs,1.251,-0.002226,-0.163983,-0.006226,0.157757
2026-09-24T04:43:00+00:00,prs,1.2570000000000001,-0.003649,-0.157983,-0.007648,0.150334
2026-09-24T04:44:00+00:00,prs,1.267,-0.005068,-0.147983,-0.009067,0.138915
2026-09-24T04:45:00+00:00,prs,1.2770000000000001,-0.006483,-0.137983,-0.010483,0.1275
2026-09-24T04:46:00+00:00,prs,1.246,-0.007895,-0.168983,-0.011895,0.157088
2026-09-24T04:48:00+00:00,prs,1.292,-0.010707,-0.122983,-0.014707,0.108276
2026-09-24T04:49:00+00:00,prs,1.299,-0.012108,-0.115983,-0.016108,0.099875
2026-09-24T04:50:00+00:00,prs,1.271,-0.013504,-0.143983,-0.017504,0.126479
2026-09-24T04:51:00+00:00,prs,1.328,-0.014897,-0.086983,-0.018897,0.068086
2026-09-24T04:52:00+00:00,prs,1.292,-0.016286,-0.122983,-0.020286,0.102697
2026-09-24T04:53:00+00:00,prs,1.254,-0.01767,-0.160983,-0.02167,0.139313
2026-09-24T04:54:00+00:00,prs,1.276,-0.019051,-0.138983,-0.023051,0.115932
2026-09-24T04:55:00+00:00,prs,1.267,-0.020427,-0.147983,-0.024427,0.123556
2026-09-24T04:56:00+00:00,prs,1.292,-0.0218,-0.122983,-0.0258,0.097183
2026-09-24T04:57:00+00:00,prs,1.245,-0.023168,-0.169983,-0.027168,0.142815
2026-09-24T04:58:00+00:00,prs,1.282,-0.024531,-0.132983,-0.028531,0.104452
2026-09-24T04:59:00+00:00,prs,1.259,-0.025891,-0.155983,-0.02989,0.126092
2026-09-24T05:00:00+00:00,prs,1.251,-0.027245,-0.163983,-0.031245,0.132738
2026-09-24T05:01:00+00:00,prs,1.266,-0.028596,-0.148983,-0.032596,0.116387
2026-09-24T05:03:00+00:00,prs,1.2349999999999999,-0.031283,-0.179983,-0.035283,0.1447
2026-09-24T05:04:00+00:00,prs,1.246,-0.032619,-0.168983,-0.036619,0.132364
2026-09-24T05:05:00+00:00,prs,1.2570000000000001,-0.033951,-0.157983,-0.037951,0.120032
2026-09-24T05:06:00+00:00,prs,1.238,-0.035279,-0.176983,-0.039278,0.137705
2026-09-24T05:07:00+00:00,prs,1.266,-0.036601,-0.148983,-0.040601,0.108382
2026-09-24T05:08:00+00:00,prs,1.284,-0.037918,-0.130983,-0.041918,0.089065
2026-09-24T05:09:00+00:00,prs,1.27,-0.039231,-0.144983,-0.043231,0.101752
2026-09-24T05:10:00+00:00,prs,1.268,-0.040539,-0.146983,-0.044539,0.102444
2026-09-24T05:11:00+00:00,prs,1.262,-0.041841,-0.152983,-0.045841,0.107142
2026-09-24T05:12:00+00:00,prs,1.228,-0.043139,-0.186983,-0.047139,0.139844
2026-09-24T05:13:00+00:00,prs,1.282,-0.044432,-0.132983,-0.048432,0.084551
2026-09-24T05:14:00+00:00,prs,1.255,-0.045719,-0.159983,-0.049719,0.110264
2026-09-24T05:15:00+00:00,prs,1.295,-0.047001,-0.119983,-0.051001,0.068982
2026-09-24T05:16:00+00:00,prs,1.289,-0.048278,-0.125983,-0.052278,0.073705
2026-09-24T05:17:00+00:00,prs,1.272,-0.04955,-0.142983,-0.05355,0.089433
2026-09-24T05:18:00+00:00,prs,1.272,-0.050816,-0.142983,-0.054816,0.088167
2026-09-24T05:19:00+00:00,prs,1.294,-0.052078,-0.120983,-0.056077,0.064906
2026-09-24T05:20:00+00:00,prs,1.292,-0.053333,-0.122983,-0.057333,0.06565
2026-09-24T05:21:00+00:00,prs,1.256,-0.054583,-0.158983,-0.058583,0.1004
2026-09-24T05:22:00+00:00,prs,1.267,-0.055828,-0.147983,-0.059828,0.088155
2026-09-24T05:23:00+00:00,prs,1.259,-0.057067,-0.155983,-0.061067,0.094916
2026-09-24T05:24:00+00:00,prs,1.292,-0.0583,-0.122983,-0.0623,0.060683
2026-09-24T05:25:00+00:00,prs,1.292,-0.059528,-0.122983,-0.063528,0.059455
2026-09-24T05:26:00+00:00,prs,1.28,-0.06075,-0.134983,-0.06475,0.070233
2026-09-24T05:27:00+00:00,prs,1.259,-0.061967,-0.155983,-0.065967,0.090016
2026-09-24T05:28:00+00:00,prs,1.278,-0.063177,-0.136983,-0.067177,0.069806
2026-09-24T05:29:00+00:00,prs,1.252,-0.064382,-0.162983,-0.068382,0.094601
2026-09-24T05:30:00+00:00,prs,1.27,-0.065581,-0.144983,-0.069581,0.075402
2026-09-24T05:31:00+00:00,prs,1.264,-0.066774,-0.150983,-0.070774,0.080209
2026-09-24T05:32:00+00:00,prs,1.275,-0.067962,-0.139983,-0.071961,0.068022
2026-09-24T05:33:00+00:00,prs,1.297,-0.069143,-0.117983,-0.073143,0.04484
2026-09-24T05:34:00+00:00,prs,1.27,-0.070318,-0.144983,-0.074318,0.070665
2026-09-24T05:35:00+00:00,prs,1.27,-0.071487,-0.144983,-0.075487,0.069496
2026-09-24T05:36:00+00:00,prs,1.28,-0.07265,-0.134983,-0.07665,0.058333
2026-09-24T05:37:00+00:00,prs,1.238,-0.073807,-0.176983,-0.077807,0.099176
2026-09-24T05:38:00+00:00,prs,1.276,-0.074958,-0.138983,-0.078957,0.060025
2026-09-24T05:39:00+00:00,prs,1.246,-0.076102,-0.168983,-0.080102,0.088881
2026-09-24T05:40:00+00:00,prs,1.264,-0.07724,-0.150983,-0.08124,0.069743
2026-09-24T05:41:00+00:00,prs,1.274,-0.078372,-0.140983,-0.082372,0.058611
2026-09-24T05:42:00+00:00,prs,1.279,-0.079498,-0.135983,-0.083498,0.052485
2026-09-24T05:43:00+00:00,prs,1.274,-0.080617,-0.140983,-0.084617,0.056366
2026-09-24T05:44:00+00:00,prs,1.268,-0.08173,-0.146983,-0.08573,0.061253
2026-09-24T05:45:00+00:00,prs,1.274,-0.082837,-0.140983,-0.086837,0.054146
2026-09-24T05:46:00+00:00,prs,1.2730000000000001,-0.083937,-0.141983,-0.087937,0.054046
2026-09-24T05:47:00+00:00,prs,1.254,-0.08503,-0.160983,-0.08903,0.071953
2026-09-24T05:48:00+00:00,prs,1.254,-0.086117,-0.160983,-0.090117,0.070866
2026-09-24T05:49:00+00:00,prs,1.27,-0.087198,-0.144983,-0.091198,0.053785
2026-09-24T05:50:00+00:00,prs,1.289,-0.088272,-0.125983,-0.092272,0.033711
2026-09-24T05:51:00+00:00,prs,1.28,-0.089339,-0.134983,-0.093339,0.041644
2026-09-24T05:52:00+00:00,prs,1.306,-0.0904,-0.108983,-0.0944,0.014583
2026-09-24T05:53:00+00:00,prs,1.251,-0.091454,-0.163983,-0.095454,0.068529
2026-09-24T05:54:00+00:00,prs,1.27,-0.092501,-0.144983,-0.096501,0.048482
2026-09-24T05:55:00+00:00,prs,1.279,-0.093542,-0.135983,-0.097542,0.038441
2026-09-24T05:56:00+00:00,prs,1.282,-0.094575,-0.132983,-0.098575,0.034408
2026-09-24T05:57:00+00:00,prs,1.275,-0.095602,-0.139983,-0.099602,0.040381
2026-09-24T05:58:00+00:00,prs,1.303,-0.096623,-0.111983,-0.100623,0.01136
2026-09-24T05:59:00+00:00,prs,1.242,-0.097636,-0.172983,-0.101636,0.071347
2026-09-24T06:00:00+00:00,prs,1.27,-0.098642,-0.144983,-0.102642,0.042341
2026-09-24T06:01:00+00:00,prs,1.308,-0.099642,-0.106983,-0.103642,0.003341
2026-09-24T06:02:00+00:00,prs,1.2690000000000001,-0.100635,-0.145983,-0.104634,0.041349
2026-09-24T06:03:00+00:00,prs,1.285,-0.10162,-0.129983,-0.10562,0.024363
2026-09-24T06:04:00+00:00,prs,1.283,-0.102599,-0.131983,-0.106599,0.025384
2026-09-24T06:05:00+00:00,prs,1.249,-0.10357,-0.165983,-0.10757,0.058413
2026-09-24T06:06:00+00:00,prs,1.2389999999999999,-0.104535,-0.175983,-0.108535,0.067448
2026-09-24T06:07:00+00:00,prs,1.251,-0.105493,-0.163983,-0.109493,0.05449
2026-09-24T06:08:00+00:00,prs,1.2429999999999999,-0.106443,-0.171983,-0.110443,0.06154
2026-09-24T06:09:00+00:00,prs,1.266,-0.107387,-0.148983,-0.111387,0.037596
2026-09-24T06:10:00+00:00,prs,1.274,-0.108323,-0.140983,-0.112323,0.02866
2026-09-24T06:11:00+00:00,prs,1.256,-0.109252,-0.158983,-0.113252,0.045731
2026-09-24T06:12:00+00:00,prs,1.2690000000000001,-0.110174,-0.145983,-0.114174,0.031809
2026-09-24T06:13:00+00:00,prs,1.244,-0.111089,-0.170983,-0.115089,0.055894
2026-09-24T06:14:00+00:00,prs,1.283,-0.111996,-0.131983,-0.115996,0.015987
2026-09-24T06:15:00+00:00,prs,1.274,-0.112897,-0.140983,-0.116897,0.024086
2026-09-24T06:16:00+00:00,prs,1.272,-0.11379,-0.142983,-0.11779,0.025193
2026-09-24T06:17:00+00:00,prs,1.314,-0.114676,-0.100983,-0.118676,-0.017693
2026-09-24T06:18:00+00:00,prs,1.249,-0.115554,-0.165983,-0.119554,0.046429
2026-09-24T06:19:00+00:00,prs,1.276,-0.116426,-0.138983,-0.120426,0.018557
2026-09-24T06:20:00+00:00,prs,1.2730000000000001,-0.11729,-0.141983,-0.12129,0.020693
2026-09-24T06:21:00+00:00,prs,1.287,-0.118146,-0.127983,-0.122146,0.005837
2026-09-24T06:22:00+00:00,prs,1.303,-0.118996,-0.111983,-0.122996,-0.011013
2026-09-24T06:23:00+00:00,prs,1.3,-0.119838,-0.114983,-0.123838,-0.008855
2026-09-24T06:24:00+00:00,prs,1.325,-0.120672,-0.089983,-0.124672,-0.034689
2026-09-24T06:25:00+00:00,prs,1.287,-0.121499,-0.127983,-0.125499,0.002484
2026-09-24T06:26:00+00:00,prs,1.292,-0.122319,-0.122983,-0.126319,-0.003336
2026-09-24T06:27:00+00:00,prs,1.274,-0.123132,-0.140983,-0.127131,0.013851
2026-09-24T06:28:00+00:00,prs,1.309,-0.123936,-0.105983,-0.127936,-0.021953
2026-09-24T06:29:00+00:00,prs,1.285,-0.124734,-0.129983,-0.128734,0.001249
2026-09-24T06:30:00+00:00,prs,1.268,-0.125524,-0.146983,-0.129524,0.017459
2026-09-24T06:31:00+00:00,prs,1.263,-0.126307,-0.151983,-0.130307,0.021676
2026-09-24T06:32:00+00:00,prs,1.295,-0.127082,-0.119983,-0.131082,-0.011099
2026-09-24T06:33:00+00:00,prs,1.295,-0.127849,-0.119983,-0.131849,-0.011866
2026-09-24T06:34:00+00:00,prs,1.2730000000000001,-0.128609,-0.141983,-0.132609,0.009374
2026-09-24T06:35:00+00:00,prs,1.299,-0.129362,-0.115983,-0.133362,-0.017379
2026-09-24T06:36:00+00:00,prs,1.283,-0.130107,-0.131983,-0.134107,-0.002124
2026-09-24T06:37:00+00:00,prs,1.2530000000000001,-0.130845,-0.161983,-0.134845,0.027138
2026-09-24T06:38:00+00:00,prs,1.304,-0.131575,-0.110983,-0.135575,-0.024592
2026-09-24T06:39:00+00:00,prs,1.297,-0.132297,-0.117983,-0.136297,-0.018314
2026-09-24T06:40:00+00:00,prs,1.27,-0.133012,-0.144983,-0.137012,0.007971
2026-09-24T06:41:00+00:00,prs,1.286,-0.13372,-0.128983,-0.13772,-0.008737
2026-09-24T06:42:00+00:00,prs,1.266,-0.13442,-0.148983,-0.138419,0.010563
2026-09-24T06:43:00+00:00,prs,1.298,-0.135112,-0.116983,-0.139112,-0.022129
2026-09-24T06:44:00+00:00,prs,1.282,-0.135797,-0.132983,-0.139797,-0.006814
2026-09-24T06:45:00+00:00,prs,1.298,-0.136474,-0.116983,-0.140474,-0.023491
2026-09-24T06:46:00+00:00,prs,1.288,-0.137143,-0.126983,-0.141143,-0.01416
2026-09-24T06:47:00+00:00,prs,1.298,-0.137805,-0.116983,-0.141805,-0.024822
2026-09-24T06:48:00+00:00,prs,1.287,-0.13846,-0.127983,-0.14246,-0.014477
2026-09-24T06:49:00+00:00,prs,1.307,-0.139107,-0.107983,-0.143107,-0.035124
2026-09-24T06:50:00+00:00,prs,1.303,-0.139746,-0.111983,-0.143746,-0.031763
2026-09-24T06:51:00+00:00,prs,1.272,-0.140378,-0.142983,-0.144378,-0.001395
2026-09-24T06:52:00+00:00,prs,1.306,-0.141002,-0.108983,-0.145002,-0.036019
2026-09-24T06:53:00+00:00,prs,1.285,-0.141618,-0.129983,-0.145618,-0.015635
2026-09-24T06:54:00+00:00,prs,1.287,-0.142227,-0.127983,-0.146227,-0.018244
2026-09-24T06:55:00+00:00,prs,1.302,-0.142829,-0.112983,-0.146828,-0.033846
2026-09-24T06:56:00+00:00,prs,1.254,-0.143422,-0.160983,-0.147422,0.013561
2026-09-24T06:57:00+00:00,prs,1.294,-0.144008,-0.120983,-0.148008,-0.027025
2026-09-24T06:58:00+00:00,prs,1.29,-0.144587,-0.124983,-0.148587,-0.023604
2026-09-24T06:59:00+00:00,prs,1.315,-0.145158,-0.099983,-0.149158,-0.049175
2026-09-24T07:00:00+00:00,prs,1.274,-0.145722,-0.140983,-0.149721,-0.008739
2026-09-24T07:01:00+00:00,prs,1.318,-0.146277,-0.096983,-0.150277,-0.053294
2026-09-24T07:02:00+00:00,prs,1.295,-0.146826,-0.119983,-0.150826,-0.030843
2026-09-24T07:03:00+00:00,prs,1.334,-0.147367,-0.080983,-0.151366,-0.070384
2026-09-24T07:04:00+00:00,prs,1.3519999999999999,-0.1479,-0.062983,-0.1519,-0.088917
2026-09-24T07:05:00+00:00,prs,1.343,-0.148425,-0.071983,-0.152425,-0.080442
2026-09-24T07:06:00+00:00,prs,1.315,-0.148944,-0.099983,-0.152943,-0.052961
2026-09-24T07:07:00+00:00,prs,1.3,-0.149454,-0.114983,-0.153454,-0.038471
2026-09-24T07:08:00+00:00,prs,1.317,-0.149957,-0.097983,-0.153957,-0.055974
2026-09-24T07:09:00+00:00,prs,1.361,-0.150453,-0.053983,-0.154453,-0.10047
2026-09-24T07:10:00+00:00,prs,1.332,-0.150941,-0.082983,-0.154941,-0.071958
2026-09-24T07:11:00+00:00,prs,1.357,-0.151421,-0.057983,-0.155421,-0.097438
2026-09-24T07:12:00+00:00,prs,1.322,-0.151894,-0.092983,-0.155894,-0.062911
2026-09-24T07:13:00+00:00,prs,1.349,-0.15236,-0.065983,-0.15636,-0.090377
2026-09-24T07:14:00+00:00,prs,1.306,-0.152818,-0.108983,-0.156818,-0.047835
2026-09-24T07:15:00+00:00,prs,1.316,-0.153269,-0.098983,-0.157269,-0.058286
2026-09-24T07:16:00+00:00,prs,1.27,-0.153712,-0.144983,-0.157712,-0.012729
2026-09-24T07:17:00+00:00,prs,1.314,-0.154147,-0.100983,-0.158147,-0.057164
2026-09-24T07:18:00+00:00,prs,1.322,-0.154576,-0.092983,-0.158576,-0.065593
2026-09-24T07:19:00+00:00,prs,1.299,-0.154997,-0.115983,-0.158997,-0.043014
2026-09-24T07:20:00+00:00,prs,1.285,-0.15541,-0.129983,-0.15941,-0.029427
2026-09-24T07:21:00+00:00,prs,1.324,-0.155816,-0.090983,-0.159816,-0.068833
2026-09-24T07:22:00+00:00,prs,1.302,-0.156215,-0.112983,-0.160215,-0.047232
2026-09-24T07:23:00+00:00,prs,1.248,-0.156606,-0.166983,-0.160606,0.006377
2026-09-24T07:24:00+00:00,prs,1.313,-0.15699,-0.101983,-0.16099,-0.059007
2026-09-24T07:25:00+00:00,prs,1.305,-0.157367,-0.109983,-0.161367,-0.051384
2026-09-24T07:26:00+00:00,prs,1.292,-0.157736,-0.122983,-0.161736,-0.038753
2026-09-24T07:27:00+00:00,prs,1.342,-0.158098,-0.072983,-0.162098,-0.089115
2026-09-24T07:28:00+00:00,prs,1.312,-0.158453,-0.102983,-0.162453,-0.05947
2026-09-24T07:29:00+00:00,prs,1.272,-0.158801,-0.142983,-0.1628,-0.019818
2026-09-24T07:30:00+00:00,prs,1.316,-0.159141,-0.098983,-0.163141,-0.064158
2026-09-24T07:31:00+00:00,prs,1.335,-0.159474,-0.079983,-0.163474,-0.083491
2026-09-24T07:33:00+00:00,prs,1.245,-0.160118,-0.169983,-0.164118,0.005865
2026-09-24T07:34:00+00:00,prs,1.285,-0.16043,-0.129983,-0.16443,-0.034447
2026-09-24T07:35:00+00:00,prs,1.229,-0.160734,-0.185983,-0.164734,0.021249
2026-09-24T07:36:00+00:00,prs,1.254,-0.161031,-0.160983,-0.165031,-0.004048
2026-09-24T07:37:00+00:00,prs,1.329,-0.161321,-0.085983,-0.165321,-0.079338
2026-09-24T07:38:00+00:00,prs,1.309,-0.161604,-0.105983,-0.165604,-0.059621
2026-09-24T07:39:00+00:00,prs,1.311,-0.16188,-0.103983,-0.16588,-0.061897
2026-09-24T07:40:00+00:00,prs,1.296,-0.162149,-0.118983,-0.166149,-0.047166
2026-09-24T07:41:00+00:00,prs,1.283,-0.162411,-0.131983,-0.16641,-0.034428
2026-09-24T07:42:00+00:00,prs,1.304,-0.162665,-0.110983,-0.166665,-0.055682
2026-09-24T07:43:00+00:00,prs,1.259,-0.162913,-0.155983,-0.166913,-0.01093
2026-09-24T07:44:00+00:00,prs,1.293,-0.163154,-0.121983,-0.167154,-0.045171
2026-09-24T07:45:00+00:00,prs,1.298,-0.163388,-0.116983,-0.167388,-0.050405
2026-09-24T07:46:00+00:00,prs,1.266,-0.163615,-0.148983,-0.167615,-0.018632
2026-09-24T07:47:00+00:00,prs,1.373,-0.163835,-0.041983,-0.167835,-0.125852
2026-09-24T07:48:00+00:00,prs,1.266,-0.164048,-0.148983,-0.168048,-0.019065
2026-09-24T07:49:00+00:00,prs,1.373,-0.164255,-0.041983,-0.168255,-0.126272
2026-09-24T07:50:00+00:00,prs,1.288,-0.164454,-0.126983,-0.168454,-0.041471
2026-09-24T07:51:00+00:00,prs,1.328,-0.164647,-0.086983,-0.168647,-0.081664
2026-09-24T07:52:00+00:00,prs,1.266,-0.164833,-0.148983,-0.168833,-0.01985
2026-09-24T07:53:00+00:00,prs,1.29,-0.165013,-0.124983,-0.169012,-0.04403
2026-09-24T07:54:00+00:00,prs,1.291,-0.165185,-0.123983,-0.169185,-0.045202
2026-09-24T07:55:00+00:00,prs,1.333,-0.165351,-0.081983,-0.169351,-0.087368
2026-09-24T07:56:00+00:00,prs,1.345,-0.16551,-0.069983,-0.16951,-0.099527
2026-09-24T07:57:00+00:00,prs,1.294,-0.165663,-0.120983,-0.169663,-0.04868
2026-09-24T07:58:00+00:00,prs,1.279,-0.165809,-0.135983,-0.169809,-0.033826
2026-09-24T07:59:00+00:00,prs,1.3,-0.165949,-0.114983,-0.169949,-0.054966
2026-09-24T08:00:00+00:00,prs,1.256,-0.166082,-0.158983,-0.170082,-0.011099
2026-09-24T08:01:00+00:00,prs,1.327,-0.166208,-0.087983,-0.170208,-0.082225
2026-09-24T08:02:00+00:00,prs,1.313,-0.166328,-0.101983,-0.170328,-0.068345
2026-09-24T08:03:00+00:00,prs,1.308,-0.166442,-0.106983,-0.170442,-0.063459
2026-09-24T08:04:00+00:00,prs,1.258,-0.166549,-0.156983,-0.170549,-0.013566
2026-09-24T08:05:00+00:00,prs,1.25,-0.16665,-0.164983,-0.17065,-0.005667
2026-09-24T08:06:00+00:00,prs,1.259,-0.166745,-0.155983,-0.170745,-0.014762
2026-09-24T08:07:00+00:00,prs,1.29,-0.166833,-0.124983,-0.170833,-0.04585
2026-09-24T08:08:00+00:00,prs,1.321,-0.166915,-0.093983,-0.170915,-0.076932
2026-09-24T08:09:00+00:00,prs,1.346,-0.16699,-0.068983,-0.17099,-0.102007
2026-09-24T08:10:00+00:00,prs,1.216,-0.16706,-0.198983,-0.17106,0.027923
2026-09-24T08:11:00+00:00,prs,1.232,-0.167123,-0.182983,-0.171123,0.01186
2026-09-24T08:12:00+00:00,prs,1.275,-0.16718,-0.139983,-0.17118,-0.031197
2026-09-24T08:13:00+00:00,prs,1.292,-0.167231,-0.122983,-0.171231,-0.048248
2026-09-24T08:14:00+00:00,prs,1.305,-0.167276,-0.109983,-0.171276,-0.061293
2026-09-24T08:15:00+00:00,prs,1.279,-0.167315,-0.135983,-0.171315,-0.035332
2026-09-24T08:16:00+00:00,prs,1.27,-0.167348,-0.144983,-0.171348,-0.026365
2026-09-24T08:17:00+00:00,prs,1.233,-0.167375,-0.181983,-0.171375,0.010608
2026-09-24T08:18:00+00:00,prs,1.294,-0.167396,-0.120983,-0.171396,-0.050413
2026-09-24T08:19:00+00:00,prs,1.299,-0.167411,-0.115983,-0.171411,-0.055428
2026-09-24T08:20:00+00:00,prs,1.27,-0.16742,-0.144983,-0.17142,-0.026437
2026-09-24T08:21:00+00:00,prs,1.293,-0.167424,-0.121983,-0.171424,-0.049441
2026-09-24T08:22:00+00:00,prs,1.203,-0.167421,-0.211983,-0.171421,0.040562
2026-09-24T08:23:00+00:00,prs,1.297,-0.167413,-0.117983,-0.171413,-0.05343
2026-09-24T08:24:00+00:00,prs,1.367,-0.167399,-0.047983,-0.171399,-0.123416
2026-09-24T08:25:00+00:00,prs,1.19,-0.16738,-0.224983,-0.17138,0.053603
2026-09-24T08:26:00+00:00,prs,1.312,-0.167355,-0.102983,-0.171355,-0.068372
2026-09-24T08:27:00+00:00,prs,1.31,-0.167324,-0.104983,-0.171324,-0.066341
2026-09-24T08:28:00+00:00,prs,1.315,-0.167288,-0.099983,-0.171288,-0.071305
2026-09-24T08:29:00+00:00,prs,1.34,-0.167246,-0.074983,-0.171246,-0.096263
2026-09-24T08:30:00+00:00,prs,1.341,-0.167199,-0.073983,-0.171198,-0.097216
2026-09-24T08:31:00+00:00,prs,1.297,-0.167146,-0.117983,-0.171146,-0.053163
2026-09-24T08:32:00+00:00,prs,1.288,-0.167088,-0.126983,-0.171088,-0.044105
2026-09-24T08:33:00+00:00,prs,1.295,-0.167024,-0.119983,-0.171024,-0.051041
2026-09-24T08:34:00+00:00,prs,1.305,-0.166955,-0.109983,-0.170955,-0.060972
2026-09-24T08:35:00+00:00,prs,1.306,-0.166881,-0.108983,-0.170881,-0.061898
2026-09-24T08:36:00+00:00,prs,1.279,-0.166802,-0.135983,-0.170802,-0.034819
2026-09-24T08:37:00+00:00,prs,1.299,-0.166717,-0.115983,-0.170717,-0.054734
2026-09-24T08:38:00+00:00,prs,1.309,-0.166628,-0.105983,-0.170627,-0.064645
2026-09-24T08:39:00+00:00,prs,1.369,-0.166533,-0.045983,-0.170533,-0.12455
2026-09-24T08:40:00+00:00,prs,1.342,-0.166433,-0.072983,-0.170433,-0.09745
2026-09-24T08:41:00+00:00,prs,1.323,-0.166328,-0.091983,-0.170328,-0.078345
2026-09-24T08:42:00+00:00,prs,1.309,-0.166218,-0.105983,-0.170218,-0.064235
2026-09-24T08:43:00+00:00,prs,1.271,-0.166103,-0.143983,-0.170103,-0.02612
2026-09-24T08:44:00+00:00,prs,1.373,-0.165983,-0.041983,-0.169983,-0.128
2026-09-24T08:45:00+00:00,prs,1.337,-0.165859,-0.077983,-0.169859,-0.091876
2026-09-24T08:46:00+00:00,prs,1.3860000000000001,-0.165729,-0.028983,-0.169729,-0.140746
2026-09-24T08:47:00+00:00,prs,1.433,-0.165595,0.018017,-0.169595,-0.187612
2026-09-24T08:48:00+00:00,prs,1.335,-0.165456,-0.079983,-0.169456,-0.089473
2026-09-24T08:49:00+00:00,prs,1.375,-0.165312,-0.039983,-0.169312,-0.129329
2026-09-24T08:50:00+00:00,prs,1.2469999999999999,-0.165164,-0.167983,-0.169164,-0.001181
2026-09-24T08:51:00+00:00,prs,1.396,-0.165011,-0.018983,-0.169011,-0.150028
2026-09-24T08:52:00+00:00,prs,1.292,-0.164854,-0.122983,-0.168854,-0.045871
2026-09-24T08:53:00+00:00,prs,1.359,-0.164692,-0.055983,-0.168692,-0.112709
2026-09-24T08:54:00+00:00,prs,1.4060000000000001,-0.164525,-0.008983,-0.168525,-0.159542
2026-09-24T08:55:00+00:00,prs,1.285,-0.164355,-0.129983,-0.168355,-0.038372
2026-09-24T08:56:00+00:00,prs,1.3,-0.164179,-0.114983,-0.168179,-0.053196
2026-09-24T08:57:00+00:00,prs,1.317,-0.164,-0.097983,-0.168,-0.070017
2026-09-24T08:58:00+00:00,prs,1.29,-0.163816,-0.124983,-0.167816,-0.042833
2026-09-24T08:59:00+00:00,prs,1.298,-0.163628,-0.116983,-0.167628,-0.050645
2026-09-24T09:00:00+00:00,prs,1.355,-0.163436,-0.059983,-0.167436,-0.107453
2026-09-24T09:01:00+00:00,prs,1.327,-0.163239,-0.087983,-0.167239,-0.079256
2026-09-24T09:02:00+00:00,prs,1.35,-0.163039,-0.064983,-0.167039,-0.102056
2026-09-24T09:03:00+00:00,prs,1.44,-0.162834,0.025017,-0.166834,-0.191851
2026-09-24T09:04:00+00:00,prs,1.339,-0.162626,-0.075983,-0.166626,-0.090643
2026-09-24T09:05:00+00:00,prs,1.2469999999999999,-0.162413,-0.167983,-0.166413,0.00157
2026-09-24T09:06:00+00:00,prs,1.256,-0.162197,-0.158983,-0.166197,-0.007214
2026-09-24T09:07:00+00:00,prs,1.286,-0.161976,-0.128983,-0.165976,-0.036993
2026-09-24T09:08:00+00:00,prs,1.353,-0.161752,-0.061983,-0.165752,-0.103769
2026-09-24T09:09:00+00:00,prs,1.306,-0.161524,-0.108983,-0.165524,-0.056541
2026-09-24T09:10:00+00:00,prs,1.302,-0.161293,-0.112983,-0.165293,-0.05231
2026-09-24T09:11:00+00:00,prs,1.347,-0.161057,-0.067983,-0.165057,-0.097074
2026-09-24T09:12:00+00:00,prs,1.3639999999999999,-0.160818,-0.050983,-0.164818,-0.113835
2026-09-24T09:13:00+00:00,prs,1.346,-0.160576,-0.068983,-0.164576,-0.095593
2026-09-24T09:14:00+00:00,prs,1.2469999999999999,-0.16033,-0.167983,-0.16433,0.003653
2026-09-24T09:15:00+00:00,prs,1.405,-0.16008,-0.009983,-0.16408,-0.154097
2026-09-24T09:16:00+00:00,prs,1.3439999999999999,-0.159827,-0.070983,-0.163827,-0.092844
2026-09-24T09:17:00+00:00,prs,1.319,-0.159571,-0.095983,-0.163571,-0.067588
2026-09-24T09:18:00+00:00,prs,1.376,-0.159311,-0.038983,-0.163311,-0.124328
2026-09-24T09:19:00+00:00,prs,1.397,-0.159048,-0.017983,-0.163048,-0.145065
2026-09-24T09:20:00+00:00,prs,1.2770000000000001,-0.158781,-0.137983,-0.162781,-0.024798
2026-09-24T09:21:00+00:00,prs,1.231,-0.158512,-0.183983,-0.162512,0.021471
2026-09-24T09:22:00+00:00,prs,1.338,-0.158239,-0.076983,-0.162239,-0.085256
2026-09-24T09:23:00+00:00,prs,1.296,-0.157963,-0.118983,-0.161963,-0.04298
2026-09-24T09:24:00+00:00,prs,1.314,-0.157685,-0.100983,-0.161684,-0.060702
2026-09-24T09:25:00+00:00,prs,1.263,-0.157403,-0.151983,-0.161403,-0.00942
2026-09-24T09:26:00+00:00,prs,1.3719999999999999,-0.157118,-0.042983,-0.161118,-0.118135
2026-09-24T09:27:00+00:00,prs,1.374,-0.15683,-0.040983,-0.16083,-0.119847
2026-09-24T09:28:00+00:00,prs,1.354,-0.156539,-0.060983,-0.160539,-0.099556
2026-09-24T09:29:00+00:00,prs,1.2690000000000001,-0.156246,-0.145983,-0.160246,-0.014263
2026-09-24T09:30:00+00:00,prs,1.177,-0.15595,-0.237983,-0.15995,0.078033
2026-09-24T09:31:00+00:00,prs,1.312,-0.155651,-0.102983,-0.159651,-0.056668
2026-09-24T09:32:00+00:00,prs,1.4060000000000001,-0.155349,-0.008983,-0.159349,-0.150366
2026-09-24T09:33:00+00:00,prs,1.305,-0.155045,-0.109983,-0.159045,-0.049062
2026-09-24T09:34:00+00:00,prs,1.359,-0.154738,-0.055983,-0.158738,-0.102755
2026-09-24T09:35:00+00:00,prs,1.312,-0.154429,-0.102983,-0.158429,-0.055446
2026-09-24T09:36:00+00:00,prs,1.249,-0.154117,-0.165983,-0.158117,0.007866
2026-09-24T09:37:00+00:00,prs,1.2570000000000001,-0.153803,-0.157983,-0.157803,0.00018
2026-09-24T09:38:00+00:00,prs,1.375,-0.153486,-0.039983,-0.157486,-0.117503
2026-09-24T09:39:00+00:00,prs,1.408,-0.153167,-0.006983,-0.157167,-0.150184
2026-09-24T09:40:00+00:00,prs,1.304,-0.152846,-0.110983,-0.156846,-0.045863
2026-09-24T09:41:00+00:00,prs,1.205,-0.152523,-0.209983,-0.156523,0.05346
2026-09-24T09:42:00+00:00,prs,1.377,-0.152197,-0.037983,-0.156197,-0.118214
2026-09-24T09:43:00+00:00,prs,1.26,-0.151869,-0.154983,-0.155869,-0.000886
2026-09-24T09:44:00+00:00,prs,1.401,-0.15154,-0.013983,-0.155539,-0.141557
2026-09-24T09:45:00+00:00,prs,1.404,-0.151208,-0.010983,-0.155208,-0.144225
2026-09-24T09:46:00+00:00,prs,1.407,-0.150874,-0.007983,-0.154874,-0.146891
2026-09-24T09:47:00+00:00,prs,1.396,-0.150538,-0.018983,-0.154538,-0.135555
2026-09-24T09:48:00+00:00,prs,1.241,-0.1502,-0.173983,-0.1542,0.019783
2026-09-24T09:49:00+00:00,prs,1.459,-0.149861,0.044017,-0.153861,-0.197878
2026-09-24T09:50:00+00:00,prs,1.383,-0.149519,-0.031983,-0.153519,-0.121536
2026-09-24T09:51:00+00:00,prs,1.367,-0.149176,-0.047983,-0.153176,-0.105193
2026-09-24T09:52:00+00:00,prs,1.244,-0.148831,-0.170983,-0.152831,0.018152
2026-09-24T09:53:00+00:00,prs,1.318,-0.148485,-0.096983,-0.152485,-0.055502
2026-09-24T09:54:00+00:00,prs,1.404,-0.148137,-0.010983,-0.152137,-0.141154
2026-09-24T09:55:00+00:00,prs,1.379,-0.147787,-0.035983,-0.151787,-0.115804
2026-09-24T09:56:00+00:00,prs,1.45,-0.147436,0.035017,-0.151436,-0.186453
2026-09-24T09:57:00+00:00,prs,1.3479999999999999,-0.147084,-0.066983,-0.151084,-0.084101
2026-09-24T09:58:00+00:00,prs,1.358,-0.14673,-0.056983,-0.15073,-0.093747
2026-09-24T09:59:00+00:00,prs,1.3599999999999999,-0.146374,-0.054983,-0.150374,-0.095391
2026-09-24T10:00:00+00:00,prs,1.238,-0.146018,-0.176983,-0.150018,0.026965
2026-09-24T10:01:00+00:00,prs,1.313,-0.14566,-0.101983,-0.14966,-0.047677
2026-09-24T10:02:00+00:00,prs,1.249,-0.145301,-0.165983,-0.1493,0.016682
2026-09-24T10:03:00+00:00,prs,1.227,-0.14494,-0.187983,-0.14894,0.039043
2026-09-24T10:04:00+00:00,prs,1.322,-0.144579,-0.092983,-0.148579,-0.055596
2026-09-24T10:05:00+00:00,prs,1.288,-0.144216,-0.126983,-0.148216,-0.021233
2026-09-24T10:06:00+00:00,prs,1.437,-0.143853,0.022017,-0.147853,-0.16987
2026-09-24T10:07:00+00:00,prs,1.412,-0.143488,-0.002983,-0.147488,-0.144505
2026-09-24T10:08:00+00:00,prs,1.264,-0.143123,-0.150983,-0.147123,0.00386
2026-09-24T10:09:00+00:00,prs,1.418,-0.142756,0.003017,-0.146756,-0.149773
2026-09-24T10:10:00+00:00,prs,1.3860000000000001,-0.142389,-0.028983,-0.146389,-0.117406
2026-09-24T10:11:00+00:00,prs,1.33,-0.142021,-0.084983,-0.146021,-0.061038
2026-09-24T10:12:00+00:00,prs,1.302,-0.141652,-0.112983,-0.145652,-0.032669
2026-09-24T10:13:00+00:00,prs,1.283,-0.141283,-0.131983,-0.145283,-0.0133
2026-09-24T10:14:00+00:00,prs,1.425,-0.140913,0.010017,-0.144913,-0.15493
2026-09-24T10:15:00+00:00,prs,1.236,-0.140542,-0.178983,-0.144542,0.034441
2026-09-24T10:16:00+00:00,prs,1.384,-0.140171,-0.030983,-0.144171,-0.113188
2026-09-24T10:17:00+00:00,prs,1.373,-0.139799,-0.041983,-0.143799,-0.101816
2026-09-24T10:18:00+00:00,prs,1.3900000000000001,-0.139427,-0.024983,-0.143427,-0.118444
2026-09-24T10:19:00+00:00,prs,1.34,-0.139054,-0.074983,-0.143054,-0.068071
2026-09-24T10:20:00+00:00,prs,1.369,-0.138681,-0.045983,-0.142681,-0.096698
2026-09-24T10:21:00+00:00,prs,1.3980000000000001,-0.138308,-0.016983,-0.142308,-0.125325
2026-09-24T10:22:00+00:00,prs,1.204,-0.137934,-0.210983,-0.141934,0.069049
2026-09-24T10:23:00+00:00,prs,1.405,-0.13756,-0.009983,-0.14156,-0.131577
2026-09-24T10:24:00+00:00,prs,1.263,-0.137186,-0.151983,-0.141186,0.010797
2026-09-24T10:25:00+00:00,prs,1.4020000000000001,-0.136812,-0.012983,-0.140812,-0.127829
2026-09-24T10:26:00+00:00,prs,1.383,-0.136437,-0.031983,-0.140437,-0.108454
2026-09-24T10:27:00+00:00,prs,1.35,-0.136063,-0.064983,-0.140063,-0.07508
2026-09-24T10:28:00+00:00,prs,1.419,-0.135688,0.004017,-0.139688,-0.143705
2026-09-24T10:29:00+00:00,prs,1.46,-0.135314,0.045017,-0.139314,-0.184331
2026-09-24T10:30:00+00:00,prs,1.429,-0.13494,0.014017,-0.138939,-0.152956
2026-09-24T10:31:00+00:00,prs,1.363,-0.134565,-0.051983,-0.138565,-0.086582
2026-09-24T10:32:00+00:00,prs,1.343,-0.134191,-0.071983,-0.138191,-0.066208
2026-09-24T10:33:00+00:00,prs,1.418,-0.133817,0.003017,-0.137817,-0.140834
2026-09-24T10:34:00+00:00,prs,1.2730000000000001,-0.133443,-0.141983,-0.137443,0.00454
2026-09-24T10:35:00+00:00,prs,1.29,-0.13307,-0.124983,-0.13707,-0.012087
2026-09-24T10:36:00+00:00,prs,1.432,-0.132697,0.017017,-0.136697,-0.153714
2026-09-24T10:37:00+00:00,prs,1.263,-0.132324,-0.151983,-0.136324,0.015659
2026-09-24T10:38:00+00:00,prs,1.283,-0.131952,-0.131983,-0.135952,-0.003969
2026-09-24T10:39:00+00:00,prs,1.323,-0.13158,-0.091983,-0.13558,-0.043597
2026-09-24T10:40:00+00:00,prs,1.292,-0.131208,-0.122983,-0.135208,-0.012225
2026-09-24T10:41:00+00:00,prs,1.351,-0.130838,-0.063983,-0.134837,-0.070855
2026-09-24T10:42:00+00:00,prs,1.476,-0.130467,0.061017,-0.134467,-0.195484
2026-09-24T10:43:00+00:00,prs,1.376,-0.130098,-0.038983,-0.134097,-0.095115
2026-09-24T10:44:00+00:00,prs,1.445,-0.129728,0.030017,-0.133728,-0.163745
2026-09-24T10:45:00+00:00,prs,1.395,-0.12936,-0.019983,-0.13336,-0.113377
2026-09-24T10:46:00+00:00,prs,1.501,-0.128993,0.086017,-0.132992,-0.219009
2026-09-24T10:47:00+00:00,prs,1.421,-0.128626,0.006017,-0.132626,-0.138643
2026-09-24T10:48:00+00:00,prs,1.355,-0.12826,-0.059983,-0.13226,-0.072277
2026-09-24T10:49:00+00:00,prs,1.405,-0.127894,-0.009983,-0.131894,-0.121911
2026-09-24T10:50:00+00:00,prs,1.311,-0.12753,-0.103983,-0.13153,-0.027547
2026-09-24T10:51:00+00:00,prs,1.17,-0.127167,-0.244983,-0.131167,0.113816
2026-09-24T10:52:00+00:00,prs,1.322,-0.126804,-0.092983,-0.130804,-0.037821
2026-09-24T10:53:00+00:00,prs,1.298,-0.126443,-0.116983,-0.130443,-0.01346
2026-09-24T10:54:00+00:00,prs,1.202,-0.126083,-0.212983,-0.130083,0.0829
2026-09-24T10:55:00+00:00,prs,1.203,-0.125723,-0.211983,-0.129723,0.08226
2026-09-24T10:56:00+00:00,prs,1.325,-0.125365,-0.089983,-0.129365,-0.039382
2026-09-24T10:57:00+00:00,prs,1.405,-0.125008,-0.009983,-0.129008,-0.119025
2026-09-24T10:58:00+00:00,prs,1.2429999999999999,-0.124653,-0.171983,-0.128652,0.04333
2026-09-24T10:59:00+00:00,prs,1.3559999999999999,-0.124298,-0.058983,-0.128298,-0.069315
2026-09-24T11:00:00+00:00,prs,1.362,-0.123945,-0.052983,-0.127945,-0.074962
2026-09-24T11:01:00+00:00,prs,1.323,-0.123593,-0.091983,-0.127593,-0.03561
2026-09-24T11:02:00+00:00,prs,1.3860000000000001,-0.123242,-0.028983,-0.127242,-0.098259
2026-09-24T11:03:00+00:00,prs,1.323,-0.122893,-0.091983,-0.126893,-0.03491
2026-09-24T11:04:00+00:00,prs,1.367,-0.122545,-0.047983,-0.126545,-0.078562
2026-09-24T11:05:00+00:00,prs,1.335,-0.122199,-0.079983,-0.126198,-0.046216
2026-09-24T11:06:00+00:00,prs,1.321,-0.121854,-0.093983,-0.125854,-0.031871
2026-09-24T11:07:00+00:00,prs,1.33,-0.12151,-0.084983,-0.12551,-0.040527
2026-09-24T11:08:00+00:00,prs,1.315,-0.121168,-0.099983,-0.125168,-0.025185
2026-09-24T11:09:00+00:00,prs,1.255,-0.120828,-0.159983,-0.124828,0.035155
2026-09-24T11:10:00+00:00,prs,1.346,-0.120489,-0.068983,-0.124489,-0.055506
2026-09-24T11:11:00+00:00,prs,1.316,-0.120152,-0.098983,-0.124152,-0.025169
2026-09-24T11:12:00+00:00,prs,1.3519999999999999,-0.119817,-0.062983,-0.123817,-0.060834
2026-09-24T11:13:00+00:00,prs,1.297,-0.119483,-0.117983,-0.123483,-0.0055
2026-09-24T11:14:00+00:00,prs,1.189,-0.119151,-0.225983,-0.123151,0.102832
2026-09-24T11:15:00+00:00,prs,1.192,-0.118821,-0.222983,-0.122821,0.100162
2026-09-24T11:16:00+00:00,prs,1.3519999999999999,-0.118493,-0.062983,-0.122493,-0.05951
2026-09-24T11:17:00+00:00,prs,1.426,-0.118167,0.011017,-0.122166,-0.133184
2026-09-24T11:18:00+00:00,prs,1.367,-0.117842,-0.047983,-0.121842,-0.073859
2026-09-24T11:19:00+00:00,prs,1.411,-0.117519,-0.003983,-0.121519,-0.117536
2026-09-24T11:20:00+00:00,prs,1.2810000000000001,-0.117199,-0.133983,-0.121198,0.012785
2026-09-24T11:21:00+00:00,prs,1.33,-0.11688,-0.084983,-0.12088,-0.035897
2026-09-24T11:22:00+00:00,prs,1.287,-0.116563,-0.127983,-0.120563,0.00742
2026-09-24T11:23:00+00:00,prs,1.325,-0.116248,-0.089983,-0.120248,-0.030265
2026-09-24T11:24:00+00:00,prs,1.359,-0.115935,-0.055983,-0.119935,-0.063952
2026-09-24T11:25:00+00:00,prs,1.43,-0.115625,0.015017,-0.119625,-0.134642
2026-09-24T11:26:00+00:00,prs,1.359,-0.115316,-0.055983,-0.119316,-0.063333
2026-09-24T11:27:00+00:00,prs,1.354,-0.11501,-0.060983,-0.11901,-0.058027
2026-09-24T11:28:00+00:00,prs,1.417,-0.114705,0.002017,-0.118705,-0.120722
2026-09-24T11:29:00+00:00,prs,1.211,-0.114403,-0.203983,-0.118403,0.08558
2026-09-24T11:30:00+00:00,prs,1.487,-0.114103,0.072017,-0.118103,-0.19012
2026-09-24T11:31:00+00:00,prs,1.303,-0.113806,-0.111983,-0.117806,-0.005823
2026-09-24T11:32:00+00:00,prs,1.432,-0.11351,0.017017,-0.11751,-0.134527
2026-09-24T11:33:00+00:00,prs,1.309,-0.113217,-0.105983,-0.117217,-0.011234
2026-09-24T11:34:00+00:00,prs,1.379,-0.112927,-0.035983,-0.116926,-0.080944
2026-09-24T11:35:00+00:00,prs,1.152,-0.112638,-0.262983,-0.116638,0.146345
2026-09-24T11:36:00+00:00,prs,1.3599999999999999,-0.112352,-0.054983,-0.116352,-0.061369
2026-09-24T11:37:00+00:00,prs,1.335,-0.112068,-0.079983,-0.116068,-0.036085
2026-09-24T11:38:00+00:00,prs,1.336,-0.111787,-0.078983,-0.115787,-0.036804
2026-09-24T11:39:00+00:00,prs,1.32,-0.111508,-0.094983,-0.115508,-0.020525
2026-09-24T11:40:00+00:00,prs,1.204,-0.111232,-0.210983,-0.115232,0.095751
2026-09-24T11:41:00+00:00,prs,1.437,-0.110958,0.022017,-0.114958,-0.136975
2026-09-24T11:42:00+00:00,prs,1.334,-0.110687,-0.080983,-0.114687,-0.033704
2026-09-24T11:43:00+00:00,prs,1.28,-0.110418,-0.134983,-0.114418,0.020565
2026-09-24T11:44:00+00:00,prs,1.5150000000000001,-0.110151,0.100017,-0.114151,-0.214168
2026-09-24T11:45:00+00:00,prs,1.337,-0.109888,-0.077983,-0.113888,-0.035905
2026-09-24T11:46:00+00:00,prs,1.412,-0.109627,-0.002983,-0.113626,-0.110643
2026-09-24T11:47:00+00:00,prs,1.297,-0.109368,-0.117983,-0.113368,0.004615
2026-09-24T11:48:00+00:00,prs,1.316,-0.109112,-0.098983,-0.113112,-0.014129
2026-09-24T11:49:00+00:00,prs,1.285,-0.108859,-0.129983,-0.112859,0.017124
2026-09-24T11:50:00+00:00,prs,1.326,-0.108608,-0.088983,-0.112608,-0.023625
2026-09-24T11:51:00+00:00,prs,1.4060000000000001,-0.10836,-0.008983,-0.11236,-0.103377
2026-09-24T11:52:00+00:00,prs,1.331,-0.108115,-0.083983,-0.112115,-0.028132
2026-09-24T11:53:00+00:00,prs,1.293,-0.107873,-0.121983,-0.111872,0.010111
2026-09-24T11:54:00+00:00,prs,1.305,-0.107633,-0.109983,-0.111633,-0.00165
2026-09-24T11:55:00+00:00,prs,1.433,-0.107396,0.018017,-0.111396,-0.129413
2026-09-24T11:56:00+00:00,prs,1.349,-0.107162,-0.065983,-0.111161,-0.045178
2026-09-24T11:57:00+00:00,prs,1.2389999999999999,-0.10693,-0.175983,-0.11093,0.065053
2026-09-24T11:58:00+00:00,prs,1.34,-0.106701,-0.074983,-0.110701,-0.035718
2026-09-24T11:59:00+00:00,prs,1.351,-0.106476,-0.063983,-0.110476,-0.046493
2026-09-24T12:00:00+00:00,prs,1.389,-0.106253,-0.025983,-0.110253,-0.08427
2026-09-24T12:01:00+00:00,prs,1.309,-0.106033,-0.105983,-0.110032,-0.004049
2026-09-24T12:02:00+00:00,prs,1.413,-0.105815,-0.001983,-0.109815,-0.107832
2026-09-24T12:03:00+00:00,prs,1.346,-0.105601,-0.068983,-0.109601,-0.040618
2026-09-24T12:04:00+00:00,prs,1.361,-0.105389,-0.053983,-0.109389,-0.055406
2026-09-24T12:05:00+00:00,prs,1.2389999999999999,-0.105181,-0.175983,-0.109181,0.066802
2026-09-24T12:06:00+00:00,prs,1.279,-0.104975,-0.135983,-0.108975,0.027008
2026-09-24T12:07:00+00:00,prs,1.248,-0.104772,-0.166983,-0.108772,0.058211
2026-09-24T12:08:00+00:00,prs,1.333,-0.104573,-0.081983,-0.108573,-0.02659
2026-09-24T12:09:00+00:00,prs,1.347,-0.104376,-0.067983,-0.108376,-0.040393
2026-09-24T12:10:00+00:00,prs,1.464,-0.104182,0.049017,-0.108182,-0.157199
2026-09-24T12:11:00+00:00,prs,1.2349999999999999,-0.103991,-0.179983,-0.107991,0.071992
2026-09-24T12:12:00+00:00,prs,1.309,-0.103803,-0.105983,-0.107803,-0.00182
2026-09-24T12:13:00+00:00,prs,1.286,-0.103618,-0.128983,-0.107618,0.021365
2026-09-24T12:14:00+00:00,prs,1.347,-0.103436,-0.067983,-0.107436,-0.039453
2026-09-24T12:15:00+00:00,prs,1.286,-0.103257,-0.128983,-0.107257,0.021726
2026-09-24T12:16:00+00:00,prs,1.285,-0.103081,-0.129983,-0.107081,0.022902
2026-09-24T12:17:00+00:00,prs,1.3719999999999999,-0.102909,-0.042983,-0.106909,-0.063926
2026-09-24T12:18:00+00:00,prs,1.301,-0.102739,-0.113983,-0.106739,0.007244
2026-09-24T12:19:00+00:00,prs,1.267,-0.102572,-0.147983,-0.106572,0.041411
2026-09-24T12:20:00+00:00,prs,1.366,-0.102408,-0.048983,-0.106408,-0.057425
2026-09-24T12:21:00+00:00,prs,1.325,-0.102248,-0.089983,-0.106248,-0.016265
2026-09-24T12:22:00+00:00,prs,1.192,-0.10209,-0.222983,-0.10609,0.116893
2026-09-24T12:23:00+00:00,prs,1.285,-0.101936,-0.129983,-0.105936,0.024047
2026-09-24T12:24:00+00:00,prs,1.334,-0.101784,-0.080983,-0.105784,-0.024801
2026-09-24T12:25:00+00:00,prs,1.274,-0.101636,-0.140983,-0.105636,0.035347
2026-09-24T12:26:00+00:00,prs,1.127,-0.101491,-0.287983,-0.10549,0.182492
2026-09-24T12:27:00+00:00,prs,1.276,-0.101348,-0.138983,-0.105348,0.033635
2026-09-24T12:28:00+00:00,prs,1.284,-0.101209,-0.130983,-0.105209,0.025774
2026-09-24T12:29:00+00:00,prs,1.259,-0.101073,-0.155983,-0.105073,0.05091
2026-09-24T12:30:00+00:00,prs,1.363,-0.10094,-0.051983,-0.10494,-0.052957
2026-09-24T12:31:00+00:00,prs,1.349,-0.100811,-0.065983,-0.104811,-0.038828
2026-09-24T12:32:00+00:00,prs,1.284,-0.100684,-0.130983,-0.104684,0.026299
2026-09-24T12:33:00+00:00,prs,1.176,-0.10056,-0.238983,-0.10456,0.134423
2026-09-24T12:34:00+00:00,prs,1.326,-0.10044,-0.088983,-0.10444,-0.015457
2026-09-24T12:35:00+00:00,prs,1.3519999999999999,-0.100323,-0.062983,-0.104322,-0.041339
2026-09-24T12:36:00+00:00,prs,1.298,-0.100208,-0.116983,-0.104208,0.012775
2026-09-24T12:37:00+00:00,prs,1.326,-0.100097,-0.088983,-0.104097,-0.015114
2026-09-24T12:38:00+00:00,prs,1.215,-0.099989,-0.199983,-0.103989,0.095994
2026-09-24T12:39:00+00:00,prs,1.293,-0.099884,-0.121983,-0.103884,0.018099
2026-09-24T12:40:00+00:00,prs,1.305,-0.099782,-0.109983,-0.103782,0.006201
2026-09-24T12:41:00+00:00,prs,1.28,-0.099684,-0.134983,-0.103683,0.0313
2026-09-24T12:42:00+00:00,prs,1.353,-0.099588,-0.061983,-0.103588,-0.041605
2026-09-24T12:43:00+00:00,prs,1.357,-0.099495,-0.057983,-0.103495,-0.045512
2026-09-24T12:44:00+00:00,prs,1.327,-0.099406,-0.087983,-0.103406,-0.015423
2026-09-24T12:45:00+00:00,prs,1.333,-0.09932,-0.081983,-0.103319,-0.021337
2026-09-24T12:46:00+00:00,prs,1.228,-0.099236,-0.186983,-0.103236,0.083747
2026-09-24T12:47:00+00:00,prs,1.4889999999999999,-0.099156,0.074017,-0.103156,-0.177173
2026-09-24T12:48:00+00:00,prs,1.365,-0.099079,-0.049983,-0.103079,-0.053096
2026-09-24T12:49:00+00:00,prs,1.26,-0.099005,-0.154983,-0.103005,0.051978
2026-09-24T12:50:00+00:00,prs,1.249,-0.098934,-0.165983,-0.102934,0.063049
2026-09-24T12:51:00+00:00,prs,1.17,-0.098866,-0.244983,-0.102866,0.142117
2026-09-24T12:52:00+00:00,prs,1.2810000000000001,-0.098801,-0.133983,-0.102801,0.031182
2026-09-24T12:53:00+00:00,prs,1.28,-0.098739,-0.134983,-0.102739,0.032244
2026-09-24T12:54:00+00:00,prs,1.347,-0.098681,-0.067983,-0.102681,-0.034698
2026-09-24T12:55:00+00:00,prs,1.35,-0.098625,-0.064983,-0.102625,-0.037642
2026-09-24T12:56:00+00:00,prs,1.411,-0.098572,-0.003983,-0.102572,-0.098589
2026-09-24T12:57:00+00:00,prs,1.234,-0.098523,-0.180983,-0.102522,0.07846
2026-09-24T12:58:00+00:00,prs,1.179,-0.098476,-0.235983,-0.102476,0.133507
2026-09-24T12:59:00+00:00,prs,1.37,-0.098432,-0.044983,-0.102432,-0.057449
2026-09-24T13:00:00+00:00,prs,1.232,-0.098391,-0.182983,-0.102391,0.080592
2026-09-24T13:01:00+00:00,prs,1.289,-0.098354,-0.125983,-0.102354,0.023629
2026-09-24T13:02:00+00:00,prs,1.294,-0.098319,-0.120983,-0.102319,0.018664
2026-09-24T13:03:00+00:00,prs,1.371,-0.098287,-0.043983,-0.102287,-0.058304
2026-09-24T13:04:00+00:00,prs,1.184,-0.098258,-0.230983,-0.102258,0.128725
2026-09-24T13:05:00+00:00,prs,1.245,-0.098233,-0.169983,-0.102232,0.067751
2026-09-24T13:06:00+00:00,prs,1.263,-0.09821,-0.151983,-0.102209,0.049773
2026-09-24T13:07:00+00:00,prs,1.328,-0.098189,-0.086983,-0.102189,-0.015206
2026-09-24T13:08:00+00:00,prs,1.226,-0.098172,-0.188983,-0.102172,0.086811
2026-09-24T13:09:00+00:00,prs,1.297,-0.098158,-0.117983,-0.102158,0.015825
2026-09-24T13:10:00+00:00,prs,1.325,-0.098147,-0.089983,-0.102147,-0.012164
2026-09-24T13:11:00+00:00,prs,1.291,-0.098138,-0.123983,-0.102138,0.021845
2026-09-24T13:12:00+00:00,prs,1.25,-0.098132,-0.164983,-0.102132,0.062851
2026-09-24T13:13:00+00:00,prs,1.279,-0.098129,-0.135983,-0.102129,0.033854
2026-09-24T13:14:00+00:00,prs,1.238,-0.098129,-0.176983,-0.102129,0.074854
2026-09-24T13:15:00+00:00,prs,1.259,-0.098132,-0.155983,-0.102132,0.053851
2026-09-24T13:16:00+00:00,prs,1.411,-0.098138,-0.003983,-0.102138,-0.098155
2026-09-24T13:17:00+00:00,prs,1.317,-0.098146,-0.097983,-0.102146,-0.004163
2026-09-24T13:18:00+00:00,prs,1.204,-0.098157,-0.210983,-0.102157,0.108826
2026-09-24T13:19:00+00:00,prs,1.345,-0.098171,-0.069983,-0.102171,-0.032188
2026-09-24T13:20:00+00:00,prs,1.327,-0.098187,-0.087983,-0.102187,-0.014204
2026-09-24T13:21:00+00:00,prs,1.2770000000000001,-0.098206,-0.137983,-0.102206,0.035777
2026-09-24T13:22:00+00:00,prs,1.3439999999999999,-0.098228,-0.070983,-0.102228,-0.031245
2026-09-24T13:23:00+00:00,prs,1.321,-0.098253,-0.093983,-0.102253,-0.00827
2026-09-24T13:24:00+00:00,prs,1.255,-0.09828,-0.159983,-0.10228,0.057703
2026-09-24T13:25:00+00:00,prs,1.363,-0.09831,-0.051983,-0.10231,-0.050327
2026-09-24T13:26:00+00:00,prs,1.384,-0.098342,-0.030983,-0.102342,-0.071359
2026-09-24T13:27:00+00:00,prs,1.284,-0.098377,-0.130983,-0.102377,0.028606
2026-09-24T13:28:00+00:00,prs,1.392,-0.098415,-0.022983,-0.102415,-0.079432
2026-09-24T13:29:00+00:00,prs,1.298,-0.098455,-0.116983,-0.102455,0.014528
2026-09-24T13:30:00+00:00,prs,1.297,-0.098497,-0.117983,-0.102497,0.015486
2026-09-24T13:31:00+00:00,prs,1.349,-0.098542,-0.065983,-0.102542,-0.036559
2026-09-24T13:32:00+00:00,prs,1.202,-0.09859,-0.212983,-0.10259,0.110393
2026-09-24T13:33:00+00:00,prs,1.216,-0.09864,-0.198983,-0.10264,0.096343
2026-09-24T13:34:00+00:00,prs,1.345,-0.098692,-0.069983,-0.102692,-0.032709
2026-09-24T13:35:00+00:00,prs,1.395,-0.098747,-0.019983,-0.102747,-0.082764
2026-09-24T13:36:00+00:00,prs,1.31,-0.098805,-0.104983,-0.102805,0.002178
2026-09-24T13:37:00+00:00,prs,1.3940000000000001,-0.098864,-0.020983,-0.102864,-0.081881
2026-09-24T13:38:00+00:00,prs,1.289,-0.098926,-0.125983,-0.102926,0.023057
2026-09-24T13:39:00+00:00,prs,1.228,-0.098991,-0.186983,-0.10299,0.083993
2026-09-24T13:40:00+00:00,prs,1.274,-0.099057,-0.140983,-0.103057,0.037926
2026-09-24T13:41:00+00:00,prs,1.2570000000000001,-0.099126,-0.157983,-0.103126,0.054857
2026-09-24T13:42:00+00:00,prs,1.127,-0.099197,-0.287983,-0.103197,0.184786
2026-09-24T13:43:00+00:00,prs,1.33,-0.09927,-0.084983,-0.10327,-0.018287
2026-09-24T13:44:00+00:00,prs,1.299,-0.099346,-0.115983,-0.103346,0.012637
2026-09-24T13:45:00+00:00,prs,1.2690000000000001,-0.099424,-0.145983,-0.103423,0.04256
2026-09-24T13:46:00+00:00,prs,1.389,-0.099503,-0.025983,-0.103503,-0.07752
2026-09-24T13:47:00+00:00,prs,1.345,-0.099585,-0.069983,-0.103585,-0.033602
2026-09-24T13:48:00+00:00,prs,1.282,-0.099669,-0.132983,-0.103669,0.029314
2026-09-24T13:49:00+00:00,prs,1.171,-0.099755,-0.243983,-0.103755,0.140228
2026-09-24T13:50:00+00:00,prs,1.285,-0.099843,-0.129983,-0.103843,0.02614
2026-09-24T13:51:00+00:00,prs,1.251,-0.099934,-0.163983,-0.103933,0.06005
2026-09-24T13:52:00+00:00,prs,1.242,-0.100026,-0.172983,-0.104025,0.068957
2026-09-24T13:53:00+00:00,prs,1.2810000000000001,-0.10012,-0.133983,-0.104119,0.029863
2026-09-24T13:54:00+00:00,prs,1.284,-0.100216,-0.130983,-0.104215,0.026768
2026-09-24T13:55:00+00:00,prs,1.305,-0.100313,-0.109983,-0.104313,0.00567
2026-09-24T13:56:00+00:00,prs,1.245,-0.100413,-0.169983,-0.104413,0.06557
2026-09-24T13:57:00+00:00,prs,1.282,-0.100515,-0.132983,-0.104514,0.028469
2026-09-24T13:58:00+00:00,prs,1.184,-0.100618,-0.230983,-0.104618,0.126365
2026-09-24T13:59:00+00:00,prs,1.307,-0.100723,-0.107983,-0.104723,0.00326
2026-09-24T14:00:00+00:00,prs,1.26,-0.10083,-0.154983,-0.10483,0.050153
2026-09-24T14:01:00+00:00,prs,1.322,-0.100938,-0.092983,-0.104938,-0.011955
2026-09-24T14:02:00+00:00,prs,1.3599999999999999,-0.101048,-0.054983,-0.105048,-0.050065
2026-09-24T14:03:00+00:00,prs,1.146,-0.10116,-0.268983,-0.10516,0.163823
2026-09-24T14:04:00+00:00,prs,1.264,-0.101274,-0.150983,-0.105274,0.045709
2026-09-24T14:05:00+00:00,prs,1.299,-0.101389,-0.115983,-0.105389,0.010594
2026-09-24T14:06:00+00:00,prs,1.295,-0.101505,-0.119983,-0.105505,0.014478
2026-09-24T14:07:00+00:00,prs,1.288,-0.101623,-0.126983,-0.105623,0.02136
2026-09-24T14:08:00+00:00,prs,1.232,-0.101743,-0.182983,-0.105743,0.07724
2026-09-24T14:09:00+00:00,prs,1.338,-0.101864,-0.076983,-0.105864,-0.028881
2026-09-24T14:10:00+00:00,prs,1.296,-0.101986,-0.118983,-0.105986,0.012997
2026-09-24T14:11:00+00:00,prs,1.301,-0.10211,-0.113983,-0.10611,0.007873
2026-09-24T14:12:00+00:00,prs,1.289,-0.102235,-0.125983,-0.106235,0.019748
2026-09-24T14:13:00+00:00,prs,1.318,-0.102362,-0.096983,-0.106362,-0.009379
2026-09-24T14:14:00+00:00,prs,1.278,-0.102489,-0.136983,-0.106489,0.030494
2026-09-24T14:15:00+00:00,prs,1.291,-0.102618,-0.123983,-0.106618,0.017365
2026-09-24T14:16:00+00:00,prs,1.293,-0.102749,-0.121983,-0.106749,0.015234
2026-09-24T14:17:00+00:00,prs,1.324,-0.10288,-0.090983,-0.10688,-0.015897
2026-09-24T14:18:00+00:00,prs,1.249,-0.103013,-0.165983,-0.107012,0.058971
2026-09-24T14:19:00+00:00,prs,1.336,-0.103146,-0.078983,-0.107146,-0.028163
2026-09-24T14:20:00+00:00,prs,1.252,-0.103281,-0.162983,-0.107281,0.055702
2026-09-24T14:21:00+00:00,prs,1.244,-0.103417,-0.170983,-0.107416,0.063567
2026-09-24T14:22:00+00:00,prs,1.321,-0.103553,-0.093983,-0.107553,-0.01357
2026-09-24T14:23:00+00:00,prs,1.307,-0.103691,-0.107983,-0.107691,0.000292
2026-09-24T14:24:00+00:00,prs,1.249,-0.103829,-0.165983,-0.107829,0.058154
2026-09-24T14:25:00+00:00,prs,1.307,-0.103969,-0.107983,-0.107969,1.4e-05
2026-09-24T14:26:00+00:00,prs,1.282,-0.104109,-0.132983,-0.108109,0.024874
2026-09-24T14:27:00+00:00,prs,1.303,-0.10425,-0.111983,-0.10825,0.003733
2026-09-24T14:28:00+00:00,prs,1.21,-0.104392,-0.204983,-0.108392,0.096591
2026-09-24T14:29:00+00:00,prs,1.3439999999999999,-0.104535,-0.070983,-0.108535,-0.037552
2026-09-24T14:30:00+00:00,prs,1.35,-0.104678,-0.064983,-0.108678,-0.043695
2026-09-24T14:31:00+00:00,prs,1.2349999999999999,-0.104822,-0.179983,-0.108822,0.071161
2026-09-24T14:32:00+00:00,prs,1.301,-0.104967,-0.113983,-0.108967,0.005016
2026-09-24T14:33:00+00:00,prs,1.181,-0.105112,-0.233983,-0.109112,0.124871
2026-09-24T14:34:00+00:00,prs,1.276,-0.105258,-0.138983,-0.109258,0.029725
2026-09-24T14:35:00+00:00,prs,1.266,-0.105404,-0.148983,-0.109404,0.039579
2026-09-24T14:36:00+00:00,prs,1.161,-0.105551,-0.253983,-0.109551,0.144432
2026-09-24T14:37:00+00:00,prs,1.28,-0.105698,-0.134983,-0.109698,0.025285
2026-09-24T14:38:00+00:00,prs,1.2469999999999999,-0.105846,-0.167983,-0.109845,0.058138
2026-09-24T14:39:00+00:00,prs,1.23,-0.105993,-0.184983,-0.109993,0.07499
2026-09-24T14:40:00+00:00,prs,1.288,-0.106142,-0.126983,-0.110141,0.016841
2026-09-24T14:41:00+00:00,prs,1.291,-0.10629,-0.123983,-0.11029,0.013693
2026-09-24T14:42:00+00:00,prs,1.259,-0.106439,-0.155983,-0.110439,0.045544
2026-09-24T14:43:00+00:00,prs,1.363,-0.106588,-0.051983,-0.110588,-0.058605
2026-09-24T14:44:00+00:00,prs,1.2650000000000001,-0.106737,-0.149983,-0.110737,0.039246
2026-09-24T14:45:00+00:00,prs,1.214,-0.106886,-0.200983,-0.110886,0.090097
2026-09-24T14:46:00+00:00,prs,1.233,-0.107035,-0.181983,-0.111035,0.070948
2026-09-24T14:47:00+00:00,prs,1.266,-0.107184,-0.148983,-0.111184,0.037799
2026-09-24T14:48:00+00:00,prs,1.307,-0.107333,-0.107983,-0.111333,-0.00335
2026-09-24T14:49:00+00:00,prs,1.154,-0.107483,-0.260983,-0.111482,0.1495
2026-09-24T14:50:00+00:00,prs,1.158,-0.107632,-0.256983,-0.111632,0.145351
2026-09-24T14:51:00+00:00,prs,1.29,-0.107781,-0.124983,-0.11178,0.013202
2026-09-24T14:52:00+00:00,prs,1.212,-0.107929,-0.202983,-0.111929,0.091054
2026-09-24T14:53:00+00:00,prs,1.237,-0.108078,-0.177983,-0.112078,0.065905
2026-09-24T14:54:00+00:00,prs,1.233,-0.108226,-0.181983,-0.112226,0.069757
2026-09-24T14:55:00+00:00,prs,1.296,-0.108374,-0.118983,-0.112374,0.006609
2026-09-24T14:56:00+00:00,prs,1.203,-0.108522,-0.211983,-0.112522,0.099461
2026-09-24T14:57:00+00:00,prs,1.346,-0.108669,-0.068983,-0.112669,-0.043686
2026-09-24T14:58:00+00:00,prs,1.176,-0.108816,-0.238983,-0.112816,0.126167
2026-09-24T14:59:00+00:00,prs,1.174,-0.108962,-0.240983,-0.112962,0.128021
2026-09-24T15:00:00+00:00,prs,1.255,-0.109108,-0.159983,-0.113108,0.046875
2026-09-24T15:01:00+00:00,prs,1.224,-0.109253,-0.190983,-0.113253,0.07773
2026-09-24T15:02:00+00:00,prs,1.232,-0.109398,-0.182983,-0.113398,0.069585
2026-09-24T15:03:00+00:00,prs,1.2770000000000001,-0.109542,-0.137983,-0.113542,0.024441
2026-09-24T15:04:00+00:00,prs,1.183,-0.109685,-0.231983,-0.113685,0.118298
2026-09-24T15:05:00+00:00,prs,1.276,-0.109828,-0.138983,-0.113828,0.025155
2026-09-24T15:06:00+00:00,prs,1.278,-0.10997,-0.136983,-0.11397,0.023013
2026-09-24T15:07:00+00:00,prs,1.218,-0.110111,-0.196983,-0.114111,0.082872
2026-09-24T15:08:00+00:00,prs,1.165,-0.110251,-0.249983,-0.114251,0.135732
2026-09-24T15:09:00+00:00,prs,1.109,-0.11039,-0.305983,-0.11439,0.191593
2026-09-24T15:10:00+00:00,prs,1.256,-0.110529,-0.158983,-0.114529,0.044454
2026-09-24T15:11:00+00:00,prs,1.294,-0.110666,-0.120983,-0.114666,0.006317
2026-09-24T15:12:00+00:00,prs,1.194,-0.110802,-0.220983,-0.114802,0.106181
2026-09-24T15:13:00+00:00,prs,1.231,-0.110938,-0.183983,-0.114938,0.069045
2026-09-24T15:14:00+00:00,prs,1.2570000000000001,-0.111072,-0.157983,-0.115072,0.042911
2026-09-24T15:15:00+00:00,prs,1.212,-0.111205,-0.202983,-0.115205,0.087778
2026-09-24T15:16:00+00:00,prs,1.213,-0.111337,-0.201983,-0.115337,0.086646
2026-09-24T15:17:00+00:00,prs,1.263,-0.111467,-0.151983,-0.115467,0.036516
2026-09-24T15:18:00+00:00,prs,1.223,-0.111597,-0.191983,-0.115596,0.076386
2026-09-24T15:19:00+00:00,prs,1.285,-0.111725,-0.129983,-0.115724,0.014259
2026-09-24T15:20:00+00:00,prs,1.294,-0.111851,-0.120983,-0.115851,0.005132
2026-09-24T15:21:00+00:00,prs,1.187,-0.111976,-0.227983,-0.115976,0.112007
2026-09-24T15:22:00+00:00,prs,1.207,-0.1121,-0.207983,-0.1161,0.091883
2026-09-24T15:23:00+00:00,prs,1.145,-0.112222,-0.269983,-0.116222,0.153761
2026-09-24T15:24:00+00:00,prs,1.289,-0.112343,-0.125983,-0.116343,0.00964
2026-09-24T15:25:00+00:00,prs,1.176,-0.112462,-0.238983,-0.116462,0.122521
2026-09-24T15:26:00+00:00,prs,1.238,-0.11258,-0.176983,-0.11658,0.060403
2026-09-24T15:27:00+00:00,prs,1.176,-0.112695,-0.238983,-0.116695,0.122288
2026-09-24T15:28:00+00:00,prs,1.233,-0.11281,-0.181983,-0.116809,0.065173
2026-09-24T15:29:00+00:00,prs,1.283,-0.112922,-0.131983,-0.116922,0.015061
2026-09-24T15:30:00+00:00,prs,1.2770000000000001,-0.113032,-0.137983,-0.117032,0.020951
2026-09-24T15:31:00+00:00,prs,1.246,-0.113141,-0.168983,-0.117141,0.051842
2026-09-24T15:32:00+00:00,prs,1.221,-0.113248,-0.193983,-0.117248,0.076735
2026-09-24T15:33:00+00:00,prs,1.276,-0.113353,-0.138983,-0.117353,0.02163
2026-09-24T15:34:00+00:00,prs,1.263,-0.113456,-0.151983,-0.117456,0.034527
2026-09-24T15:35:00+00:00,prs,1.232,-0.113557,-0.182983,-0.117557,0.065426
2026-09-24T15:36:00+00:00,prs,1.249,-0.113655,-0.165983,-0.117655,0.048328
2026-09-24T15:37:00+00:00,prs,1.174,-0.113752,-0.240983,-0.117752,0.123231
2026-09-24T15:38:00+00:00,prs,1.142,-0.113847,-0.272983,-0.117847,0.155136
2026-09-24T15:39:00+00:00,prs,1.278,-0.113939,-0.136983,-0.117939,0.019044
2026-09-24T15:40:00+00:00,prs,1.201,-0.114029,-0.213983,-0.118029,0.095954
2026-09-24T15:41:00+00:00,prs,1.246,-0.114117,-0.168983,-0.118117,0.050866
2026-09-24T15:42:00+00:00,prs,1.22,-0.114203,-0.194983,-0.118203,0.07678
2026-09-24T15:43:00+00:00,prs,1.2810000000000001,-0.114286,-0.133983,-0.118286,0.015697
2026-09-24T15:44:00+00:00,prs,1.177,-0.114367,-0.237983,-0.118367,0.119616
2026-09-24T15:45:00+00:00,prs,1.264,-0.114445,-0.150983,-0.118445,0.032538
2026-09-24T15:46:00+00:00,prs,1.2469999999999999,-0.114521,-0.167983,-0.118521,0.049462
2026-09-24T15:47:00+00:00,prs,1.303,-0.114595,-0.111983,-0.118595,-0.006612
2026-09-24T15:48:00+00:00,prs,1.241,-0.114665,-0.173983,-0.118665,0.055318
2026-09-24T15:49:00+00:00,prs,1.188,-0.114734,-0.226983,-0.118734,0.108249
2026-09-24T15:50:00+00:00,prs,1.307,-0.114799,-0.107983,-0.118799,-0.010816
2026-09-24T15:51:00+00:00,prs,1.255,-0.114862,-0.159983,-0.118862,0.041121
2026-09-24T15:52:00+00:00,prs,1.202,-0.114922,-0.212983,-0.118922,0.094061
2026-09-24T15:53:00+00:00,prs,1.196,-0.11498,-0.218983,-0.118979,0.100003
2026-09-24T15:54:00+00:00,prs,1.12,-0.115034,-0.294983,-0.119034,0.175949
2026-09-24T15:55:00+00:00,prs,1.202,-0.115086,-0.212983,-0.119086,0.093897
2026-09-24T15:56:00+00:00,prs,1.197,-0.115135,-0.217983,-0.119134,0.098848
2026-09-24T15:57:00+00:00,prs,1.174,-0.11518,-0.240983,-0.11918,0.121803
2026-09-24T15:58:00+00:00,prs,1.216,-0.115223,-0.198983,-0.119223,0.07976
2026-09-24T15:59:00+00:00,prs,1.227,-0.115263,-0.187983,-0.119263,0.06872
2026-09-24T16:00:00+00:00,prs,1.192,-0.1153,-0.222983,-0.1193,0.103683
2026-09-24T16:01:00+00:00,prs,1.199,-0.115333,-0.215983,-0.119333,0.09665
2026-09-24T16:02:00+00:00,prs,1.244,-0.115364,-0.170983,-0.119364,0.051619
2026-09-24T16:03:00+00:00,prs,1.212,-0.115391,-0.202983,-0.119391,0.083592
2026-09-24T16:04:00+00:00,prs,1.196,-0.115415,-0.218983,-0.119415,0.099568
2026-09-24T16:05:00+00:00,prs,1.231,-0.115436,-0.183983,-0.119436,0.064547
2026-09-24T16:06:00+00:00,prs,1.234,-0.115454,-0.180983,-0.119454,0.061529
2026-09-24T16:07:00+00:00,prs,1.179,-0.115468,-0.235983,-0.119468,0.116515
2026-09-24T16:08:00+00:00,prs,1.209,-0.115479,-0.205983,-0.119479,0.086504
2026-09-24T16:09:00+00:00,prs,1.184,-0.115486,-0.230983,-0.119486,0.111497
2026-09-24T16:10:00+00:00,prs,1.252,-0.11549,-0.162983,-0.11949,0.043493
2026-09-24T16:11:00+00:00,prs,1.2730000000000001,-0.11549,-0.141983,-0.11949,0.022493
2026-09-24T16:12:00+00:00,prs,1.234,-0.115487,-0.180983,-0.119487,0.061496
2026-09-24T16:13:00+00:00,prs,1.254,-0.115481,-0.160983,-0.11948,0.041502
2026-09-24T16:14:00+00:00,prs,1.219,-0.11547,-0.195983,-0.11947,0.076513
2026-09-24T16:15:00+00:00,prs,1.215,-0.115456,-0.199983,-0.119456,0.080527
2026-09-24T16:16:00+00:00,prs,1.2,-0.115439,-0.214983,-0.119438,0.095544
2026-09-24T16:17:00+00:00,prs,1.259,-0.115417,-0.155983,-0.119417,0.036566
2026-09-24T16:18:00+00:00,prs,1.289,-0.115392,-0.125983,-0.119392,0.006591
2026-09-24T16:19:00+00:00,prs,1.2730000000000001,-0.115363,-0.141983,-0.119363,0.02262
2026-09-24T16:20:00+00:00,prs,1.225,-0.11533,-0.189983,-0.11933,0.070653
2026-09-24T16:21:00+00:00,prs,1.29,-0.115293,-0.124983,-0.119293,0.00569
2026-09-24T16:22:00+00:00,prs,1.26,-0.115253,-0.154983,-0.119253,0.03573
2026-09-24T16:23:00+00:00,prs,1.174,-0.115208,-0.240983,-0.119208,0.121775
2026-09-24T16:24:00+00:00,prs,1.168,-0.11516,-0.246983,-0.11916,0.127823
2026-09-24T16:25:00+00:00,prs,1.21,-0.115107,-0.204983,-0.119107,0.085876
2026-09-24T16:26:00+00:00,prs,1.184,-0.11505,-0.230983,-0.11905,0.111933
2026-09-24T16:27:00+00:00,prs,1.198,-0.11499,-0.216983,-0.11899,0.097993
2026-09-24T16:28:00+00:00,prs,1.263,-0.114925,-0.151983,-0.118925,0.033058
2026-09-24T16:29:00+00:00,prs,1.282,-0.114856,-0.132983,-0.118856,0.014127
2026-09-24T16:30:00+00:00,prs,1.297,-0.114782,-0.117983,-0.118782,-0.000799
2026-09-24T16:31:00+00:00,prs,1.186,-0.114705,-0.228983,-0.118705,0.110278
2026-09-24T16:32:00+00:00,prs,1.236,-0.114623,-0.178983,-0.118623,0.06036
2026-09-24T16:33:00+00:00,prs,1.212,-0.114537,-0.202983,-0.118537,0.084446
2026-09-24T16:34:00+00:00,prs,1.2429999999999999,-0.114447,-0.171983,-0.118447,0.053536
2026-09-24T16:35:00+00:00,prs,1.28,-0.114352,-0.134983,-0.118352,0.016631
2026-09-24T16:36:00+00:00,prs,1.183,-0.114253,-0.231983,-0.118253,0.11373
2026-09-24T16:37:00+00:00,prs,1.254,-0.114149,-0.160983,-0.118149,0.042834
2026-09-24T16:38:00+00:00,prs,1.232,-0.114041,-0.182983,-0.118041,0.064942
2026-09-24T16:39:00+00:00,prs,1.332,-0.113928,-0.082983,-0.117928,-0.034945
2026-09-24T16:40:00+00:00,prs,1.236,-0.113811,-0.178983,-0.117811,0.061172
2026-09-24T16:41:00+00:00,prs,1.2770000000000001,-0.113689,-0.137983,-0.117689,0.020294
2026-09-24T16:42:00+00:00,prs,1.249,-0.113563,-0.165983,-0.117563,0.04842
2026-09-24T16:43:00+00:00,prs,1.2650000000000001,-0.113432,-0.149983,-0.117432,0.032551
2026-09-24T16:44:00+00:00,prs,1.232,-0.113296,-0.182983,-0.117296,0.065687
2026-09-24T16:45:00+00:00,prs,1.264,-0.113156,-0.150983,-0.117156,0.033827
2026-09-24T16:46:00+00:00,prs,1.216,-0.113011,-0.198983,-0.117011,0.081972
2026-09-24T16:47:00+00:00,prs,1.245,-0.112861,-0.169983,-0.116861,0.053122
2026-09-24T16:48:00+00:00,prs,1.218,-0.112706,-0.196983,-0.116706,0.080277
2026-09-24T16:49:00+00:00,prs,1.264,-0.112547,-0.150983,-0.116547,0.034436
2026-09-24T16:50:00+00:00,prs,1.223,-0.112383,-0.191983,-0.116383,0.0756
2026-09-24T16:51:00+00:00,prs,1.232,-0.112213,-0.182983,-0.116213,0.06677
2026-09-24T16:52:00+00:00,prs,1.304,-0.112039,-0.110983,-0.116039,-0.005056
2026-09-24T16:53:00+00:00,prs,1.196,-0.11186,-0.218983,-0.11586,0.103123
2026-09-24T16:54:00+00:00,prs,1.2730000000000001,-0.111676,-0.141983,-0.115676,0.026307
2026-09-24T16:55:00+00:00,prs,1.255,-0.111487,-0.159983,-0.115487,0.044496
2026-09-24T16:56:00+00:00,prs,1.17,-0.111293,-0.244983,-0.115293,0.12969
2026-09-24T16:57:00+00:00,prs,1.206,-0.111094,-0.208983,-0.115094,0.093889
2026-09-24T16:58:00+00:00,prs,1.2429999999999999,-0.11089,-0.171983,-0.11489,0.057093
2026-09-24T16:59:00+00:00,prs,1.254,-0.110681,-0.160983,-0.114681,0.046302
2026-09-24T17:00:00+00:00,prs,1.264,-0.110467,-0.150983,-0.114467,0.036516
2026-09-24T17:01:00+00:00,prs,1.224,-0.110247,-0.190983,-0.114247,0.076736
2026-09-24T17:02:00+00:00,prs,1.174,-0.110023,-0.240983,-0.114023,0.12696
2026-09-24T17:03:00+00:00,prs,1.195,-0.109793,-0.219983,-0.113793,0.10619
2026-09-24T17:04:00+00:00,prs,1.289,-0.109558,-0.125983,-0.113558,0.012425
2026-09-24T17:05:00+00:00,prs,1.335,-0.109317,-0.079983,-0.113317,-0.033334
2026-09-24T17:06:00+00:00,prs,1.219,-0.109072,-0.195983,-0.113072,0.082911
2026-09-24T17:07:00+00:00,prs,1.249,-0.108821,-0.165983,-0.112821,0.053162
2026-09-24T17:08:00+00:00,prs,1.302,-0.108564,-0.112983,-0.112564,0.000419
2026-09-24T17:09:00+00:00,prs,1.218,-0.108303,-0.196983,-0.112303,0.08468
2026-09-24T17:10:00+00:00,prs,1.2730000000000001,-0.108036,-0.141983,-0.112036,0.029947
2026-09-24T17:11:00+00:00,prs,1.284,-0.107763,-0.130983,-0.111763,0.01922
2026-09-24T17:12:00+00:00,prs,1.346,-0.107486,-0.068983,-0.111486,-0.042503
2026-09-24T17:13:00+00:00,prs,1.308,-0.107202,-0.106983,-0.111202,-0.004219
2026-09-24T17:14:00+00:00,prs,1.307,-0.106914,-0.107983,-0.110914,-0.002931
2026-09-24T17:15:00+00:00,prs,1.258,-0.10662,-0.156983,-0.110619,0.046363
2026-09-24T17:16:00+00:00,prs,1.293,-0.10632,-0.121983,-0.11032,0.011663
2026-09-24T17:17:00+00:00,prs,1.361,-0.106015,-0.053983,-0.110015,-0.056032
2026-09-24T17:18:00+00:00,prs,1.214,-0.105704,-0.200983,-0.109704,0.091279
2026-09-24T17:19:00+00:00,prs,1.305,-0.105388,-0.109983,-0.109387,0.000595
2026-09-24T17:20:00+00:00,prs,1.252,-0.105066,-0.162983,-0.109066,0.053917
2026-09-24T17:21:00+00:00,prs,1.283,-0.104738,-0.131983,-0.108738,0.023245
2026-09-24T17:22:00+00:00,prs,1.28,-0.104405,-0.134983,-0.108405,0.026578
2026-09-24T17:23:00+00:00,prs,1.295,-0.104066,-0.119983,-0.108066,0.011917
2026-09-24T17:24:00+00:00,prs,1.346,-0.103722,-0.068983,-0.107722,-0.038739
2026-09-24T17:25:00+00:00,prs,1.233,-0.103372,-0.181983,-0.107372,0.074611
2026-09-24T17:26:00+00:00,prs,1.389,-0.103016,-0.025983,-0.107016,-0.081033
2026-09-24T17:27:00+00:00,prs,1.338,-0.102655,-0.076983,-0.106655,-0.029672
2026-09-24T17:28:00+00:00,prs,1.299,-0.102287,-0.115983,-0.106287,0.009696
2026-09-24T17:29:00+00:00,prs,1.342,-0.101914,-0.072983,-0.105914,-0.032931
2026-09-24T17:30:00+00:00,prs,1.329,-0.101536,-0.085983,-0.105536,-0.019553
2026-09-24T17:31:00+00:00,prs,1.335,-0.101151,-0.079983,-0.105151,-0.025168
2026-09-24T17:32:00+00:00,prs,1.388,-0.100761,-0.026983,-0.104761,-0.077778
2026-09-24T17:33:00+00:00,prs,1.413,-0.100365,-0.001983,-0.104365,-0.102382
2026-09-24T17:34:00+00:00,prs,1.3780000000000001,-0.099963,-0.036983,-0.103963,-0.06698
2026-09-24T17:35:00+00:00,prs,1.303,-0.099555,-0.111983,-0.103555,0.008428
2026-09-24T17:36:00+00:00,prs,1.3980000000000001,-0.099142,-0.016983,-0.103142,-0.086159
2026-09-24T17:37:00+00:00,prs,1.266,-0.098723,-0.148983,-0.102722,0.04626
2026-09-24T17:38:00+00:00,prs,1.324,-0.098297,-0.090983,-0.102297,-0.011314
2026-09-24T17:39:00+00:00,prs,1.297,-0.097866,-0.117983,-0.101866,0.016117
2026-09-24T17:40:00+00:00,prs,1.349,-0.097429,-0.065983,-0.101429,-0.035446
2026-09-24T17:41:00+00:00,prs,1.299,-0.096986,-0.115983,-0.100986,0.014997
2026-09-24T17:42:00+00:00,prs,1.365,-0.096538,-0.049983,-0.100537,-0.050554
2026-09-24T17:43:00+00:00,prs,1.3439999999999999,-0.096083,-0.070983,-0.100083,-0.0291
2026-09-24T17:44:00+00:00,prs,1.3980000000000001,-0.095622,-0.016983,-0.099622,-0.082639
2026-09-24T17:45:00+00:00,prs,1.397,-0.095156,-0.017983,-0.099155,-0.081173
2026-09-24T17:46:00+00:00,prs,1.3900000000000001,-0.094683,-0.024983,-0.098683,-0.0737
2026-09-24T17:47:00+00:00,prs,1.3679999999999999,-0.094205,-0.046983,-0.098204,-0.051222
2026-09-24T17:48:00+00:00,prs,1.401,-0.09372,-0.013983,-0.09772,-0.083737
2026-09-24T17:49:00+00:00,prs,1.338,-0.09323,-0.076983,-0.09723,-0.020247
2026-09-24T17:50:00+00:00,prs,1.373,-0.092733,-0.041983,-0.096733,-0.05475
2026-09-24T17:51:00+00:00,prs,1.471,-0.092231,0.056017,-0.096231,-0.152248
2026-09-24T17:52:00+00:00,prs,1.427,-0.091722,0.012017,-0.095722,-0.107739
2026-09-24T17:53:00+00:00,prs,1.415,-0.091208,1.7e-05,-0.095208,-0.095225
2026-09-24T17:54:00+00:00,prs,1.432,-0.090688,0.017017,-0.094688,-0.111705
2026-09-24T17:55:00+00:00,prs,1.371,-0.090161,-0.043983,-0.094161,-0.050178
2026-09-24T17:56:00+00:00,prs,1.419,-0.089629,0.004017,-0.093629,-0.097646
2026-09-24T17:57:00+00:00,prs,1.387,-0.089091,-0.027983,-0.09309,-0.065108
2026-09-24T17:58:00+00:00,prs,1.416,-0.088546,0.001017,-0.092546,-0.093563
2026-09-24T17:59:00+00:00,prs,1.43,-0.087996,0.015017,-0.091996,-0.107013
2026-09-24T18:00:00+00:00,prs,1.384,-0.087439,-0.030983,-0.091439,-0.060456
2026-09-24T18:01:00+00:00,prs,1.453,-0.086877,0.038017,-0.090877,-0.128894
2026-09-24T18:02:00+00:00,prs,1.435,-0.086308,0.020017,-0.090308,-0.110325
2026-09-24T18:03:00+00:00,prs,1.453,-0.085734,0.038017,-0.089733,-0.12775
2026-09-24T18:04:00+00:00,prs,1.423,-0.085153,0.008017,-0.089153,-0.09717
2026-09-24T18:05:00+00:00,prs,1.3860000000000001,-0.084566,-0.028983,-0.088566,-0.059583
2026-09-24T18:06:00+00:00,prs,1.41,-0.083974,-0.004983,-0.087973,-0.082991
2026-09-24T18:07:00+00:00,prs,1.428,-0.083375,0.013017,-0.087375,-0.100392
2026-09-24T18:08:00+00:00,prs,1.395,-0.08277,-0.019983,-0.08677,-0.066787
2026-09-24T18:09:00+00:00,prs,1.442,-0.082159,0.027017,-0.086159,-0.113176
2026-09-24T18:10:00+00:00,prs,1.444,-0.081543,0.029017,-0.085542,-0.11456
2026-09-24T18:11:00+00:00,prs,1.453,-0.08092,0.038017,-0.08492,-0.122937
2026-09-24T18:12:00+00:00,prs,1.459,-0.080291,0.044017,-0.084291,-0.128308
2026-09-24T18:13:00+00:00,prs,1.53,-0.079656,0.115017,-0.083656,-0.198673
2026-09-24T18:14:00+00:00,prs,1.513,-0.079015,0.098017,-0.083015,-0.181032
2026-09-24T18:15:00+00:00,prs,1.454,-0.078368,0.039017,-0.082368,-0.121385
2026-09-24T18:16:00+00:00,prs,1.5,-0.077715,0.085017,-0.081715,-0.166732
2026-09-24T18:17:00+00:00,prs,1.516,-0.077056,0.101017,-0.081056,-0.182073
2026-09-24T18:18:00+00:00,prs,1.482,-0.076391,0.067017,-0.080391,-0.147408
2026-09-24T18:19:00+00:00,prs,1.5270000000000001,-0.07572,0.112017,-0.07972,-0.191737
2026-09-24T18:20:00+00:00,prs,1.552,-0.075043,0.137017,-0.079043,-0.21606
2026-09-24T18:21:00+00:00,prs,1.444,-0.07436,0.029017,-0.07836,-0.107377
2026-09-24T18:22:00+00:00,prs,1.52,-0.073672,0.105017,-0.077671,-0.182689
2026-09-24T18:23:00+00:00,prs,1.476,-0.072977,0.061017,-0.076977,-0.137994
2026-09-24T18:24:00+00:00,prs,1.526,-0.072276,0.111017,-0.076276,-0.187293
2026-09-24T18:25:00+00:00,prs,1.5230000000000001,-0.071569,0.108017,-0.075569,-0.183586
2026-09-24T18:26:00+00:00,prs,1.428,-0.070856,0.013017,-0.074856,-0.087873
2026-09-24T18:27:00+00:00,prs,1.549,-0.070138,0.134017,-0.074138,-0.208155
2026-09-24T18:28:00+00:00,prs,1.479,-0.069413,0.064017,-0.073413,-0.13743
2026-09-24T18:29:00+00:00,prs,1.4809999999999999,-0.068683,0.066017,-0.072682,-0.1387
2026-09-24T18:30:00+00:00,prs,1.443,-0.067946,0.028017,-0.071946,-0.099963
2026-09-24T18:31:00+00:00,prs,1.441,-0.067204,0.026017,-0.071204,-0.097221
2026-09-24T18:32:00+00:00,prs,1.5150000000000001,-0.066456,0.100017,-0.070456,-0.170473
2026-09-24T18:33:00+00:00,prs,1.47,-0.065702,0.055017,-0.069701,-0.124718
2026-09-24T18:34:00+00:00,prs,1.427,-0.064942,0.012017,-0.068941,-0.080959
2026-09-24T18:35:00+00:00,prs,1.428,-0.064176,0.013017,-0.068176,-0.081193
2026-09-24T18:36:00+00:00,prs,1.488,-0.063404,0.073017,-0.067404,-0.140421
2026-09-24T18:37:00+00:00,prs,1.5430000000000001,-0.062627,0.128017,-0.066627,-0.194644
2026-09-24T18:38:00+00:00,prs,1.479,-0.061844,0.064017,-0.065843,-0.12986
2026-09-24T18:39:00+00:00,prs,1.462,-0.061054,0.047017,-0.065054,-0.112071
2026-09-24T18:40:00+00:00,prs,1.517,-0.06026,0.102017,-0.06426,-0.166277
2026-09-24T18:41:00+00:00,prs,1.48,-0.059459,0.065017,-0.063459,-0.128476
2026-09-24T18:42:00+00:00,prs,1.445,-0.058653,0.030017,-0.062653,-0.09267
2026-09-24T18:43:00+00:00,prs,1.453,-0.057841,0.038017,-0.061841,-0.099858
2026-09-24T18:44:00+00:00,prs,1.504,-0.057023,0.089017,-0.061023,-0.15004
2026-09-24T18:45:00+00:00,prs,1.556,-0.056199,0.141017,-0.060199,-0.201216
2026-09-24T18:46:00+00:00,prs,1.5699999999999998,-0.05537,0.155017,-0.05937,-0.214387
2026-09-24T18:47:00+00:00,prs,1.567,-0.054536,0.152017,-0.058535,-0.210553
2026-09-24T18:48:00+00:00,prs,1.536,-0.053695,0.121017,-0.057695,-0.178712
2026-09-24T18:49:00+00:00,prs,1.546,-0.052849,0.131017,-0.056849,-0.187866
2026-09-24T18:50:00+00:00,prs,1.592,-0.051997,0.177017,-0.055997,-0.233014
2026-09-24T18:51:00+00:00,prs,1.593,-0.05114,0.178017,-0.05514,-0.233157
2026-09-24T18:52:00+00:00,prs,1.5150000000000001,-0.050277,0.100017,-0.054277,-0.154294
2026-09-24T18:53:00+00:00,prs,1.536,-0.049409,0.121017,-0.053409,-0.174426
2026-09-24T18:54:00+00:00,prs,1.526,-0.048535,0.111017,-0.052535,-0.163552
2026-09-24T18:55:00+00:00,prs,1.561,-0.047656,0.146017,-0.051656,-0.197673
2026-09-24T18:56:00+00:00,prs,1.54,-0.046771,0.125017,-0.050771,-0.175788
2026-09-24T18:57:00+00:00,prs,1.51,-0.045881,0.095017,-0.049881,-0.144898
2026-09-24T18:58:00+00:00,prs,1.462,-0.044985,0.047017,-0.048985,-0.096002
2026-09-24T18:59:00+00:00,prs,1.5430000000000001,-0.044084,0.128017,-0.048084,-0.176101
2026-09-24T19:00:00+00:00,prs,1.5470000000000002,-0.043177,0.132017,-0.047177,-0.179194
2026-09-24T19:01:00+00:00,prs,1.589,-0.042265,0.174017,-0.046265,-0.220282
2026-09-24T19:02:00+00:00,prs,1.5859999999999999,-0.041348,0.171017,-0.045348,-0.216365
2026-09-24T19:03:00+00:00,prs,1.581,-0.040426,0.166017,-0.044426,-0.210443
2026-09-24T19:04:00+00:00,prs,1.575,-0.039498,0.160017,-0.043498,-0.203515
2026-09-24T19:05:00+00:00,prs,1.571,-0.038565,0.156017,-0.042565,-0.198582
2026-09-24T19:06:00+00:00,prs,1.5659999999999998,-0.037626,0.151017,-0.041626,-0.192643
2026-09-24T19:07:00+00:00,prs,1.579,-0.036683,0.164017,-0.040683,-0.2047
2026-09-24T19:08:00+00:00,prs,1.554,-0.035734,0.139017,-0.039734,-0.178751
2026-09-24T19:09:00+00:00,prs,1.603,-0.03478,0.188017,-0.03878,-0.226797
2026-09-24T19:10:00+00:00,prs,1.534,-0.033821,0.119017,-0.037821,-0.156838
2026-09-24T19:11:00+00:00,prs,1.5659999999999998,-0.032857,0.151017,-0.036857,-0.187874
2026-09-24T19:12:00+00:00,prs,1.601,-0.031888,0.186017,-0.035888,-0.221905
2026-09-24T19:13:00+00:00,prs,1.584,-0.030914,0.169017,-0.034914,-0.203931
2026-09-24T19:14:00+00:00,prs,1.639,-0.029935,0.224017,-0.033935,-0.257952
2026-09-24T19:15:00+00:00,prs,1.5859999999999999,-0.028951,0.171017,-0.032951,-0.203968
2026-09-24T19:16:00+00:00,prs,1.6099999999999999,-0.027962,0.195017,-0.031962,-0.226979
2026-09-24T19:18:00+00:00,prs,1.617,-0.025969,0.202017,-0.029969,-0.231986
2026-09-24T19:19:00+00:00,prs,1.558,-0.024965,0.143017,-0.028965,-0.171982
2026-09-24T19:20:00+00:00,prs,1.562,-0.023956,0.147017,-0.027956,-0.174973
2026-09-24T19:21:00+00:00,prs,1.595,-0.022943,0.180017,-0.026943,-0.20696
2026-09-24T19:22:00+00:00,prs,1.643,-0.021925,0.228017,-0.025925,-0.253942
2026-09-24T19:23:00+00:00,prs,1.662,-0.020902,0.247017,-0.024902,-0.271919
2026-09-24T19:24:00+00:00,prs,1.63,-0.019875,0.215017,-0.023875,-0.238892
2026-09-24T19:25:00+00:00,prs,1.633,-0.018843,0.218017,-0.022842,-0.24086
2026-09-24T19:26:00+00:00,prs,1.621,-0.017806,0.206017,-0.021806,-0.227823
2026-09-24T19:27:00+00:00,prs,1.667,-0.016764,0.252017,-0.020764,-0.272781
2026-09-24T19:28:00+00:00,prs,1.638,-0.015719,0.223017,-0.019718,-0.242736
2026-09-24T19:29:00+00:00,prs,1.631,-0.014668,0.216017,-0.018668,-0.234685
2026-09-24T19:30:00+00:00,prs,1.6320000000000001,-0.013613,0.217017,-0.017613,-0.23463
2026-09-24T19:31:00+00:00,prs,1.653,-0.012554,0.238017,-0.016554,-0.254571
2026-09-24T19:33:00+00:00,prs,1.6760000000000002,-0.010422,0.261017,-0.014422,-0.275439
2026-09-24T19:34:00+00:00,prs,1.5979999999999999,-0.00935,0.183017,-0.01335,-0.196367
2026-09-24T19:35:00+00:00,prs,1.585,-0.008273,0.170017,-0.012273,-0.18229
2026-09-24T19:36:00+00:00,prs,1.608,-0.007192,0.193017,-0.011192,-0.204209
2026-09-24T19:37:00+00:00,prs,1.625,-0.006107,0.210017,-0.010107,-0.220124
2026-09-24T19:38:00+00:00,prs,1.642,-0.005017,0.227017,-0.009017,-0.236034
2026-09-24T19:39:00+00:00,prs,1.663,-0.003924,0.248017,-0.007924,-0.255941
2026-09-24T19:40:00+00:00,prs,1.665,-0.002826,0.250017,-0.006826,-0.256843
2026-09-24T19:41:00+00:00,prs,1.675,-0.001725,0.260017,-0.005725,-0.265742
2026-09-24T19:42:00+00:00,prs,1.6059999999999999,-0.000619,0.191017,-0.004619,-0.195636
2026-09-24T19:43:00+00:00,prs,1.678,0.00049,0.263017,-0.003509,-0.266527
2026-09-24T19:44:00+00:00,prs,1.629,0.001604,0.214017,-0.002396,-0.216413
2026-09-24T19:45:00+00:00,prs,1.704,0.002721,0.289017,-0.001279,-0.290296
2026-09-24T19:46:00+00:00,prs,1.619,0.003843,0.204017,-0.000157,-0.204174
2026-09-24T19:47:00+00:00,prs,1.6909999999999998,0.004968,0.276017,0.000968,-0.275049
2026-09-24T19:48:00+00:00,prs,1.665,0.006097,0.250017,0.002097,-0.24792
2026-09-24T19:49:00+00:00,prs,1.665,0.007229,0.250017,0.003229,-0.246788
2026-09-24T19:50:00+00:00,prs,1.708,0.008365,0.293017,0.004365,-0.288652
2026-09-24T19:51:00+00:00,prs,1.6680000000000001,0.009505,0.253017,0.005505,-0.247512
2026-09-24T19:52:00+00:00,prs,1.6320000000000001,0.010649,0.217017,0.006649,-0.210368
2026-09-24T19:53:00+00:00,prs,1.69,0.011796,0.275017,0.007796,-0.267221
2026-09-24T19:54:00+00:00,prs,1.631,0.012946,0.216017,0.008946,-0.207071
2026-09-24T19:55:00+00:00,prs,1.682,0.0141,0.267017,0.0101,-0.256917
2026-09-24T19:56:00+00:00,prs,1.697,0.015257,0.282017,0.011257,-0.27076
2026-09-24T19:57:00+00:00,prs,1.678,0.016418,0.263017,0.012418,-0.250599
2026-09-24T19:58:00+00:00,prs,1.718,0.017582,0.303017,0.013582,-0.289435
2026-09-24T19:59:00+00:00,prs,1.7,0.018749,0.285017,0.014749,-0.270268
2026-09-24T20:00:00+00:00,prs,1.686,0.01992,0.271017,0.01592,-0.255097
2026-09-24T20:01:00+00:00,prs,1.671,0.021094,0.256017,0.017094,-0.238923
2026-09-24T20:02:00+00:00,prs,1.679,0.02227,0.264017,0.01827,-0.245747
2026-09-24T20:03:00+00:00,prs,1.641,0.02345,0.226017,0.01945,-0.206567
2026-09-24T20:04:00+00:00,prs,1.642,0.024633,0.227017,0.020633,-0.206384
2026-09-24T20:05:00+00:00,prs,1.658,0.025819,0.243017,0.021819,-0.221198
2026-09-24T20:06:00+00:00,prs,1.665,0.027008,0.250017,0.023008,-0.227009
2026-09-24T20:07:00+00:00,prs,1.692,0.0282,0.277017,0.0242,-0.252817
2026-09-24T20:08:00+00:00,prs,1.655,0.029394,0.240017,0.025394,-0.214623
2026-09-24T20:09:00+00:00,prs,1.683,0.030591,0.268017,0.026592,-0.241426
2026-09-24T20:10:00+00:00,prs,1.693,0.031792,0.278017,0.027792,-0.250225
2026-09-24T20:11:00+00:00,prs,1.678,0.032994,0.263017,0.028994,-0.234023
2026-09-24T20:12:00+00:00,prs,1.671,0.0342,0.256017,0.0302,-0.225817
2026-09-24T20:13:00+00:00,prs,1.729,0.035408,0.314017,0.031408,-0.282609
2026-09-24T20:14:00+00:00,prs,1.736,0.036618,0.321017,0.032618,-0.288399
2026-09-24T20:15:00+00:00,prs,1.702,0.037831,0.287017,0.033831,-0.253186
2026-09-24T20:16:00+00:00,prs,1.65,0.039047,0.235017,0.035047,-0.19997
2026-09-24T20:17:00+00:00,prs,1.674,0.040264,0.259017,0.036265,-0.222753
2026-09-24T20:18:00+00:00,prs,1.6989999999999998,0.041485,0.284017,0.037485,-0.246532
2026-09-24T20:19:00+00:00,prs,1.7069999999999999,0.042707,0.292017,0.038707,-0.25331
2026-09-24T20:20:00+00:00,prs,1.706,0.043932,0.291017,0.039932,-0.251085
2026-09-24T20:21:00+00:00,prs,1.751,0.045158,0.336017,0.041159,-0.294858
2026-09-24T20:22:00+00:00,prs,1.7349999999999999,0.046387,0.320017,0.042388,-0.27763
2026-09-24T20:23:00+00:00,prs,1.7469999999999999,0.047618,0.332017,0.043619,-0.288399
2026-09-24T20:24:00+00:00,prs,1.763,0.048851,0.348017,0.044852,-0.303166
2026-09-24T20:25:00+00:00,prs,1.748,0.050086,0.333017,0.046087,-0.286931
2026-09-24T20:26:00+00:00,prs,1.686,0.051323,0.271017,0.047323,-0.223694
2026-09-24T20:27:00+00:00,prs,1.6949999999999998,0.052562,0.280017,0.048562,-0.231455
2026-09-24T20:28:00+00:00,prs,1.689,0.053803,0.274017,0.049803,-0.224214
2026-09-24T20:29:00+00:00,prs,1.688,0.055045,0.273017,0.051045,-0.221972
2026-09-24T20:30:00+00:00,prs,1.7229999999999999,0.056289,0.308017,0.052289,-0.255728
2026-09-24T20:31:00+00:00,prs,1.694,0.057534,0.279017,0.053534,-0.225483
2026-09-24T20:33:00+00:00,prs,1.665,0.06003,0.250017,0.05603,-0.193987
2026-09-24T20:34:00+00:00,prs,1.7109999999999999,0.06128,0.296017,0.05728,-0.238737
2026-09-24T20:35:00+00:00,prs,1.784,0.062532,0.369017,0.058532,-0.310485
2026-09-24T20:36:00+00:00,prs,1.784,0.063785,0.369017,0.059785,-0.309232
2026-09-24T20:37:00+00:00,prs,1.771,0.065039,0.356017,0.061039,-0.294978
2026-09-24T20:38:00+00:00,prs,1.7189999999999999,0.066294,0.304017,0.062295,-0.241723
2026-09-24T20:39:00+00:00,prs,1.748,0.067551,0.333017,0.063551,-0.269466
2026-09-24T20:40:00+00:00,prs,1.795,0.068809,0.380017,0.064809,-0.315208
2026-09-24T20:41:00+00:00,prs,1.713,0.070068,0.298017,0.066068,-0.231949
2026-09-24T20:42:00+00:00,prs,1.7530000000000001,0.071327,0.338017,0.067328,-0.270689
2026-09-24T20:43:00+00:00,prs,1.737,0.072588,0.322017,0.068588,-0.253429
2026-09-24T20:44:00+00:00,prs,1.771,0.07385,0.356017,0.06985,-0.286167
2026-09-24T20:45:00+00:00,prs,1.756,0.075113,0.341017,0.071113,-0.269904
2026-09-24T20:46:00+00:00,prs,1.767,0.076376,0.352017,0.072376,-0.279641
2026-09-24T20:47:00+00:00,prs,1.7650000000000001,0.07764,0.350017,0.07364,-0.276377
2026-09-24T20:48:00+00:00,prs,1.7650000000000001,0.078905,0.350017,0.074905,-0.275112
2026-09-24T20:49:00+00:00,prs,1.737,0.08017,0.322017,0.07617,-0.245847
2026-09-24T20:50:00+00:00,prs,1.689,0.081436,0.274017,0.077436,-0.196581
2026-09-24T20:51:00+00:00,prs,1.79,0.082702,0.375017,0.078702,-0.296315
2026-09-24T20:52:00+00:00,prs,1.7570000000000001,0.083969,0.342017,0.079969,-0.262048
2026-09-24T20:53:00+00:00,prs,1.779,0.085236,0.364017,0.081236,-0.282781
2026-09-24T20:54:00+00:00,prs,1.744,0.086503,0.329017,0.082504,-0.246514
2026-09-24T20:55:00+00:00,prs,1.764,0.087771,0.349017,0.083771,-0.265246
2026-09-24T20:56:00+00:00,prs,1.75,0.089039,0.335017,0.085039,-0.249978
2026-09-24T20:57:00+00:00,prs,1.744,0.090307,0.329017,0.086307,-0.24271
2026-09-24T20:58:00+00:00,prs,1.737,0.091575,0.322017,0.087575,-0.234442
2026-09-24T20:59:00+00:00,prs,1.72,0.092843,0.305017,0.088843,-0.216174
2026-09-24T21:00:00+00:00,prs,1.6989999999999998,0.094111,0.284017,0.090111,-0.193906
2026-09-24T21:01:00+00:00,prs,1.659,0.095379,0.244017,0.091379,-0.152638
2026-09-24T21:02:00+00:00,prs,1.742,0.096647,0.327017,0.092647,-0.23437
2026-09-24T21:03:00+00:00,prs,1.71,0.097915,0.295017,0.093915,-0.201102
2026-09-24T21:04:00+00:00,prs,1.7069999999999999,0.099182,0.292017,0.095182,-0.196835
2026-09-24T21:05:00+00:00,prs,1.776,0.100449,0.361017,0.096449,-0.264568
2026-09-24T21:06:00+00:00,prs,1.741,0.101716,0.326017,0.097716,-0.228301
2026-09-24T21:07:00+00:00,prs,1.746,0.102982,0.331017,0.098982,-0.232035
2026-09-24T21:08:00+00:00,prs,1.7530000000000001,0.104247,0.338017,0.100247,-0.23777
2026-09-24T21:09:00+00:00,prs,1.734,0.105512,0.319017,0.101512,-0.217505
2026-09-24T21:10:00+00:00,prs,1.766,0.106776,0.351017,0.102777,-0.24824
2026-09-24T21:11:00+00:00,prs,1.771,0.10804,0.356017,0.10404,-0.251977
2026-09-24T21:12:00+00:00,prs,1.812,0.109303,0.397017,0.105303,-0.291714
2026-09-24T21:13:00+00:00,prs,1.802,0.110565,0.387017,0.106565,-0.280452
2026-09-24T21:14:00+00:00,prs,1.77,0.111826,0.355017,0.107826,-0.247191
2026-09-24T21:15:00+00:00,prs,1.7970000000000002,0.113086,0.382017,0.109086,-0.272931
2026-09-24T21:16:00+00:00,prs,1.806,0.114345,0.391017,0.110345,-0.280672
2026-09-24T21:18:00+00:00,prs,1.7770000000000001,0.11686,0.362017,0.11286,-0.249157
2026-09-24T21:19:00+00:00,prs,1.775,0.118116,0.360017,0.114116,-0.245901
2026-09-24T21:20:00+00:00,prs,1.75,0.11937,0.335017,0.115371,-0.219647
2026-09-24T21:21:00+00:00,prs,1.746,0.120624,0.331017,0.116624,-0.214393
2026-09-24T21:22:00+00:00,prs,1.775,0.121875,0.360017,0.117875,-0.242142
2026-09-24T21:23:00+00:00,prs,1.786,0.123126,0.371017,0.119126,-0.251891
2026-09-24T21:24:00+00:00,prs,1.7730000000000001,0.124374,0.358017,0.120375,-0.237643
2026-09-24T21:25:00+00:00,prs,1.7930000000000001,0.125622,0.378017,0.121622,-0.256395
2026-09-24T21:26:00+00:00,prs,1.755,0.126867,0.340017,0.122867,-0.21715
2026-09-24T21:27:00+00:00,prs,1.8159999999999998,0.128111,0.401017,0.124111,-0.276906
2026-09-24T21:28:00+00:00,prs,1.83,0.129353,0.415017,0.125353,-0.289664
2026-09-24T21:29:00+00:00,prs,1.7770000000000001,0.130594,0.362017,0.126594,-0.235423
2026-09-24T21:30:00+00:00,prs,1.768,0.131832,0.353017,0.127832,-0.225185
2026-09-24T21:31:00+00:00,prs,1.783,0.133069,0.368017,0.129069,-0.238948
2026-09-24T21:33:00+00:00,prs,1.778,0.135536,0.363017,0.131536,-0.231481
2026-09-24T21:34:00+00:00,prs,1.767,0.136766,0.352017,0.132766,-0.219251
2026-09-24T21:35:00+00:00,prs,1.752,0.137994,0.337017,0.133994,-0.203023
2026-09-24T21:36:00+00:00,prs,1.807,0.13922,0.392017,0.13522,-0.256797
2026-09-24T21:37:00+00:00,prs,1.822,0.140444,0.407017,0.136444,-0.270573
2026-09-24T21:38:00+00:00,prs,1.75,0.141665,0.335017,0.137665,-0.197352
2026-09-24T21:39:00+00:00,prs,1.7610000000000001,0.142884,0.346017,0.138884,-0.207133
2026-09-24T21:40:00+00:00,prs,1.77,0.1441,0.355017,0.1401,-0.214917
2026-09-24T21:41:00+00:00,prs,1.7770000000000001,0.145314,0.362017,0.141314,-0.220703
2026-09-24T21:42:00+00:00,prs,1.792,0.146525,0.377017,0.142525,-0.234492
2026-09-24T21:43:00+00:00,prs,1.721,0.147733,0.306017,0.143734,-0.162284
2026-09-24T21:44:00+00:00,prs,1.792,0.148939,0.377017,0.144939,-0.232078
2026-09-24T21:45:00+00:00,prs,1.813,0.150142,0.398017,0.146142,-0.251875
2026-09-24T21:46:00+00:00,prs,1.78,0.151342,0.365017,0.147342,-0.217675
2026-09-24T21:47:00+00:00,prs,1.791,0.152539,0.376017,0.148539,-0.227478
2026-09-24T21:48:00+00:00,prs,1.794,0.153734,0.379017,0.149734,-0.229283
2026-09-24T21:49:00+00:00,prs,1.776,0.154925,0.361017,0.150925,-0.210092
2026-09-24T21:50:00+00:00,prs,1.7650000000000001,0.156113,0.350017,0.152113,-0.197904
2026-09-24T21:51:00+00:00,prs,1.764,0.157298,0.349017,0.153298,-0.195719
2026-09-24T21:52:00+00:00,prs,1.77,0.158479,0.355017,0.154479,-0.200538
2026-09-24T21:53:00+00:00,prs,1.741,0.159658,0.326017,0.155658,-0.170359
2026-09-24T21:54:00+00:00,prs,1.795,0.160833,0.380017,0.156833,-0.223184
2026-09-24T21:55:00+00:00,prs,1.766,0.162004,0.351017,0.158004,-0.193013
2026-09-24T21:56:00+00:00,prs,1.7229999999999999,0.163172,0.308017,0.159173,-0.148844
2026-09-24T21:57:00+00:00,prs,1.766,0.164337,0.351017,0.160337,-0.19068
2026-09-24T21:58:00+00:00,prs,1.7970000000000002,0.165498,0.382017,0.161498,-0.220519
2026-09-24T21:59:00+00:00,prs,1.77,0.166656,0.355017,0.162656,-0.192361
2026-09-24T22:00:00+00:00,prs,1.775,0.167809,0.360017,0.163809,-0.196208
2026-09-24T22:01:00+00:00,prs,1.775,0.168959,0.360017,0.164959,-0.195058
2026-09-24T22:02:00+00:00,prs,1.766,0.170105,0.351017,0.166106,-0.184912
2026-09-24T22:03:00+00:00,prs,1.794,0.171248,0.379017,0.167248,-0.211769
2026-09-24T22:04:00+00:00,prs,1.7770000000000001,0.172386,0.362017,0.168386,-0.193631
2026-09-24T22:05:00+00:00,prs,1.795,0.17352,0.380017,0.16952,-0.210497
2026-09-24T22:06:00+00:00,prs,1.79,0.174651,0.375017,0.170651,-0.204366
2026-09-24T22:07:00+00:00,prs,1.73,0.175777,0.315017,0.171777,-0.14324
2026-09-24T22:08:00+00:00,prs,1.742,0.176899,0.327017,0.172899,-0.154118
2026-09-24T22:09:00+00:00,prs,1.794,0.178016,0.379017,0.174016,-0.205001
2026-09-24T22:10:00+00:00,prs,1.7229999999999999,0.17913,0.308017,0.17513,-0.132887
2026-09-24T22:11:00+00:00,prs,1.733,0.180239,0.318017,0.176239,-0.141778
2026-09-24T22:12:00+00:00,prs,1.738,0.181344,0.323017,0.177344,-0.145673
2026-09-24T22:13:00+00:00,prs,1.76,0.182444,0.345017,0.178444,-0.166573
2026-09-24T22:14:00+00:00,prs,1.7109999999999999,0.18354,0.296017,0.17954,-0.116477
2026-09-24T22:15:00+00:00,prs,1.7469999999999999,0.184631,0.332017,0.180631,-0.151386
2026-09-24T22:16:00+00:00,prs,1.8050000000000002,0.185717,0.390017,0.181717,-0.2083
2026-09-24T22:17:00+00:00,prs,1.7650000000000001,0.186799,0.350017,0.182799,-0.167218
2026-09-24T22:18:00+00:00,prs,1.7690000000000001,0.187876,0.354017,0.183876,-0.170141
2026-09-24T22:19:00+00:00,prs,1.7610000000000001,0.188948,0.346017,0.184948,-0.161069
2026-09-24T22:20:00+00:00,prs,1.75,0.190015,0.335017,0.186016,-0.149001
2026-09-24T22:21:00+00:00,prs,1.772,0.191078,0.357017,0.187078,-0.169939
2026-09-24T22:22:00+00:00,prs,1.7530000000000001,0.192135,0.338017,0.188135,-0.149882
2026-09-24T22:23:00+00:00,prs,1.807,0.193188,0.392017,0.189188,-0.202829
2026-09-24T22:24:00+00:00,prs,1.782,0.194235,0.367017,0.190235,-0.176782
2026-09-24T22:25:00+00:00,prs,1.7930000000000001,0.195277,0.378017,0.191277,-0.18674
2026-09-24T22:26:00+00:00,prs,1.756,0.196314,0.341017,0.192314,-0.148703
2026-09-24T22:27:00+00:00,prs,1.7530000000000001,0.197346,0.338017,0.193346,-0.144671
2026-09-24T22:28:00+00:00,prs,1.7690000000000001,0.198373,0.354017,0.194373,-0.159644
2026-09-24T22:29:00+00:00,prs,1.7890000000000001,0.199394,0.374017,0.195394,-0.178623
2026-09-24T22:30:00+00:00,prs,1.794,0.200409,0.379017,0.196409,-0.182608
2026-09-24T22:31:00+00:00,prs,1.7690000000000001,0.201419,0.354017,0.19742,-0.156598
2026-09-24T22:33:00+00:00,prs,1.795,0.203423,0.380017,0.199423,-0.180594
2026-09-24T22:34:00+00:00,prs,1.748,0.204417,0.333017,0.200417,-0.1326
2026-09-24T22:35:00+00:00,prs,1.798,0.205404,0.383017,0.201404,-0.181613
2026-09-24T22:36:00+00:00,prs,1.754,0.206386,0.339017,0.202386,-0.136631
2026-09-24T22:37:00+00:00,prs,1.77,0.207363,0.355017,0.203363,-0.151654
2026-09-24T22:38:00+00:00,prs,1.806,0.208333,0.391017,0.204333,-0.186684
2026-09-24T22:39:00+00:00,prs,1.767,0.209297,0.352017,0.205298,-0.146719
2026-09-24T22:40:00+00:00,prs,1.819,0.210256,0.404017,0.206256,-0.197761
2026-09-24T22:41:00+00:00,prs,1.7770000000000001,0.211209,0.362017,0.207209,-0.154808
2026-09-24T22:42:00+00:00,prs,1.8010000000000002,0.212155,0.386017,0.208155,-0.177862
2026-09-24T22:43:00+00:00,prs,1.8010000000000002,0.213095,0.386017,0.209096,-0.176921
2026-09-24T22:44:00+00:00,prs,1.788,0.21403,0.373017,0.21003,-0.162987
2026-09-24T22:45:00+00:00,prs,1.8279999999999998,0.214958,0.413017,0.210958,-0.202059
2026-09-24T22:48:00+00:00,prs,1.792,0.217704,0.377017,0.213704,-0.163313
2026-09-24T22:49:00+00:00,prs,1.823,0.218607,0.408017,0.214607,-0.19341
2026-09-24T22:50:00+00:00,prs,1.842,0.219503,0.427017,0.215503,-0.211514
2026-09-24T22:51:00+00:00,prs,1.85,0.220393,0.435017,0.216393,-0.218624
2026-09-24T22:52:00+00:00,prs,1.883,0.221276,0.468017,0.217276,-0.250741
2026-09-24T22:53:00+00:00,prs,1.834,0.222153,0.419017,0.218153,-0.200864
2026-09-24T22:54:00+00:00,prs,1.8559999999999999,0.223023,0.441017,0.219023,-0.221994
2026-09-24T22:55:00+00:00,prs,1.8479999999999999,0.223886,0.433017,0.219886,-0.213131
2026-09-24T22:56:00+00:00,prs,1.873,0.224743,0.458017,0.220743,-0.237274
2026-09-24T22:57:00+00:00,prs,1.847,0.225593,0.432017,0.221593,-0.210424
2026-09-24T22:58:00+00:00,prs,1.8479999999999999,0.226436,0.433017,0.222436,-0.210581
2026-09-24T22:59:00+00:00,prs,1.8439999999999999,0.227272,0.429017,0.223272,-0.205745
2026-09-24T23:00:00+00:00,prs,1.871,0.228101,0.456017,0.224101,-0.231916
2026-09-24T23:01:00+00:00,prs,1.833,0.228923,0.418017,0.224923,-0.193094
2026-09-24T23:03:00+00:00,prs,1.8050000000000002,0.230546,0.390017,0.226546,-0.163471
2026-09-24T23:04:00+00:00,prs,1.863,0.231347,0.448017,0.227347,-0.22067
2026-09-24T23:05:00+00:00,prs,1.843,0.232141,0.428017,0.228141,-0.199876
2026-09-24T23:06:00+00:00,prs,1.807,0.232928,0.392017,0.228928,-0.163089
2026-09-24T23:07:00+00:00,prs,1.843,0.233707,0.428017,0.229708,-0.19831
2026-09-24T23:08:00+00:00,prs,1.8399999999999999,0.23448,0.425017,0.23048,-0.194537
2026-09-24T23:09:00+00:00,prs,1.87,0.235245,0.455017,0.231245,-0.223772
2026-09-24T23:10:00+00:00,prs,1.775,0.236002,0.360017,0.232002,-0.128015
2026-09-24T23:11:00+00:00,prs,1.8159999999999998,0.236752,0.401017,0.232752,-0.168265
2026-09-24T23:12:00+00:00,prs,1.772,0.237495,0.357017,0.233495,-0.123522
2026-09-24T23:13:00+00:00,prs,1.812,0.23823,0.397017,0.23423,-0.162787
2026-09-24T23:14:00+00:00,prs,1.812,0.238958,0.397017,0.234958,-0.162059
2026-09-24T23:15:00+00:00,prs,1.845,0.239678,0.430017,0.235678,-0.194339
2026-09-24T23:16:00+00:00,prs,1.8559999999999999,0.24039,0.441017,0.23639,-0.204627
2026-09-24T23:17:00+00:00,prs,1.8820000000000001,0.241095,0.467017,0.237095,-0.229922
2026-09-24T23:18:00+00:00,prs,1.8359999999999999,0.241792,0.421017,0.237792,-0.183225
2026-09-24T23:19:00+00:00,prs,1.842,0.242482,0.427017,0.238482,-0.188535
2026-09-24T23:20:00+00:00,prs,1.831,0.243163,0.416017,0.239163,-0.176854
2026-09-24T23:21:00+00:00,prs,1.855,0.243837,0.440017,0.239837,-0.20018
2026-09-24T23:22:00+00:00,prs,1.8199999999999998,0.244503,0.405017,0.240503,-0.164514
2026-09-24T23:23:00+00:00,prs,1.8439999999999999,0.245161,0.429017,0.241161,-0.187856
2026-09-24T23:24:00+00:00,prs,1.8519999999999999,0.245812,0.437017,0.241812,-0.195205
2026-09-24T23:25:00+00:00,prs,1.847,0.246454,0.432017,0.242454,-0.189563
2026-09-24T23:26:00+00:00,prs,1.8679999999999999,0.247088,0.453017,0.243088,-0.209929
2026-09-24T23:27:00+00:00,prs,1.838,0.247715,0.423017,0.243715,-0.179302
2026-09-24T23:28:00+00:00,prs,1.825,0.248333,0.410017,0.244333,-0.165684
2026-09-24T23:29:00+00:00,prs,1.8359999999999999,0.248943,0.421017,0.244943,-0.176074
2026-09-24T23:30:00+00:00,prs,1.847,0.249545,0.432017,0.245545,-0.186472
2026-09-24T23:31:00+00:00,prs,1.899,0.250139,0.484017,0.246139,-0.237878
2026-09-24T23:32:00+00:00,prs,1.843,0.250724,0.428017,0.246724,-0.181293
2026-09-24T23:33:00+00:00,prs,1.845,0.251302,0.430017,0.247302,-0.182715
2026-09-24T23:34:00+00:00,prs,1.866,0.251871,0.451017,0.247871,-0.203146
2026-09-24T23:35:00+00:00,prs,1.835,0.252432,0.420017,0.248432,-0.171585
2026-09-24T23:36:00+00:00,prs,1.851,0.252984,0.436017,0.248985,-0.187033
2026-09-24T23:37:00+00:00,prs,1.889,0.253529,0.474017,0.249529,-0.224488
2026-09-24T23:38:00+00:00,prs,1.8719999999999999,0.254064,0.457017,0.250065,-0.206953
2026-09-24T23:39:00+00:00,prs,1.833,0.254592,0.418017,0.250592,-0.167425
2026-09-24T23:40:00+00:00,prs,1.8399999999999999,0.255111,0.425017,0.251111,-0.173906
2026-09-24T23:41:00+00:00,prs,1.865,0.255621,0.450017,0.251621,-0.198396
2026-09-24T23:42:00+00:00,prs,1.823,0.256123,0.408017,0.252123,-0.155894
2026-09-24T23:43:00+00:00,prs,1.862,0.256617,0.447017,0.252617,-0.1944
2026-09-24T23:44:00+00:00,prs,1.879,0.257101,0.464017,0.253102,-0.210916
2026-09-24T23:45:00+00:00,prs,1.8860000000000001,0.257578,0.471017,0.253578,-0.217439
2026-09-24T23:46:00+00:00,prs,1.877,0.258045,0.462017,0.254045,-0.207972
2026-09-24T23:47:00+00:00,prs,1.8719999999999999,0.258504,0.457017,0.254504,-0.202513
2026-09-24T23:48:00+00:00,prs,1.908,0.258955,0.493017,0.254955,-0.238062
2026-09-24T23:49:00+00:00,prs,1.924,0.259396,0.509017,0.255396,-0.253621
2026-09-24T23:50:00+00:00,prs,1.834,0.259829,0.419017,0.255829,-0.163188
2026-09-24T23:51:00+00:00,prs,1.8439999999999999,0.260253,0.429017,0.256253,-0.172764
2026-09-24T23:52:00+00:00,prs,1.854,0.260669,0.439017,0.256669,-0.182348
2026-09-24T23:53:00+00:00,prs,1.849,0.261075,0.434017,0.257075,-0.176942
2026-09-24T23:54:00+00:00,prs,1.846,0.261473,0.431017,0.257473,-0.173544
2026-09-24T23:55:00+00:00,prs,1.8679999999999999,0.261862,0.453017,0.257862,-0.195155
2026-09-24T23:56:00+00:00,prs,1.843,0.262242,0.428017,0.258242,-0.169775
2026-09-24T23:57:00+00:00,prs,1.866,0.262613,0.451017,0.258613,-0.192404
2026-09-24T23:58:00+00:00,prs,1.831,0.262975,0.416017,0.258975,-0.157042
2026-09-24T23:59:00+00:00,prs,1.834,0.263328,0.419017,0.259328,-0.159689
2026-09-25T00:00:00+00:00,prs,1.8439999999999999,0.263673,0.429017,0.259673,-0.169344
2026-09-25T00:01:00+00:00,prs,1.88,0.264008,0.465017,0.260008,-0.205009
2026-09-25T00:02:00+00:00,prs,1.87,0.264334,0.455017,0.260334,-0.194683
2026-09-25T00:03:00+00:00,prs,1.887,0.264651,0.472017,0.260652,-0.211366
2026-09-25T00:04:00+00:00,prs,1.892,0.26496,0.477017,0.26096,-0.216057
2026-09-25T00:05:00+00:00,prs,1.863,0.265259,0.448017,0.261259,-0.186758
2026-09-25T00:06:00+00:00,prs,1.8439999999999999,0.265549,0.429017,0.261549,-0.167468
2026-09-25T00:07:00+00:00,prs,1.854,0.26583,0.439017,0.26183,-0.177187
2026-09-25T00:08:00+00:00,prs,1.863,0.266102,0.448017,0.262102,-0.185915
2026-09-25T00:09:00+00:00,prs,1.8780000000000001,0.266365,0.463017,0.262365,-0.200652
2026-09-25T00:10:00+00:00,prs,1.7770000000000001,0.266618,0.362017,0.262618,-0.099399
2026-09-25T00:11:00+00:00,prs,1.79,0.266863,0.375017,0.262863,-0.112154
2026-09-25T00:12:00+00:00,prs,1.8279999999999998,0.267098,0.413017,0.263098,-0.149919
2026-09-25T00:13:00+00:00,prs,1.843,0.267324,0.428017,0.263324,-0.164693
2026-09-25T00:14:00+00:00,prs,1.8,0.267541,0.385017,0.263541,-0.121476
2026-09-25T00:15:00+00:00,prs,1.772,0.267748,0.357017,0.263749,-0.093268
2026-09-25T00:16:00+00:00,prs,1.754,0.267947,0.339017,0.263947,-0.07507
2026-09-25T00:17:00+00:00,prs,1.771,0.268136,0.356017,0.264136,-0.091881
2026-09-25T00:18:00+00:00,prs,1.8399999999999999,0.268316,0.425017,0.264316,-0.160701
2026-09-25T00:19:00+00:00,prs,1.821,0.268487,0.406017,0.264487,-0.14153
2026-09-25T00:20:00+00:00,prs,1.815,0.268648,0.400017,0.264648,-0.135369
2026-09-25T00:21:00+00:00,prs,1.8399999999999999,0.2688,0.425017,0.2648,-0.160217
2026-09-25T00:22:00+00:00,prs,1.8159999999999998,0.268943,0.401017,0.264943,-0.136074
2026-09-25T00:23:00+00:00,prs,1.811,0.269076,0.396017,0.265076,-0.130941
2026-09-25T00:24:00+00:00,prs,1.837,0.2692,0.422017,0.2652,-0.156817
2026-09-25T00:25:00+00:00,prs,1.857,0.269315,0.442017,0.265315,-0.176702
2026-09-25T00:26:00+00:00,prs,1.841,0.26942,0.426017,0.26542,-0.160597
2026-09-25T00:27:00+00:00,prs,1.833,0.269516,0.418017,0.265516,-0.152501
2026-09-25T00:28:00+00:00,prs,1.819,0.269603,0.404017,0.265603,-0.138414
2026-09-25T00:29:00+00:00,prs,1.811,0.26968,0.396017,0.26568,-0.130337
2026-09-25T00:30:00+00:00,prs,1.8319999999999999,0.269748,0.417017,0.265748,-0.151269
2026-09-25T00:31:00+00:00,prs,1.799,0.269807,0.384017,0.265807,-0.11821
2026-09-25T00:32:00+00:00,prs,1.8159999999999998,0.269856,0.401017,0.265856,-0.135161
2026-09-25T00:33:00+00:00,prs,1.779,0.269895,0.364017,0.265895,-0.098122
2026-09-25T00:34:00+00:00,prs,1.79,0.269926,0.375017,0.265926,-0.109091
2026-09-25T00:35:00+00:00,prs,1.803,0.269947,0.388017,0.265947,-0.12207
2026-09-25T00:36:00+00:00,prs,1.791,0.269958,0.376017,0.265958,-0.110059
2026-09-25T00:37:00+00:00,prs,1.791,0.26996,0.376017,0.26596,-0.110057
2026-09-25T00:38:00+00:00,prs,1.7810000000000001,0.269953,0.366017,0.265953,-0.100064
2026-09-25T00:39:00+00:00,prs,1.76,0.269936,0.345017,0.265936,-0.079081
2026-09-25T00:40:00+00:00,prs,1.795,0.26991,0.380017,0.26591,-0.114107
2026-09-25T00:41:00+00:00,prs,1.8010000000000002,0.269875,0.386017,0.265875,-0.120142
2026-09-25T00:42:00+00:00,prs,1.7770000000000001,0.26983,0.362017,0.26583,-0.096187
2026-09-25T00:43:00+00:00,prs,1.796,0.269775,0.381017,0.265775,-0.115242
2026-09-25T00:44:00+00:00,prs,1.766,0.269711,0.351017,0.265711,-0.085306
2026-09-25T00:45:00+00:00,prs,1.79,0.269638,0.375017,0.265638,-0.109379
2026-09-25T00:46:00+00:00,prs,1.784,0.269556,0.369017,0.265556,-0.103461
2026-09-25T00:47:00+00:00,prs,1.799,0.269463,0.384017,0.265464,-0.118554
2026-09-25T00:48:00+00:00,prs,1.754,0.269362,0.339017,0.265362,-0.073655
2026-09-25T00:49:00+00:00,prs,1.788,0.269251,0.373017,0.265251,-0.107766
2026-09-25T00:50:00+00:00,prs,1.774,0.269131,0.359017,0.265131,-0.093886
2026-09-25T00:51:00+00:00,prs,1.772,0.269001,0.357017,0.265001,-0.092016
2026-09-25T00:52:00+00:00,prs,1.767,0.268862,0.352017,0.264862,-0.087155
2026-09-25T00:53:00+00:00,prs,1.778,0.268713,0.363017,0.264713,-0.098304
2026-09-25T00:54:00+00:00,prs,1.78,0.268555,0.365017,0.264556,-0.100462
2026-09-25T00:55:00+00:00,prs,1.81,0.268388,0.395017,0.264388,-0.130629
2026-09-25T00:56:00+00:00,prs,1.758,0.268211,0.343017,0.264212,-0.078805
2026-09-25T00:57:00+00:00,prs,1.792,0.268025,0.377017,0.264026,-0.112992
2026-09-25T00:58:00+00:00,prs,1.792,0.26783,0.377017,0.26383,-0.113187
2026-09-25T00:59:00+00:00,prs,1.76,0.267625,0.345017,0.263625,-0.081392
2026-09-25T01:00:00+00:00,prs,1.778,0.267411,0.363017,0.263411,-0.099606
2026-09-25T01:01:00+00:00,prs,1.7770000000000001,0.267188,0.362017,0.263188,-0.098829
2026-09-25T01:02:00+00:00,prs,1.7570000000000001,0.266955,0.342017,0.262955,-0.079062
2026-09-25T01:03:00+00:00,prs,1.714,0.266713,0.299017,0.262713,-0.036304
2026-09-25T01:04:00+00:00,prs,1.7610000000000001,0.266461,0.346017,0.262461,-0.083556
2026-09-25T01:05:00+00:00,prs,1.7389999999999999,0.266201,0.324017,0.262201,-0.061816
2026-09-25T01:06:00+00:00,prs,1.7469999999999999,0.26593,0.332017,0.261931,-0.070087
2026-09-25T01:07:00+00:00,prs,1.762,0.265651,0.347017,0.261651,-0.085366
2026-09-25T01:08:00+00:00,prs,1.725,0.265363,0.310017,0.261363,-0.048654
2026-09-25T01:09:00+00:00,prs,1.7189999999999999,0.265065,0.304017,0.261065,-0.042952
2026-09-25T01:10:00+00:00,prs,1.73,0.264758,0.315017,0.260758,-0.054259
2026-09-25T01:11:00+00:00,prs,1.752,0.264441,0.337017,0.260441,-0.076576
2026-09-25T01:12:00+00:00,prs,1.738,0.264116,0.323017,0.260116,-0.062901
2026-09-25T01:13:00+00:00,prs,1.7149999999999999,0.263781,0.300017,0.259781,-0.040236
2026-09-25T01:14:00+00:00,prs,1.74,0.263437,0.325017,0.259437,-0.06558
2026-09-25T01:15:00+00:00,prs,1.701,0.263084,0.286017,0.259084,-0.026933
2026-09-25T01:16:00+00:00,prs,1.721,0.262722,0.306017,0.258722,-0.047295
2026-09-25T01:17:00+00:00,prs,1.74,0.26235,0.325017,0.25835,-0.066667
2026-09-25T01:18:00+00:00,prs,1.708,0.26197,0.293017,0.25797,-0.035047
2026-09-25T01:19:00+00:00,prs,1.712,0.26158,0.297017,0.25758,-0.039437
2026-09-25T01:20:00+00:00,prs,1.7069999999999999,0.261181,0.292017,0.257182,-0.034835
2026-09-25T01:21:00+00:00,prs,1.737,0.260774,0.322017,0.256774,-0.065243
2026-09-25T01:22:00+00:00,prs,1.712,0.260357,0.297017,0.256357,-0.04066
2026-09-25T01:23:00+00:00,prs,1.6909999999999998,0.259931,0.276017,0.255931,-0.020086
2026-09-25T01:24:00+00:00,prs,1.6989999999999998,0.259496,0.284017,0.255496,-0.028521
2026-09-25T01:25:00+00:00,prs,1.73,0.259052,0.315017,0.255052,-0.059965
2026-09-25T01:26:00+00:00,prs,1.6909999999999998,0.258599,0.276017,0.2546,-0.021418
2026-09-25T01:27:00+00:00,prs,1.683,0.258138,0.268017,0.254138,-0.013879
2026-09-25T01:28:00+00:00,prs,1.692,0.257667,0.277017,0.253667,-0.02335
2026-09-25T01:29:00+00:00,prs,1.697,0.257187,0.282017,0.253187,-0.02883
2026-09-25T01:30:00+00:00,prs,1.701,0.256699,0.286017,0.252699,-0.033318
2026-09-25T01:31:00+00:00,prs,1.705,0.256201,0.290017,0.252202,-0.037816
2026-09-25T01:32:00+00:00,prs,1.6840000000000002,0.255695,0.269017,0.251695,-0.017322
2026-09-25T01:33:00+00:00,prs,1.679,0.25518,0.264017,0.25118,-0.012837
2026-09-25T01:34:00+00:00,prs,1.671,0.254656,0.256017,0.250656,-0.005361
2026-09-25T01:35:00+00:00,prs,1.673,0.254124,0.258017,0.250124,-0.007893
2026-09-25T01:36:00+00:00,prs,1.6720000000000002,0.253582,0.257017,0.249583,-0.007434
2026-09-25T01:37:00+00:00,prs,1.667,0.253032,0.252017,0.249033,-0.002985
2026-09-25T01:38:00+00:00,prs,1.662,0.252474,0.247017,0.248474,0.001457
2026-09-25T01:39:00+00:00,prs,1.657,0.251906,0.242017,0.247906,0.005889
2026-09-25T01:40:00+00:00,prs,1.687,0.25133,0.272017,0.24733,-0.024687
2026-09-25T01:41:00+00:00,prs,1.681,0.250746,0.266017,0.246746,-0.019271
2026-09-25T01:42:00+00:00,prs,1.65,0.250152,0.235017,0.246153,0.011136
2026-09-25T01:43:00+00:00,prs,1.665,0.249551,0.250017,0.245551,-0.004466
2026-09-25T01:44:00+00:00,prs,1.649,0.24894,0.234017,0.244941,0.010923
2026-09-25T01:45:00+00:00,prs,1.651,0.248322,0.236017,0.244322,0.008305
2026-09-25T01:46:00+00:00,prs,1.658,0.247694,0.243017,0.243695,0.000677
2026-09-25T01:47:00+00:00,prs,1.647,0.247059,0.232017,0.243059,0.011042
2026-09-25T01:48:00+00:00,prs,1.655,0.246415,0.240017,0.242415,0.002398
2026-09-25T01:49:00+00:00,prs,1.651,0.245762,0.236017,0.241762,0.005745
2026-09-25T01:50:00+00:00,prs,1.634,0.245101,0.219017,0.241102,0.022085
2026-09-25T01:51:00+00:00,prs,1.639,0.244432,0.224017,0.240432,0.016415
2026-09-25T01:52:00+00:00,prs,1.633,0.243755,0.218017,0.239755,0.021738
2026-09-25T01:53:00+00:00,prs,1.592,0.243069,0.177017,0.23907,0.062052
2026-09-25T01:54:00+00:00,prs,1.591,0.242376,0.176017,0.238376,0.062359
2026-09-25T01:55:00+00:00,prs,1.6179999999999999,0.241674,0.203017,0.237674,0.034657
2026-09-25T01:56:00+00:00,prs,1.604,0.240963,0.189017,0.236964,0.047946
2026-09-25T01:57:00+00:00,prs,1.6099999999999999,0.240245,0.195017,0.236245,0.041228
2026-09-25T01:58:00+00:00,prs,1.613,0.239519,0.198017,0.235519,0.037502
2026-09-25T01:59:00+00:00,prs,1.643,0.238784,0.228017,0.234785,0.006767
2026-09-25T02:00:00+00:00,prs,1.6280000000000001,0.238042,0.213017,0.234042,0.021025
2026-09-25T02:01:00+00:00,prs,1.629,0.237292,0.214017,0.233292,0.019275
2026-09-25T02:02:00+00:00,prs,1.601,0.236533,0.186017,0.232534,0.046517
2026-09-25T02:03:00+00:00,prs,1.608,0.235767,0.193017,0.231767,0.03875
2026-09-25T02:04:00+00:00,prs,1.6139999999999999,0.234993,0.199017,0.230993,0.031976
2026-09-25T02:05:00+00:00,prs,1.607,0.234211,0.192017,0.230212,0.038194
2026-09-25T02:06:00+00:00,prs,1.593,0.233422,0.178017,0.229422,0.051405
2026-09-25T02:07:00+00:00,prs,1.625,0.232624,0.210017,0.228625,0.018607
2026-09-25T02:08:00+00:00,prs,1.62,0.231819,0.205017,0.227819,0.022802
2026-09-25T02:09:00+00:00,prs,1.621,0.231007,0.206017,0.227007,0.02099
2026-09-25T02:10:00+00:00,prs,1.625,0.230186,0.210017,0.226186,0.016169
2026-09-25T02:11:00+00:00,prs,1.605,0.229358,0.190017,0.225358,0.035341
2026-09-25T02:12:00+00:00,prs,1.6059999999999999,0.228523,0.191017,0.224523,0.033506
2026-09-25T02:13:00+00:00,prs,1.603,0.22768,0.188017,0.22368,0.035663
2026-09-25T02:14:00+00:00,prs,1.616,0.226829,0.201017,0.222829,0.021812
2026-09-25T02:15:00+00:00,prs,1.603,0.225971,0.188017,0.221971,0.033954
2026-09-25T02:16:00+00:00,prs,1.619,0.225106,0.204017,0.221106,0.017089
2026-09-25T02:17:00+00:00,prs,1.573,0.224233,0.158017,0.220233,0.062216
2026-09-25T02:18:00+00:00,prs,1.593,0.223353,0.178017,0.219354,0.041336
2026-09-25T02:19:00+00:00,prs,1.5859999999999999,0.222466,0.171017,0.218466,0.047449
2026-09-25T02:20:00+00:00,prs,1.575,0.221572,0.160017,0.217572,0.057555
2026-09-25T02:21:00+00:00,prs,1.6059999999999999,0.22067,0.191017,0.21667,0.025653
2026-09-25T02:22:00+00:00,prs,1.563,0.219762,0.148017,0.215762,0.067745
2026-09-25T02:23:00+00:00,prs,1.5739999999999998,0.218846,0.159017,0.214846,0.055829
2026-09-25T02:24:00+00:00,prs,1.612,0.217923,0.197017,0.213923,0.016906
2026-09-25T02:25:00+00:00,prs,1.599,0.216993,0.184017,0.212993,0.028976
2026-09-25T02:26:00+00:00,prs,1.55,0.216056,0.135017,0.212057,0.077039
2026-09-25T02:27:00+00:00,prs,1.575,0.215113,0.160017,0.211113,0.051096
2026-09-25T02:28:00+00:00,prs,1.575,0.214162,0.160017,0.210162,0.050145
2026-09-25T02:29:00+00:00,prs,1.553,0.213205,0.138017,0.209205,0.071188
2026-09-25T02:30:00+00:00,prs,1.591,0.212241,0.176017,0.208241,0.032224
2026-09-25T02:31:00+00:00,prs,1.567,0.21127,0.152017,0.20727,0.055253
2026-09-25T02:32:00+00:00,prs,1.538,0.210293,0.123017,0.206293,0.083276
2026-09-25T02:33:00+00:00,prs,1.569,0.209309,0.154017,0.205309,0.051292
2026-09-25T02:34:00+00:00,prs,1.571,0.208318,0.156017,0.204318,0.048301
2026-09-25T02:35:00+00:00,prs,1.5110000000000001,0.207321,0.096017,0.203321,0.107304
2026-09-25T02:36:00+00:00,prs,1.553,0.206317,0.138017,0.202317,0.0643
2026-09-25T02:37:00+00:00,prs,1.55,0.205307,0.135017,0.201307,0.06629
2026-09-25T02:38:00+00:00,prs,1.5110000000000001,0.204291,0.096017,0.200291,0.104274
2026-09-25T02:39:00+00:00,prs,1.5590000000000002,0.203268,0.144017,0.199268,0.055251
2026-09-25T02:40:00+00:00,prs,1.528,0.202239,0.113017,0.198239,0.085222
2026-09-25T02:41:00+00:00,prs,1.505,0.201203,0.090017,0.197203,0.107186
2026-09-25T02:42:00+00:00,prs,1.4969999999999999,0.200162,0.082017,0.196162,0.114145
2026-09-25T02:43:00+00:00,prs,1.536,0.199114,0.121017,0.195114,0.074097
2026-09-25T02:44:00+00:00,prs,1.548,0.198061,0.133017,0.194061,0.061044
2026-09-25T02:45:00+00:00,prs,1.554,0.197001,0.139017,0.193001,0.053984
2026-09-25T02:46:00+00:00,prs,1.537,0.195935,0.122017,0.191935,0.069918
2026-09-25T02:47:00+00:00,prs,1.533,0.194863,0.118017,0.190864,0.072846
2026-09-25T02:48:00+00:00,prs,1.504,0.193786,0.089017,0.189786,0.100769
2026-09-25T02:49:00+00:00,prs,1.4889999999999999,0.192703,0.074017,0.188703,0.114686
2026-09-25T02:50:00+00:00,prs,1.521,0.191614,0.106017,0.187614,0.081597
2026-09-25T02:51:00+00:00,prs,1.501,0.190519,0.086017,0.186519,0.100502
2026-09-25T02:52:00+00:00,prs,1.5,0.189418,0.085017,0.185418,0.100401
2026-09-25T02:53:00+00:00,prs,1.498,0.188312,0.083017,0.184312,0.101295
2026-09-25T02:54:00+00:00,prs,1.498,0.187201,0.083017,0.183201,0.100184
2026-09-25T02:55:00+00:00,prs,1.5030000000000001,0.186083,0.088017,0.182084,0.094066
2026-09-25T02:56:00+00:00,prs,1.465,0.184961,0.050017,0.180961,0.130944
2026-09-25T02:57:00+00:00,prs,1.461,0.183833,0.046017,0.179833,0.133816
2026-09-25T02:58:00+00:00,prs,1.484,0.1827,0.069017,0.1787,0.109683
2026-09-25T02:59:00+00:00,prs,1.465,0.181561,0.050017,0.177561,0.127544
2026-09-25T03:00:00+00:00,prs,1.447,0.180417,0.032017,0.176417,0.1444
2026-09-25T03:01:00+00:00,prs,1.47,0.179268,0.055017,0.175268,0.120251
2026-09-25T03:02:00+00:00,prs,1.465,0.178114,0.050017,0.174114,0.124097
2026-09-25T03:03:00+00:00,prs,1.452,0.176955,0.037017,0.172955,0.135938
2026-09-25T03:04:00+00:00,prs,1.45,0.175791,0.035017,0.171791,0.136774
2026-09-25T03:05:00+00:00,prs,1.4689999999999999,0.174621,0.054017,0.170621,0.116604
2026-09-25T03:06:00+00:00,prs,1.449,0.173447,0.034017,0.169447,0.13543
2026-09-25T03:07:00+00:00,prs,1.45,0.172268,0.035017,0.168269,0.133251
2026-09-25T03:08:00+00:00,prs,1.462,0.171085,0.047017,0.167085,0.120068
2026-09-25T03:09:00+00:00,prs,1.461,0.169896,0.046017,0.165896,0.119879
2026-09-25T03:10:00+00:00,prs,1.451,0.168703,0.036017,0.164703,0.128686
2026-09-25T03:11:00+00:00,prs,1.447,0.167506,0.032017,0.163506,0.131489
2026-09-25T03:12:00+00:00,prs,1.462,0.166303,0.047017,0.162303,0.115286
2026-09-25T03:13:00+00:00,prs,1.434,0.165097,0.019017,0.161097,0.14208
2026-09-25T03:14:00+00:00,prs,1.441,0.163885,0.026017,0.159885,0.133868
2026-09-25T03:15:00+00:00,prs,1.454,0.16267,0.039017,0.15867,0.119653
2026-09-25T03:16:00+00:00,prs,1.456,0.16145,0.041017,0.15745,0.116433
2026-09-25T03:17:00+00:00,prs,1.46,0.160226,0.045017,0.156226,0.111209
2026-09-25T03:18:00+00:00,prs,1.431,0.158997,0.016017,0.154997,0.13898
2026-09-25T03:19:00+00:00,prs,1.442,0.157765,0.027017,0.153765,0.126748
2026-09-25T03:20:00+00:00,prs,1.452,0.156528,0.037017,0.152528,0.115511
2026-09-25T03:21:00+00:00,prs,1.448,0.155287,0.033017,0.151288,0.11827
2026-09-25T03:22:00+00:00,prs,1.453,0.154043,0.038017,0.150043,0.112026
2026-09-25T03:23:00+00:00,prs,1.457,0.152794,0.042017,0.148794,0.106777
2026-09-25T03:24:00+00:00,prs,1.461,0.151542,0.046017,0.147542,0.101525
2026-09-25T03:25:00+00:00,prs,1.443,0.150286,0.028017,0.146286,0.118269
2026-09-25T03:26:00+00:00,prs,1.419,0.149026,0.004017,0.145026,0.141009
2026-09-25T03:27:00+00:00,prs,1.433,0.147762,0.018017,0.143762,0.125745
2026-09-25T03:28:00+00:00,prs,1.449,0.146495,0.034017,0.142495,0.108478
2026-09-25T03:29:00+00:00,prs,1.427,0.145224,0.012017,0.141224,0.129207
2026-09-25T03:30:00+00:00,prs,1.441,0.14395,0.026017,0.13995,0.113933
2026-09-25T03:31:00+00:00,prs,1.463,0.142672,0.048017,0.138672,0.090655
2026-09-25T03:32:00+00:00,prs,1.448,0.141391,0.033017,0.137391,0.104374
2026-09-25T03:33:00+00:00,prs,1.476,0.140107,0.061017,0.136107,0.07509
2026-09-25T03:34:00+00:00,prs,1.471,0.138819,0.056017,0.134819,0.078802
2026-09-25T03:35:00+00:00,prs,1.428,0.137528,0.013017,0.133528,0.120511
2026-09-25T03:36:00+00:00,prs,1.444,0.136234,0.029017,0.132234,0.103217
2026-09-25T03:37:00+00:00,prs,1.468,0.134937,0.053017,0.130937,0.07792
2026-09-25T03:38:00+00:00,prs,1.429,0.133637,0.014017,0.129637,0.11562
2026-09-25T03:39:00+00:00,prs,1.461,0.132334,0.046017,0.128334,0.082317
2026-09-25T03:40:00+00:00,prs,1.445,0.131028,0.030017,0.127028,0.097011
2026-09-25T03:41:00+00:00,prs,1.427,0.129719,0.012017,0.125719,0.113702
2026-09-25T03:42:00+00:00,prs,1.416,0.128408,0.001017,0.124408,0.123391
2026-09-25T03:43:00+00:00,prs,1.397,0.127093,-0.017983,0.123093,0.141076
2026-09-25T03:44:00+00:00,prs,1.4060000000000001,0.125776,-0.008983,0.121776,0.130759
2026-09-25T03:45:00+00:00,prs,1.403,0.124457,-0.011983,0.120457,0.13244
2026-09-25T03:46:00+00:00,prs,1.4020000000000001,0.123135,-0.012983,0.119135,0.132118
2026-09-25T03:47:00+00:00,prs,1.387,0.12181,-0.027983,0.117811,0.145793
2026-09-25T03:48:00+00:00,prs,1.385,0.120484,-0.029983,0.116484,0.146467
2026-09-25T03:49:00+00:00,prs,1.391,0.119154,-0.023983,0.115154,0.139137
2026-09-25T03:50:00+00:00,prs,1.407,0.117823,-0.007983,0.113823,0.121806
2026-09-25T03:51:00+00:00,prs,1.405,0.116489,-0.009983,0.112489,0.122472
2026-09-25T03:52:00+00:00,prs,1.401,0.115153,-0.013983,0.111153,0.125136
2026-09-25T03:53:00+00:00,prs,1.3900000000000001,0.113815,-0.024983,0.109816,0.134798
2026-09-25T03:54:00+00:00,prs,1.385,0.112475,-0.029983,0.108476,0.138458
2026-09-25T03:55:00+00:00,prs,1.396,0.111133,-0.018983,0.107134,0.126117
2026-09-25T03:56:00+00:00,prs,1.359,0.10979,-0.055983,0.10579,0.161773
2026-09-25T03:57:00+00:00,prs,1.374,0.108444,-0.040983,0.104444,0.145427
2026-09-25T03:58:00+00:00,prs,1.431,0.107096,0.016017,0.103097,0.087079
2026-09-25T03:59:00+00:00,prs,1.397,0.105747,-0.017983,0.101747,0.11973
2026-09-25T04:00:00+00:00,prs,1.405,0.104396,-0.009983,0.100396,0.110379
2026-09-25T04:01:00+00:00,prs,1.374,0.103044,-0.040983,0.099044,0.140027
2026-09-25T04:02:00+00:00,prs,1.385,0.10169,-0.029983,0.09769,0.127673
2026-09-25T04:03:00+00:00,prs,1.38,0.100334,-0.034983,0.096335,0.131318
2026-09-25T04:04:00+00:00,prs,1.4020000000000001,0.098978,-0.012983,0.094978,0.107961
2026-09-25T04:05:00+00:00,prs,1.374,0.097619,-0.040983,0.093619,0.134602
2026-09-25T04:06:00+00:00,prs,1.353,0.09626,-0.061983,0.09226,0.154243
2026-09-25T04:07:00+00:00,prs,1.37,0.094899,-0.044983,0.090899,0.135882
2026-09-25T04:08:00+00:00,prs,1.363,0.093537,-0.051983,0.089537,0.14152
2026-09-25T04:09:00+00:00,prs,1.34,0.092174,-0.074983,0.088174,0.163157
2026-09-25T04:10:00+00:00,prs,1.367,0.09081,-0.047983,0.08681,0.134793
2026-09-25T04:11:00+00:00,prs,1.361,0.089445,-0.053983,0.085445,0.139428
2026-09-25T04:12:00+00:00,prs,1.3599999999999999,0.088079,-0.054983,0.084079,0.139062
2026-09-25T04:13:00+00:00,prs,1.366,0.086712,-0.048983,0.082712,0.131695
2026-09-25T04:14:00+00:00,prs,1.346,0.085345,-0.068983,0.081345,0.150328
2026-09-25T04:15:00+00:00,prs,1.343,0.083976,-0.071983,0.079976,0.151959
2026-09-25T04:16:00+00:00,prs,1.333,0.082607,-0.081983,0.078607,0.16059
2026-09-25T04:17:00+00:00,prs,1.355,0.081238,-0.059983,0.077238,0.137221
2026-09-25T04:18:00+00:00,prs,1.3439999999999999,0.079868,-0.070983,0.075868,0.146851
2026-09-25T04:19:00+00:00,prs,1.337,0.078497,-0.077983,0.074497,0.15248
2026-09-25T04:20:00+00:00,prs,1.329,0.077126,-0.085983,0.073126,0.159109
2026-09-25T04:21:00+00:00,prs,1.37,0.075754,-0.044983,0.071754,0.116737
2026-09-25T04:22:00+00:00,prs,1.359,0.074383,-0.055983,0.070383,0.126366
2026-09-25T04:23:00+00:00,prs,1.385,0.073011,-0.029983,0.069011,0.098994
2026-09-25T04:24:00+00:00,prs,1.375,0.071638,-0.039983,0.067639,0.107621
2026-09-25T04:25:00+00:00,prs,1.421,0.070266,0.006017,0.066266,0.060249
2026-09-25T04:26:00+00:00,prs,1.371,0.068894,-0.043983,0.064894,0.108877
2026-09-25T04:27:00+00:00,prs,1.365,0.067521,-0.049983,0.063522,0.113504
2026-09-25T04:28:00+00:00,prs,1.339,0.066149,-0.075983,0.062149,0.138132
2026-09-25T04:29:00+00:00,prs,1.373,0.064777,-0.041983,0.060777,0.10276
2026-09-25T04:30:00+00:00,prs,1.3599999999999999,0.063405,-0.054983,0.059405,0.114388
2026-09-25T04:31:00+00:00,prs,1.366,0.062033,-0.048983,0.058033,0.107016
2026-09-25T04:32:00+00:00,prs,1.3559999999999999,0.060662,-0.058983,0.056662,0.115645
2026-09-25T04:33:00+00:00,prs,1.376,0.059291,-0.038983,0.055291,0.094274
2026-09-25T04:34:00+00:00,prs,1.331,0.05792,-0.083983,0.05392,0.137903
2026-09-25T04:35:00+00:00,prs,1.319,0.05655,-0.095983,0.05255,0.148533
2026-09-25T04:36:00+00:00,prs,1.371,0.05518,-0.043983,0.05118,0.095163
2026-09-25T04:37:00+00:00,prs,1.301,0.053811,-0.113983,0.049811,0.163794
2026-09-25T04:38:00+00:00,prs,1.339,0.052443,-0.075983,0.048443,0.124426
2026-09-25T04:39:00+00:00,prs,1.314,0.051075,-0.100983,0.047075,0.148058
2026-09-25T04:40:00+00:00,prs,1.317,0.049708,-0.097983,0.045708,0.143691
2026-09-25T04:41:00+00:00,prs,1.351,0.048342,-0.063983,0.044342,0.108325
2026-09-25T04:42:00+00:00,prs,1.298,0.046977,-0.116983,0.042977,0.15996
2026-09-25T04:43:00+00:00,prs,1.29,0.045613,-0.124983,0.041613,0.166596
2026-09-25T04:44:00+00:00,prs,1.311,0.044249,-0.103983,0.040249,0.144232
2026-09-25T04:45:00+00:00,prs,1.298,0.042887,-0.116983,0.038887,0.15587
2026-09-25T04:46:00+00:00,prs,1.293,0.041526,-0.121983,0.037526,0.159509
2026-09-25T04:47:00+00:00,prs,1.328,0.040166,-0.086983,0.036166,0.123149
2026-09-25T04:48:00+00:00,prs,1.303,0.038808,-0.111983,0.034808,0.146791
2026-09-25T04:49:00+00:00,prs,1.327,0.037451,-0.087983,0.033451,0.121434
2026-09-25T04:50:00+00:00,prs,1.322,0.036095,-0.092983,0.032095,0.125078
2026-09-25T04:51:00+00:00,prs,1.327,0.03474,-0.087983,0.03074,0.118723
2026-09-25T04:52:00+00:00,prs,1.27,0.033387,-0.144983,0.029387,0.17437
2026-09-25T04:53:00+00:00,prs,1.329,0.032036,-0.085983,0.028036,0.114019
2026-09-25T04:54:00+00:00,prs,1.322,0.030686,-0.092983,0.026686,0.119669
2026-09-25T04:55:00+00:00,prs,1.279,0.029337,-0.135983,0.025338,0.16132
2026-09-25T04:56:00+00:00,prs,1.295,0.027991,-0.119983,0.023991,0.143974
2026-09-25T04:57:00+00:00,prs,1.329,0.026646,-0.085983,0.022646,0.108629
2026-09-25T04:58:00+00:00,prs,1.316,0.025303,-0.098983,0.021303,0.120286
2026-09-25T04:59:00+00:00,prs,1.292,0.023962,-0.122983,0.019962,0.142945
2026-09-25T05:00:00+00:00,prs,1.263,0.022623,-0.151983,0.018623,0.170606
2026-09-25T05:01:00+00:00,prs,1.319,0.021286,-0.095983,0.017286,0.113269
2026-09-25T05:02:00+00:00,prs,1.295,0.01995,-0.119983,0.01595,0.135933
2026-09-25T05:03:00+00:00,prs,1.289,0.018617,-0.125983,0.014617,0.1406
2026-09-25T05:04:00+00:00,prs,1.304,0.017286,-0.110983,0.013286,0.124269
2026-09-25T05:05:00+00:00,prs,1.2650000000000001,0.015958,-0.149983,0.011958,0.161941
2026-09-25T05:06:00+00:00,prs,1.295,0.014631,-0.119983,0.010631,0.130614
2026-09-25T05:07:00+00:00,prs,1.245,0.013307,-0.169983,0.009307,0.17929
2026-09-25T05:08:00+00:00,prs,1.301,0.011985,-0.113983,0.007985,0.121968
2026-09-25T05:09:00+00:00,prs,1.306,0.010666,-0.108983,0.006666,0.115649
2026-09-25T05:10:00+00:00,prs,1.299,0.009349,-0.115983,0.005349,0.121332
2026-09-25T05:11:00+00:00,prs,1.288,0.008034,-0.126983,0.004034,0.131017
2026-09-25T05:12:00+00:00,prs,1.284,0.006722,-0.130983,0.002722,0.133705
2026-09-25T05:13:00+00:00,prs,1.296,0.005413,-0.118983,0.001413,0.120396
2026-09-25T05:14:00+00:00,prs,1.3,0.004107,-0.114983,0.000107,0.11509
2026-09-25T05:15:00+00:00,prs,1.272,0.002803,-0.142983,-0.001197,0.141786
2026-09-25T05:16:00+00:00,prs,1.304,0.001502,-0.110983,-0.002498,0.108485
2026-09-25T05:17:00+00:00,prs,1.274,0.000204,-0.140983,-0.003796,0.137187
2026-09-25T05:18:00+00:00,prs,1.31,-0.001092,-0.104983,-0.005092,0.099891
2026-09-25T05:19:00+00:00,prs,1.28,-0.002384,-0.134983,-0.006384,0.128599
2026-09-25T05:20:00+00:00,prs,1.301,-0.003674,-0.113983,-0.007673,0.106309
2026-09-25T05:21:00+00:00,prs,1.319,-0.00496,-0.095983,-0.00896,0.087023
2026-09-25T05:22:00+00:00,prs,1.287,-0.006243,-0.127983,-0.010243,0.11774
2026-09-25T05:23:00+00:00,prs,1.314,-0.007523,-0.100983,-0.011523,0.08946
2026-09-25T05:24:00+00:00,prs,1.3,-0.0088,-0.114983,-0.0128,0.102183
2026-09-25T05:25:00+00:00,prs,1.319,-0.010074,-0.095983,-0.014074,0.081909
2026-09-25T05:26:00+00:00,prs,1.29,-0.011344,-0.124983,-0.015344,0.109639
2026-09-25T05:27:00+00:00,prs,1.305,-0.012612,-0.109983,-0.016611,0.093371
2026-09-25T05:28:00+00:00,prs,1.285,-0.013875,-0.129983,-0.017875,0.112108
2026-09-25T05:29:00+00:00,prs,1.2730000000000001,-0.015136,-0.141983,-0.019135,0.122847
2026-09-25T05:30:00+00:00,prs,1.262,-0.016392,-0.152983,-0.020392,0.132591
2026-09-25T05:31:00+00:00,prs,1.251,-0.017646,-0.163983,-0.021646,0.142337
2026-09-25T05:32:00+00:00,prs,1.279,-0.018895,-0.135983,-0.022895,0.113088
2026-09-25T05:33:00+00:00,prs,1.279,-0.020141,-0.135983,-0.024141,0.111842
2026-09-25T05:34:00+00:00,prs,1.26,-0.021384,-0.154983,-0.025384,0.129599
2026-09-25T05:35:00+00:00,prs,1.291,-0.022622,-0.123983,-0.026622,0.097361
2026-09-25T05:36:00+00:00,prs,1.241,-0.023857,-0.173983,-0.027857,0.146126
2026-09-25T05:37:00+00:00,prs,1.3,-0.025089,-0.114983,-0.029088,0.085894
2026-09-25T05:38:00+00:00,prs,1.258,-0.026316,-0.156983,-0.030316,0.126667
2026-09-25T05:39:00+00:00,prs,1.282,-0.027539,-0.132983,-0.031539,0.101444
2026-09-25T05:40:00+00:00,prs,1.288,-0.028759,-0.126983,-0.032759,0.094224
2026-09-25T05:41:00+00:00,prs,1.267,-0.029974,-0.147983,-0.033974,0.114009
2026-09-25T05:42:00+00:00,prs,1.282,-0.031186,-0.132983,-0.035185,0.097797
2026-09-25T05:43:00+00:00,prs,1.287,-0.032393,-0.127983,-0.036393,0.09159
2026-09-25T05:44:00+00:00,prs,1.233,-0.033596,-0.181983,-0.037596,0.144387
2026-09-25T05:45:00+00:00,prs,1.2349999999999999,-0.034795,-0.179983,-0.038795,0.141188
2026-09-25T05:46:00+00:00,prs,1.288,-0.03599,-0.126983,-0.03999,0.086993
2026-09-25T05:47:00+00:00,prs,1.274,-0.037181,-0.140983,-0.041181,0.099802
2026-09-25T05:48:00+00:00,prs,1.272,-0.038367,-0.142983,-0.042367,0.100616
2026-09-25T05:49:00+00:00,prs,1.242,-0.039549,-0.172983,-0.043549,0.129434
2026-09-25T05:50:00+00:00,prs,1.299,-0.040727,-0.115983,-0.044727,0.071256
2026-09-25T05:51:00+00:00,prs,1.28,-0.0419,-0.134983,-0.0459,0.089083
2026-09-25T05:52:00+00:00,prs,1.274,-0.043069,-0.140983,-0.047069,0.093914
2026-09-25T05:53:00+00:00,prs,1.2570000000000001,-0.044233,-0.157983,-0.048233,0.10975
2026-09-25T05:54:00+00:00,prs,1.284,-0.045393,-0.130983,-0.049393,0.08159
2026-09-25T05:55:00+00:00,prs,1.292,-0.046548,-0.122983,-0.050548,0.072435
2026-09-25T05:56:00+00:00,prs,1.292,-0.047698,-0.122983,-0.051698,0.071285
2026-09-25T05:57:00+00:00,prs,1.284,-0.048844,-0.130983,-0.052844,0.078139
2026-09-25T05:58:00+00:00,prs,1.271,-0.049985,-0.143983,-0.053985,0.089998
2026-09-25T05:59:00+00:00,prs,1.285,-0.051122,-0.129983,-0.055122,0.074861
2026-09-25T06:00:00+00:00,prs,1.272,-0.052254,-0.142983,-0.056254,0.086729
